,job_title_en,date,salary,location,company
0,Business Analyst,2026-01-03,25.0,Hà Nội,CÔNG TY MISA
1,Other expertise,2026-02-28,27.0,Hà Nội,TỔNG CÔNG TY CÔNG NGHỆ & GIẢI PHÁP CMC
2,Software Engineer,2026-01-16,60.0,Hồ Chí Minh,PHẦN MỀM ALLIANCE
3,Business Analyst,2026-01-15,32.44444444444444,Hà Nội,NGÂN HÀNG TMCP HÀNG HẢI VIỆT NAM (MSB)
4,Software business,2026-01-15,20.0,Hồ Chí Minh,VIETTEL THÀNH PHỐ HỒ CHÍ MINH CHI NHÁNH TẬP ĐOÀN CÔNG NGHIỆP VIỄN THÔNG QUÂN ĐỘI
5,UI/UX Design,2025-12-31,50.0,Hà Nội,VUIHOC.VN
6,Graphic design,2026-01-16,20.0,Hồ Chí Minh,PLM VIỆT NAM
7,Business Analyst,2026-01-16,32.44444444444444,Hà Nội,CÔNG TY TẬP ĐOÀN MASTERISE
8,Software Engineer,2026-01-09,45.0,Hà Nội,CÔNG TY SMARTOSC
9,IT technical sales,2026-01-31,23.33984375,Hồ Chí Minh & 2 nơi khác,CÔNG TY CÔNG NGHỆ DTG
10,Game Design,2026-01-04,6.0,Hà Nội,CÔNG TY FALCON TECHNOLOGY
11,Game Developer,2026-01-04,12.0,Hà Nội,CÔNG TY FALCON TECHNOLOGY
12,Data Analyst,2026-01-03,30.0,Hà Nội,CÔNG TY HỆ THỐNG CÔNG NGHỆ ETC
13,Software Tester,2026-01-04,27.25,Hà Nội,KOH YOUNG TECHNOLOGY INC. VIETNAM
14,Mobile Developer,2026-01-10,25.0,Hà Nội,CÔNG TY ĐẦU TƯ AHV HOLDING
15,Software Engineer,2026-01-02,25.0,Hồ Chí Minh,CÔNG NGHỆ PHẦN MỀM NASANI
16,Software Engineer,2026-01-03,36.42857142857143,Hồ Chí Minh,TÀI NGUYÊN CHC VIỆT NAM CHI NHÁNH BÀ RỊA VŨNG TÀU
17,Graphic design,2026-01-03,13.375,Hồ Chí Minh,LUSINE
18,Sales Admin/Sales Support/Sales Associate,2026-01-31,20.0,Hồ Chí Minh,MGS AUTO SÀI GÒN
19,Machine programming engineer,2026-01-02,30.0,Hà Nội,OHARA PLASTICS VIỆT NAM
20,Software business,2026-01-10,30.0,Khánh Hòa,CÔNG NGHỆ EZCLOUD TOÀN CẦU
21,Software Engineer,2026-01-18,30.0,Hà Nội,USOL VIỆT NAM
22,Technical sales of Electrical/Electronics/Telecommunications,2026-01-10,24.977649769585252,Hà Nội,CÔNG TY ĐẦU TƯ HCOM
23,Business Analyst,2026-01-05,25.0,Hà Nội,CÔNG TY MISA
24,Graphic design,2026-01-14,20.0,Hồ Chí Minh,PLM VIỆT NAM
25,IT Helpdesk/IT support,2026-01-05,12.0,Đà Nẵng,CHI NHÁNH KDDI VIỆT NAM TẠI THÀNH PHỐ HỒ CHÍ MINH
26,Graphic design,2026-01-16,13.375,Hồ Chí Minh,GARMENT MISSY & CY
27,Other Information Technology expertise,2026-01-07,10.0,Hồ Chí Minh,CÔNG NGHỆ PHẦN MỀM NASANI
28,AI Engineer,2026-01-04,18.997692307692308,Hồ Chí Minh,SHINNICHIRO VIỆT NAM
29,Fullstack Developer,2025-12-31,45.0,Hồ Chí Minh,CÔNG TY TÀI NGUYÊN TRI THỨC VIỆT NĂNG
30,Other Information Technology expertise,2026-01-31,12.333333333333334,Hồ Chí Minh,FPT SOFTWARE
31,Game Tester,2026-01-10,13.0,Hà Nội,JOYBIT
32,Business Analyst,2026-01-07,25.299999999999997,Hà Nội,NTT DATA VIỆT NAM
33,Other Information Technology expertise,2026-01-04,25.0,Cần Thơ,CÔNG NGHỆ PHẦN MỀM NASANI
34,Network Engineer,2026-01-31,40.0,Hà Nội,CÔNG TY HỆ THỐNG CÔNG NGHỆ ETC
35,Backend Developer,2026-01-08,23.96666666666667,Hồ Chí Minh,CÔNG TY CÔNG NGHỆ DCORP
36,Data Analyst,2026-01-31,25.299999999999997,Hà Nội,SVTECH
37,System Engineer,2026-01-31,40.0,Hà Nội,CÔNG TY HỆ THỐNG CÔNG NGHỆ ETC
38,Software Engineer,2026-02-28,36.42857142857143,Hồ Chí Minh,HCL VIETNAM
39,Mobile Developer,2026-01-15,35.0,Hồ Chí Minh,CÔNG TY CÔNG NGHỆ AI XTECH
40,Software Tester,2026-01-15,25.0,Hà Nội,CÔNG TY THƯƠNG MẠI ĐIỆN TỬ BẢO KIM
41,Software Engineer,2026-01-18,35.0,Hồ Chí Minh,BPO INFINITY INNOVATIONS GROUP
42,IT Helpdesk/IT support,2026-01-16,12.0,Hồ Chí Minh,NASHTECH
44,Manual Tester,2025-12-25,23.5,Hà Nội,CÔNG NGHỆ VÀ TRUYỀN THÔNG VNDITECH
45,UI/UX Design,2026-01-14,16.0,Hà Nội,CÔNG TY PHẦN MỀM TERRABYTE
46,Digital Marketing,2026-01-11,25.0,Hà Nội,CÔNG TY ĐẦU TƯ CÔNG NGHỆ TRIP
47,Backend Developer,2026-01-18,31.470588235294116,Hà Nội,MICROTEC VIỆT NAM
48,Software Engineer,2026-02-28,36.42857142857143,Hồ Chí Minh,CÔNG NGHỆ SHIP VIỆT NAM
49,Mobile Developer,2026-01-31,30.0,Hà Nội,CÔNG TY PHẦN MỀM MATECHMOBILE
50,Graphic design,2026-01-17,15.0,Hồ Chí Minh,ONEONE MEDIA
51,Backend Developer,2026-01-08,31.470588235294116,Hà Nội,LG CNS VIỆT NAM
52,Fullstack Developer,2026-01-08,30.0,Hà Nội,CÔNG TY MISA
53,Business Analyst,2025-12-24,32.44444444444444,Hà Nội,NGÂN HÀNG TMCP HÀNG HẢI VIỆT NAM (MSB)
69,IT Helpdesk/IT support,2026-01-10,18.0,Đồng Nai,CHI NHÁNH KDDI VIỆT NAM TẠI THÀNH PHỐ HỒ CHÍ MINH
70,Risk management,2026-01-04,24.977649769585252,Hà Nội,NGÂN HÀNG TMCP AN BÌNH
71,Game Design,2026-01-01,20.0,Hồ Chí Minh,NAVER VIỆT NAM
72,Product Owner/Product Manager,2026-01-01,27.0,Hồ Chí Minh,NAVER VIỆT NAM
73,DevOps Engineer,2025-12-23,30.0,Hà Nội,CÔNG TY DỮ LIỆU TOÀN CẦU
74,IoT engineer,2025-12-31,18.0,Đồng Nai,VOPAK VIỆT NAM
75,Graphic design,2025-12-31,20.0,Tây Ninh,CTY DING DA
76,Informatics Teacher,2026-01-16,18.997692307692308,Hồ Chí Minh,WALL STREET ENGLISH
77,Quality control,2025-12-22,15.0,Hải Phòng,VINA FOAM VIỆT NAM
78,Graphic design,2026-01-01,20.0,Hà Nội,NONGSHIM VIỆT NAM
79,DevOps Engineer,2026-01-07,32.833333333333336,Hà Nội,PLAYSTUDIOS VIỆT NAM
80,Bridging engineer BrSE,2026-01-11,18.997692307692308,Hồ Chí Minh,CHI NHÁNH TẠI THÀNH PHỐ HÀ NỘI – REERACOEN VIỆT NAM
81,UI/UX Design,2026-01-11,15.0,Hà Nội,CÔNG TY ĐẦU TƯ AHV HOLDING
82,Data Analyst,2026-01-18,18.0,Hà Nội,CÔNG TY PHỤ TÙNG MCT PHÚC LONG
83,Data Analyst,2026-01-17,30.555555555555557,Hà Nội,OPENCOMMERCE GROUP
84,UI/UX Design,2026-01-17,28.0,Hà Nội,UNSTATIC
85,STEAM/STEM teacher,2026-01-15,15.0,Hà Nội,CÔNG TY CÔNG NGHỆ & SÁNG TẠO TRẺ TEKY HOLDINGS
86,Mobile Developer,2026-01-14,45.0,Hà Nội,CÔNG TY KINH DOANH CÔNG NGHỆ OPEN TECHIZ
87,Software Tester,2026-01-14,35.0,Hà Nội,CÔNG TY TẬP ĐOÀN THIÊN KHÔI
88,Data Analyst,2026-01-17,25.0,Hà Nội,CÔNG TY PHÁT TRIỂN HI TECH VIỆT NAM
89,Manual Tester,2026-01-16,15.0,Hà Nội,CÔNG TY GIẢI PHÁP CÔNG NGHỆ FANXIPAN VIỆT NAM
90,Technical sales of Electrical/Electronics/Telecommunications,2026-01-14,40.0,Hà Nội,SHOPDUNK CÔNG TY HESMAN
91,IT technical sales,2026-01-15,12.0,Hồ Chí Minh,CÔNG NGHỆ MẠNG VÀ TRUYỀN THÔNG SÀI GÒN
92,Data Engineer,2026-01-17,50.0,Hồ Chí Minh,TM ACS VIỆT NAM
93,UI/UX Design,2026-02-28,38.291666666666664,Hà Nội,CÔNG TY OHZE
96,Graphic design,2026-01-15,20.0,Hà Nội,MASUTO VIỆT NAM
97,IT Security Specialist,2026-01-17,80.0,Hà Nội,VIETTEL IDC
98,Backend Developer,2026-01-14,45.0,Hà Nội,CÔNG TY KINH DOANH CÔNG NGHỆ OPEN TECHIZ
99,Embedded Engineer/Embedded Programmer,2026-01-14,18.997692307692308,Hồ Chí Minh,CÔNG TY BẢN VIÊN
100,Technical Leader,2026-01-31,67.5,Hà Nội,CÔNG TY CONSORTIO VIỆT NAM
101,IoT engineer,2026-01-31,30.0,Hồ Chí Minh,AS SOLUTIONS
102,Graphic design,2026-01-07,14.0,Hà Nội,CÔNG TY PHÂN PHỐI VÀ BÁN LẺ BT
103,Business Analyst,2026-01-16,35.0,Hà Nội,CÔNG TY GOGROUP
104,Fullstack Developer,2026-01-14,30.0,Hà Nội,CÔNG TY KINH DOANH CÔNG NGHỆ OPEN TECHIZ
105,Backend Developer,2026-01-17,25.0,Hà Nội,CÔNG TY BEE TECH ASIA
106,Backend Developer,2026-01-31,31.470588235294116,Hà Nội,CÔNG TY GIMO
107,IT Helpdesk/IT support,2026-01-17,15.0,Hà Nội,THƯƠNG MẠI VÀ DỊCH VỤ OZOVN
108,Software Engineer,2026-01-10,13.0,Hải Phòng,KOMASPEC VIỆT NAM
109,Software business,2026-01-14,20.6875,Hồ Chí Minh,ITECHWX
110,Product Owner/Product Manager,2026-01-10,16.0,Quảng Ninh,CÔNG TY CÔNG NGHIỆP XANH HẠ LONG EPC
111,Network Engineer,2026-01-31,10.0,Đắk Lắk,CÔNG TY CÔNG NGHỆ WI MESH
112,IT Engineering,2026-01-17,18.0,Hà Nội,CÔNG TY PHÁT TRIỂN BẤT ĐỘNG SẢN MICC
113,Game Developer,2026-01-17,10.0,Hà Nội,WINTER WOLF IEC GAMES
114,Business Analyst,2026-01-17,20.0,Hà Nội,CÔNG TY TẬP ĐOÀN DEKKO
115,Graphic design,2025-12-22,20.0,Hà Nội,LONG HẢI THƯƠNG MẠI
116,Software Engineer,2026-01-15,60.0,Hà Nội,CÔNG TY GEM
117,Software business,2026-01-30,17.0,Hồ Chí Minh,CÔNG TY GIMO
118,Business Analyst,2026-01-03,13.0,Hồ Chí Minh,CÔNG TY CÔNG NGHỆ VŨ THẢO
119,Fullstack Developer,2026-01-04,30.0,Hồ Chí Minh,IQI VIỆT NAM
120,IT Helpdesk/IT support,2026-01-03,12.0,Hồ Chí Minh,THƯƠNG MẠI DỊCH VỤ VTO PHÚC THỊNH
121,Fullstack Developer,2026-02-28,25.0,Hà Nội,CÔNG TY PHÁT TRIỂN PHẦN MỀM GIẢI PHÁP PHÂN PHỐI DƯỢC VÀ NHÀ THUỐC
122,Game Developer,2026-01-31,10.0,Hà Nội,CÔNG TY BLACKGEMS GLOBAL
123,Backend Developer,2026-01-17,40.0,Hà Nội,CÔNG TY ỨNG DỤNG PHẦN MỀM MOBIO VIỆT NAM
124,Game Design,2026-01-09,20.0,Hà Nội,CÔNG TY CÔNG NGHỆ SKYMARE
125,IT Project Manager,2026-01-08,45.0,Hà Nội,CÔNG TY SYNODUS
126,Automation Tester,2026-01-11,31.0,Hà Nội,CÔNG TY QUẢNG CÁO FPT ADTRUE
127,Frontend Developer,2026-01-15,40.0,Hà Nội,UNSTATIC
128,Software Engineer,2026-01-11,40.642857142857146,Hà Nội,COMPAX SOFTWARE DEVELOPMENT VIỆT NAM
129,Business Analyst,2026-01-09,32.44444444444444,Hà Nội,1C VIỆT NAM
130,Software Engineer,2026-01-09,54.0,Hà Nội,TECHVICO
131,Game Developer,2026-01-11,16.0,Hồ Chí Minh,CÔNG TY CÔNG NGHỆ BLUE OCEAN
132,Backend Developer,2026-01-14,35.0,Hà Nội,UNSTATIC
133,Mobile Developer,2026-01-31,12.0,Hà Nội,CÔNG TY CÔNG NGHỆ VÀ GIẢI PHÁP KIM THÀNH
134,Software Engineer,2026-01-15,60.0,Hồ Chí Minh,CÔNG TY GEM
135,IT Helpdesk/IT support,2026-01-15,15.0,Hà Nội,SAPP ACADEMY
136,System Administrator,2026-01-08,30.0,Hà Nội,CÔNG TY CÔNG NGHỆ SỐ THIÊN QUANG
137,Game Developer,2026-01-09,10.0,Hà Nội,SUPER GAME
138,Game Developer,2026-03-31,10.0,Hà Nội,CÔNG TY RIKKEISOFT
139,IT Helpdesk/IT support,2026-01-16,15.0,Hà Nội,WINTER WOLF IEC GAMES
140,Game Developer,2026-01-10,10.0,Hà Nội,CÔNG TY LYNKID
141,Fullstack Developer,2026-01-17,15.0,Hà Nội,ĐẦU TƯ NGHIÊN CỨU VÀ PHÁT TRIỂN PHẦN MỀM VIỆT NAM
142,Mobile Developer,2026-01-13,20.0,Hà Nội,CÔNG TY TRÁCH NHIỆM HỮU HẠN CÔNG NGHỆ BANKFINITY
143,Business Analyst,2026-01-20,70.0,Hà Nội,VERISERVE VIỆT NAM
144,Software business,2026-01-08,30.0,Hồ Chí Minh,CÔNG TY CÔNG NGHỆ OVERATE VNTECH
145,Mobile Developer,2026-01-10,30.1875,Hà Nội,SETA INTERNATIONAL VIỆT NAM
146,Business Analyst,2026-01-14,25.0,Hà Nội,HAPAS VIỆT NAM
147,Mobile Developer,2026-01-31,30.1875,Hà Nội,TOWNSOFT VINA
148,Software Engineer,2026-01-31,36.42857142857143,Hồ Chí Minh,TEQNOLOGICAL ASIA
149,Business Analyst,2026-01-16,18.666666666666668,Hồ Chí Minh,CÔNG TY VIỄN THÔNG VTC
150,Software business,2026-01-08,15.0,Hồ Chí Minh,ĐẦU TƯ VÀ CÔNG NGHỆ ALIGO
151,Data Analyst,2026-01-12,2.4,Hồ Chí Minh,CÔNG TY CHỨNG KHOÁN PHÚ HƯNG
152,Fullstack Developer,2026-01-10,35.0,Hồ Chí Minh,CÔNG NGHỆ CLOUDGO
153,Backend Developer,2026-01-29,5.0,Hà Nội,CÔNG TY CÔNG NGHỆ CÔNG NGHIỆP VCONNEX
154,Frontend Developer,2026-01-04,40.0,Hà Nội,CÔNG TY RIKKEISOFT
155,Manual Tester,2026-01-08,10.0,Hà Nội,PHÁT TRIỂN CÔNG NGHỆ LAYOUTHUB
156,Graphic design,2026-01-10,5.0,Hồ Chí Minh,CÔNG NGHỆ SẠCH KINGWATER
157,Backend Developer,2026-01-14,20.0,Hà Nội,CÔNG TY TRÁCH NHIỆM HỮU HẠN CÔNG NGHỆ BANKFINITY
158,Fullstack Developer,2026-01-15,4.0,Hà Nội,SALAMAN VIỆT NAM
159,Software Tester,2026-01-31,25.0,Hà Nội,OPENCOMMERCE GROUP
160,Backend Developer,2026-01-19,6.9,Hồ Chí Minh,ISB VIỆT NAM
161,Game Developer,2026-01-08,6.0,Hà Nội,SUPER GAME
162,Frontend Developer,2026-01-30,37.0,Hà Nội,CÔNG TY ĐẦU TƯ MOBINO
163,Manual Tester,2026-01-10,20.0,Hồ Chí Minh,GIẢI PHÁP PHẦN MỀM SUNSHINE
164,IT Helpdesk/IT support,2025-12-23,12.0,Hồ Chí Minh,AEON DELIGHT VIỆT NAM
165,Manual Tester,2026-01-14,22.0,Hà Nội,CÔNG TY GIẢI PHÁP CÔNG NGHỆ TTC VIỆT NAM
166,Game Developer,2026-01-31,10.0,Hà Nội,CÔNG TY OHZE
167,Graphic design,2025-12-31,15.130081300813009,Hà Nội,THIẾT BỊ THÔNG MINH O TECH VIỆT NAM
168,Data Engineer,2026-01-16,40.5,Hà Nội,CÔNG TY GIẢI PHÁP CÔNG NGHỆ HTSC
169,Frontend Developer,2026-01-18,25.0,Hà Nội,CÔNG TY TECHASIANS
170,Software Tester,2026-01-07,22.0,Hà Nội,CÔNG TY ĐẦU TƯ MOBINO
171,Frontend Developer,2026-01-09,40.0,Hà Nội,CÔNG TY CÔNG NGHỆ KỸ THUẬT VTECH
172,Data Analyst,2026-01-10,30.555555555555557,Hà Nội,CÔNG TY TÀI CHÍNH TÍN DỤNG TIÊU DÙNG MB SHINSEI (MCREDIT)
173,Backend Developer,2026-01-17,31.470588235294116,Hà Nội,CÔNG TY CÔNG NGHỆ VIỄN THÔNG ELCOM
174,Mobile Developer,2026-01-11,2.0,Hà Nội,CÔNG TY CÔNG NGHỆ VISSOFT
175,Software business,2026-01-07,35.0,Hà Nội,CÔNG TY X MEDIA
176,IT Helpdesk/IT support,2026-01-14,25.0,Hà Nội,CÔNG TY TẬP ĐOÀN THIÊN KHÔI
177,System Administrator,2026-02-28,24.0,Hà Nội,TP LINK TECHNOLOGIES VIỆT NAM
178,Data Engineer,2025-12-31,40.5,Hà Nội,CÔNG TY HỆ THỐNG CÔNG NGHỆ ETC
179,Business Analyst,2026-01-08,32.44444444444444,Hà Nội,CÔNG TY VIETEZ VIỆT NAM
180,IT Helpdesk/IT support,2026-01-10,16.666666666666668,Hà Nội,PHÂN PHỐI SYNNEX FPT
181,Software Tester,2026-01-09,25.0,Hà Nội,TIDESQUARE VIỆT NAM
182,Software business,2026-01-09,20.0,Hồ Chí Minh,CÔNG TY CÔNG NGHỆ WINDSOFT VIỆT NAM
183,Graphic design,2026-01-16,13.375,Hồ Chí Minh,TRUNG TÂM BẢO TỒN THIÊN NHIÊN GAIA
184,AI Engineer,2026-01-08,50.0,Đà Nẵng,CÔNG TY CÔNG NGHỆ PREP
185,Software Engineer,2025-12-24,20.0,Hồ Chí Minh,ISB VIỆT NAM
186,Frontend Developer,2026-01-19,6.9,Hồ Chí Minh,ISB VIỆT NAM
187,Backend Developer,2026-01-10,15.0,Hà Nội,GIÁO DỤC IZONE
188,Data Scientist,2026-01-10,18.997692307692308,Hồ Chí Minh,CÔNG TY CÔNG NGHỆ SEN ĐỎ
189,Backend Developer,2026-01-15,30.0,Hà Nội,CTY WARPPIPE
190,AI Engineer,2026-01-31,40.0,Hà Nội,CÔNG TY GIÁO DỤC VÀ ĐÀO TẠO ANH THẦY
192,Business Analyst,2026-01-31,32.44444444444444,Hà Nội,TỔNG CÔNG TY CÔNG NGHỆ & GIẢI PHÁP CMC
197,System Administrator,2026-01-31,18.997692307692308,Hồ Chí Minh,CÔNG TY CHUYỂN PHÁT NHANH THUẬN PHONG CHI NHÁNH HỒ CHÍ MINH (J&T EXPRESS)
200,Business Analyst,2026-01-14,32.44444444444444,Hà Nội,PHÁT TRIỂN THƯƠNG MẠI HẢI PHƯƠNG
202,Other Market Research and Analysis expertise,2026-01-08,35.0,Hà Nội,CÔNG TY TRUYỀN THÔNG VÀ DỊCH VỤ NODO
203,IT Project Manager,2026-01-15,35.0,Hồ Chí Minh,WACONTRE ONE MEMBER LIMITED
207,Software business,2026-01-14,20.0,Hà Nội,CÔNG TY CÔNG NGHỆ GETFLY VIỆT NAM
208,Software Engineer,2026-01-16,36.42857142857143,Hồ Chí Minh,T4 TEK
211,Backend Developer,2026-01-17,40.0,Hồ Chí Minh,BPO INFINITY INNOVATIONS GROUP
212,Business Analyst,2026-01-07,30.0,Hà Nội,CÔNG TY ĐẦU TƯ VÀ PHÁT TRIỂN KOOLSOFT
218,Backend Developer,2026-01-31,25.0,Hồ Chí Minh,AS SOLUTIONS
219,Business Analyst,2026-01-31,25.0,Hà Nội,CÔNG TY LIFETEX
220,Mobile Developer,2026-01-31,25.0,Hà Nội,CÔNG TY JVB VIỆT NAM
221,IT Helpdesk/IT support,2026-01-05,12.0,Tây Ninh,HCT FAMILY FOOD
222,Game Developer,2026-01-03,13.0,Hồ Chí Minh,RIDDLERS VN
223,Network Engineer,2026-01-31,22.0,Hà Nội,THƯƠNG MẠI VÀ DỊCH VỤ TSG
224,Other Information Technology expertise,2026-01-31,40.0,Hà Nội,CÔNG TY CÔNG NGHỆ AMELA VIỆT NAM
225,Data Analyst,2026-01-03,30.0,Hà Nội,NGÔI SAO DŨNG CẢM
226,Manual Tester,2026-04-30,12.0,Hà Nội,AVEPOINT VIỆT NAM
227,Game Developer,2026-02-03,10.0,Hồ Chí Minh,CÔNG TY MOONPEAR
228,Business Analyst,2026-01-31,30.0,Hồ Chí Minh,CUBE SYSTEM VIETNAM
229,Mobile Developer,2026-01-04,35.0,Hồ Chí Minh,QUESTX
230,Backend Developer,2026-01-03,31.470588235294116,Hà Nội,CÔNG TY CỔ PHẦN EDULIVE TOÀN CẦU
231,Software business,2025-12-18,15.0,Hồ Chí Minh,CÔNG NGHỆ PHẦN MỀM NASANI
234,Graphic design,2026-01-03,15.0,Hà Nội,CÔNG TY THƯƠNG MẠI QUỐC TẾ VAT
236,System Engineer,2026-01-04,14.0,Hồ Chí Minh,CÔNG TY THƯƠNG MẠI VÀ ĐẦU TƯ CÔNG NGHỆ VIỄN THÔNG MỚI
237,Mobile Developer,2026-01-06,25.0,Hà Nội,CÔNG TY BOOM GAMES
238,Software Engineer,2026-01-04,40.642857142857146,Hà Nội,KỸ SƯ CÔNG NGHỆ CAO VN
239,Graphic design,2025-12-31,15.130081300813009,Hà Nội,CHI NHÁNH TẠI VĨNH PHÚC THƯƠNG MẠI DỊCH VỤ QUỐC TẾ CAO MINH
240,Backend Developer,2026-01-09,23.96666666666667,Hồ Chí Minh,CÔNG NGHỆ TTR IT
241,Fullstack Developer,2026-01-11,35.0,Hồ Chí Minh,OPPO VIỆT NAM
242,Graphic design,2025-12-31,30.0,Hà Nội,DU LỊCH QUỐC TẾ TRÀNG AN
243,Software business,2026-03-31,20.6875,Hồ Chí Minh,GIẢI PHÁP CÔNG NGHỆ VIETHAS
244,Graphic design,2026-01-17,10.0,Hồ Chí Minh,NANTEX
245,Graphic design,2026-01-18,18.0,Hà Nội,KÍNH MẮT T.A.V
246,Fullstack Developer,2026-01-17,24.555555555555557,Hà Nội,MUMESOFT INNOVATION
247,Machine programming engineer,2026-01-31,18.0,Bắc Ninh,CÔNG TY TRÁCH NHIỆM HỮU HẠN KNK VINA
248,Data Scientist,2026-01-20,30.0,Hà Nội,CÔNG TY CANIFA
249,Digital Marketing,2026-01-17,40.0,Hà Nội,GIẢI PHÁP CÔNG NGHỆ THÔNG TIN VÀ TRUYỀN THÔNG QSOFT
250,DevOps Engineer,2026-01-18,32.833333333333336,Hà Nội,CÔNG TY CÔNG NGHỆ SAVA META
251,Graphic design,2026-01-17,20.0,Hà Nội,CÔNG TY PALM FOREST VIỆT NAM
252,Graphic design,2026-02-17,15.0,Hồ Chí Minh,MỘT THÀNH VIÊN PHAN ANH LUXURY LIVING
253,Product Owner/Product Manager,2026-01-17,40.0,Hà Nội,CÔNG TY GEM
254,IT Engineering,2026-05-20,23.33984375,An Giang,CTY TIN HỌC KIÊN GIANG
255,Data Labeling,2026-01-17,3.0,Hà Nội,TRUYỀN THÔNG VÀ GIẢI PHÁP TRỰC TUYẾN LEADSGEN
256,Graphic design,2026-01-24,15.0,Hà Nội,CHI NHÁNH Y TẾ HẢI LÊ
257,Concept Artist,2026-01-17,20.0,Hà Nội,APERO TECHNOLOGIES GROUP
258,Graphic design,2026-01-18,4.0,Hà Nội,CÔNG TY ĐẦU TƯ VÀ THƯƠNG MẠI PHÚ CÁT
259,Other Information Technology expertise,2026-02-28,15.0,Nghệ An,VĂN MINH
260,Compliance and security audits,2026-01-17,24.977649769585252,Hà Nội,CÔNG TY GIẢI PHÁP THANH TOÁN VIỆT NAM (VNPAY)
261,Data Scientist,2026-01-17,18.997692307692308,Hồ Chí Minh,CÔNG TY GIẢI PHÁP THANH TOÁN VIỆT NAM (VNPAY)
262,Backend Developer,2026-01-17,23.96666666666667,Hồ Chí Minh,CÔNG TY GIẢI PHÁP THANH TOÁN VIỆT NAM (VNPAY)
263,Mobile Developer,2026-03-31,30.1875,Hà Nội,CÔNG TY GIẢI PHÁP THANH TOÁN VIỆT NAM (VNPAY)
264,Graphic design,2026-01-17,9.0,Hồ Chí Minh,CÔNG TY MINI AI
265,Mobile Developer,2026-01-18,30.1875,Hà Nội,CÔNG TY GIẢI PHÁP THANH TOÁN VIỆT NAM (VNPAY)
266,IT Project Manager,2026-01-17,45.25,Hà Nội,MINDX TECHNOLOGY SCHOOL
267,UI/UX Design,2026-01-20,15.0,Hưng Yên,CÔNG TY ALADIN CONTRACT
268,Manual Tester,2026-01-17,23.5,Hà Nội,CÔNG TY KAOPIZ HOLDINGS
269,Graphic design,2026-01-17,15.0,Hà Nội,CÔNG TY IYC VIỆT NAM
270,Chief Technology Officer,2026-01-17,24.977649769585252,Hà Nội,LIVARY EDTECH TOÀN CẦU
271,Animation Design,2026-01-17,10.0,Hà Nội,CÔNG TY TRÁCH NHIỆM HỮU HẠN BG MEDIA
272,IT Consulting,2026-01-17,15.0,Nghệ An,K GROUP GLOBAL
273,System Administrator,2026-01-17,19.333333333333332,Đà Nẵng,CÔNG TY BÁNH ĐỒNG TIẾN
274,Fullstack Developer,2026-01-17,25.0,Hà Nội,RELIPA
275,Teachers of other subjects,2026-01-17,24.977649769585252,Hà Nội,TRƯỜNG CAO ĐẲNG KỸ THUẬT CÔNG NGHỆ BÁCH KHOA
276,IT Project Manager,2026-03-31,45.25,Hà Nội,VĂN PHÒNG ĐẠI DIỆN EVERFIT TECHNOLOGIES INC TẠI THÀNH PHỐ ĐÀNẴNG
277,Graphic design,2026-01-17,15.0,Hà Nội,CÔNG TY ĐẦU TƯ VÀ PHÁT TRIỂN GIÁO DỤC AEC
278,Graphic design,2026-01-17,15.0,Hà Nội,CÔNG TY U2 HOLDINGS
279,Graphic design,2026-01-31,15.0,Đồng Nai,THƯƠNG MẠI ĐỒNG GIAO
280,Machine programming engineer,2026-01-31,18.997692307692308,Hồ Chí Minh,FOXLINK VIETNAM
281,Manual Tester,2026-01-17,19.333333333333332,Đà Nẵng,FPT SOFTWARE
282,Graphic design,2026-01-31,13.375,Hồ Chí Minh,NITA CORP
283,Other Information Technology expertise,2026-01-28,20.0,Hà Nội,CÔNG TY ĐẦU TƯ 3A
284,Software business,2026-01-31,20.6875,Hồ Chí Minh,CÔNG TY CÔNG NGHỆ HENO
285,3D Modeler,2026-01-17,25.0,Hà Nội,SCI GROUP
286,Graphic design,2026-01-17,13.375,Hồ Chí Minh,CÔNG TY CÔNG NGHỆ BLUE OCEAN
287,Business Analyst,2026-02-28,32.44444444444444,Hà Nội,CÔNG TY TRÁCH NHIỆM HỮU HẠN GIẢI PHÁP CÔNG NGHỆ CỘNG
288,Other Information Technology expertise,2026-01-17,30.0,Hà Nội,CÔNG TY TƯ VẤN CÔNG NGHỆ NGS
289,Product Owner/Product Manager,2026-01-19,40.0,Hà Nội,CÔNG TY ĐẦU TƯ VÀ PHÁT TRIỂN CÔNG NGHỆ TRUYỀN THÔNG NAM VIỆT
290,Sales IT Other software,2026-01-17,40.0,Hà Nội,CÔNG TY CÔNG NGHỆ ATOSA
291,Graphic design,2026-03-11,13.0,Hà Nội,VIỆN NGHIÊN CỨU VÀ PHÁT TRIỂN SẢN PHẨM THIÊN NHIÊN
292,UI/UX Design,2026-01-02,16.0,Hồ Chí Minh,CÔNG TY VULCAN LABS
293,Business Analyst,2026-01-02,40.0,Hà Nội,CÔNG TY MISA
294,Software business,2026-01-02,25.0,Hồ Chí Minh,CÔNG TY STRINGEE
295,Other Information Technology expertise,2026-01-16,19.333333333333332,Đà Nẵng,CÔNG NGHỆ PHẦN MỀM LUTECH
296,Other Information Technology expertise,2026-01-16,12.0,Hà Nội,KỸ NGHỆ PHÚC ANH
297,Software Engineer,2026-01-16,40.642857142857146,Hà Nội,POLITETECH
298,Other educational management,2026-01-16,24.977649769585252,Hà Nội,TRƯỜNG CAO ĐẲNG KỸ THUẬT CÔNG NGHỆ BÁCH KHOA
299,Software Engineer,2026-01-16,15.0,Hưng Yên,LOTES VIỆT NAM
300,Graphic design,2026-01-16,15.0,Hà Nội,LOU STUDIO
301,Informatics Teacher,2026-01-16,24.977649769585252,Hà Nội,TRƯỜNG CAO ĐẲNG HÀ NỘI
302,Other Information Technology expertise,2026-01-17,12.333333333333334,Hồ Chí Minh,ELECTRONIC TRIPOD VIỆT NAM (BIÊN HÒA)
303,IT Project Manager,2026-01-16,20.0,Hà Nội,CÔNG TY GIẢI PHÁP CÔNG NGHỆ SỐ ICT VIỆT NAM
304,Backend Developer,2026-01-16,40.0,Hà Nội,CÔNG TY SYNODUS
305,Graphic design,2026-01-30,12.0,Hồ Chí Minh,CÔNG TY TIÊN PHONG CDS
306,Mobile Developer,2026-01-31,30.1875,Hà Nội,CÔNG TY CÔNG NGHỆ TÀI CHÍNH FINHUB
307,PLC/SCADA programming engineer,2026-01-17,18.997692307692308,Hồ Chí Minh,THƯƠNG MẠI KỸ THUẬT CÔNG NGHIỆP VIỆT Á
308,Mechanical engineer,2026-01-17,12.0,Hà Nội,CÔNG TY PHẦN MỀM TỰ ĐỘNG HÓA ĐIỀU KHIỂN
309,Graphic design,2026-01-16,13.375,Hồ Chí Minh,CÔNG TY Y TẾ 315
310,Other Information Technology expertise,2026-01-17,12.333333333333334,Hồ Chí Minh,CÔNG TY CON CƯNG
311,IT Engineering,2026-01-16,11.0,Hồ Chí Minh,CÔNG TY CÔNG NGHỆ POSAPP
312,Graphic design,2026-01-16,15.0,Hà Nội,CÔNG TY Y DƯỢC QUỐC TẾ PHYTOCARE
313,AI Engineer,2026-01-31,40.0,Hà Nội,CÔNG TY CÔNG NGHỆ PREP
314,Graphic design,2026-01-31,15.130081300813009,Hà Nội,CÔNG TY TIN HỌC VIỄN THÔNG HÀNG KHÔNG
315,Product Owner/Product Manager,2026-01-16,30.0,Hà Nội,CÔNG TY FALCON TECHNOLOGY
316,Graphic design,2026-01-16,10.0,Đà Nẵng,INKABLE
317,Other Information Technology expertise,2026-01-16,12.0,Hồ Chí Minh,QUỐC TẾ LEGEND
318,Graphic design,2026-01-16,10.0,Hồ Chí Minh,XUẤT NHẬP KHẨU PHÁT TRIỂN ĐÔNG DƯƠNG TẬP ĐOÀN THỂ THAO KINGSPORT
319,Machine programming engineer,2026-01-31,25.0,Hà Nội,KHUÔN MẪU CHÍNH XÁC M&H VIỆT NAM
320,Software Tester,2026-01-23,27.25,Hà Nội,VIETTEL DIGITAL
321,Graphic design,2026-01-16,12.0,Hà Nội,THUỶ TINH PHA LÊ VIỆT TIỆP
322,Graphic design,2026-01-31,12.0,Hồ Chí Minh,NL VIỆT NAM
323,Graphic design,2026-01-16,23.33984375,Hà Nội,CÔNG TY THỜI TRANG YODY
324,Backend Developer,2026-01-16,33.0,Hà Nội,CÔNG TY PAYTECH
325,Graphic design,2026-01-16,15.130081300813009,Hà Nội,CÔNG TY DVMOTOR
326,Graphic design,2026-01-16,28.0,Hà Nội,ĐẦU TƯ DU THUYỀN SÂN GOLF FLC BISCOM
327,Software business,2026-01-16,20.0,Hà Nội,CÔNG TY VIỄN THÔNG INTERCOM VIỆT NAM
328,Graphic design,2026-01-16,15.0,Hà Nội,CATBOX VIỆT NAM
329,Automation Tester,2026-01-16,31.0,Hà Nội,GIẢI PHÁP PHÂN TÍCH DỮ LIỆU INSIGHT DATA
330,Graphic design,2026-01-16,15.130081300813009,Hà Nội,CÔNG TY HỢP TÁC ĐẦU TƯ GIÁO DỤC QUỐC TẾ TÍN PHÁT
331,Data Analyst,2026-01-16,22.0,Hà Nội,SCI GROUP
332,Software business,2026-01-31,27.602941176470587,Hà Nội,CÔNG TY CÔNG NGHỆ DSS VIỆT NAM
333,Data Analyst,2026-01-17,2.4,Hồ Chí Minh,TESSELLATION BÌNH DƯƠNG
334,UI/UX Design,2026-01-16,38.291666666666664,Hà Nội,CÔNG TY CÔNG NGHỆ PHẦN MỀM VÀ NỘI DUNG SỐ OSP
335,Cyber ​​Security Specialist,2026-01-16,18.997692307692308,Hồ Chí Minh,CÔNG TY CON CƯNG
336,Manual Tester,2026-01-16,20.0,Hà Nội,CÔNG TY ĐẦU TƯ VÀ PHÁT TRIỂN KOOLSOFT
337,Digital Marketing,2026-01-16,16.0,Hà Nội,CÔNG TY TEVO
338,Animation Design,2026-01-01,15.0,Hồ Chí Minh,NAVER VIỆT NAM
339,Data Analyst,2025-12-31,20.0,Nước Ngoài,CÔNG TY CÔNG NGHỆ VÀ TRUYỀN THÔNG DAGORAS
341,Graphic design,2026-01-15,13.0,Hồ Chí Minh,ĐẦU TƯ KHỞI NGHIỆP SÁNG TẠO MÈO THỊNH VƯỢNG
342,System Administrator,2026-01-15,24.0,Hà Nội,CÔNG TY CÔNG NGHỆ AN NINH MẠNG QUỐC GIA VIỆT NAM
343,Software business,2026-02-28,23.0,Hồ Chí Minh,PROVISION VN
344,Automation Tester,2026-01-15,31.0,Hà Nội,GIẢI PHÁP PHÂN TÍCH DỮ LIỆU INSIGHT DATA
345,Sales IT Other software,2026-01-31,43.333333333333336,Hà Nội,CÔNG TY CÔNG NGHỆ DSS VIỆT NAM
346,Software business,2026-01-16,30.0,Hà Nội,CÔNG TY HOSCO VIỆT NAM
347,Software business,2026-01-15,50.0,Hà Nội,RELIPA
348,Concept Artist,2026-01-15,24.833333333333332,Hà Nội,ZITGA STUDIOS
349,Data Analyst,2026-01-15,35.0,Hà Nội,CÔNG TY CÔNG NGHỆ KIOTVIET
350,Product Marketing,2026-01-15,25.0,Hà Nội,CÔNG TY IKAME GLOBAL
351,Graphic design,2026-01-15,30.0,Hà Nội,HỘ KINH DOANH ROHAN
352,Graphic design,2026-01-15,12.0,Hà Nội,KRASOTA VIỆT NAM
353,Business Analyst,2026-01-15,27.0,Hà Nội,CÔNG TY CÔNG NGHỆ ALPHAWAY
354,Graphic design,2026-01-15,4.0,Hồ Chí Minh,TM DV THANH TRANG
355,Concept Artist,2026-01-15,25.0,Hồ Chí Minh,CÔNG TY BẢN VIÊN
356,Graphic design,2026-01-15,20.0,Hồ Chí Minh,CÔNG TY BẤT ĐỘNG SẢN INDOCHINE
357,Graphic design,2026-01-15,20.0,Hồ Chí Minh,K CLOSET
358,Network Engineer,2026-01-15,19.0,Hà Nội,CÔNG TY BẢO TÍN MẠNH HẢI
359,Manual Tester,2026-01-15,30.0,Hà Nội,CÔNG TY KAOPIZ HOLDINGS
360,Backend Developer,2026-01-15,20.0,Hà Nội,GIẢI PHÁP PHÂN TÍCH DỮ LIỆU INSIGHT DATA
361,Sales IT Other software,2026-01-15,80.0,Hà Nội,CÔNG TY TẬP ĐOÀN G
362,Graphic design,2026-01-15,2.0,Đà Nẵng,THƯƠNG MẠI DỊCH VỤ LA BÀN
363,Data Scientist,2026-01-15,18.997692307692308,Hồ Chí Minh,CÔNG TY VÀNG BẠC ĐÁ QUÝ PHÚ NHUẬN PNJ
364,Graphic design,2026-01-31,13.375,Hồ Chí Minh,VNINFINITY MEDIA
365,3D Modeler,2026-03-31,25.0,Hồ Chí Minh,SUPERCENT VIỆT NAM
366,Sales IT Other software,2026-01-15,43.333333333333336,Hà Nội,CÔNG TY GEM
367,IT Engineering,2026-01-15,15.0,Nghệ An,MỘT THÀNH VIÊN CHUYỂN PHÁT NHANH THUẬN PHONG CHI NHÁNH NGHỆ AN
368,Machine programming engineer,2026-01-31,18.0,Bắc Ninh,KỸ THUẬT MCT
369,Sales IT Other software,2026-01-15,10.0,Hà Nội,CÔNG TY NỀN TẢNG KINH DOANH SỐ DBIZ
370,System Architect,2026-01-15,24.977649769585252,Hà Nội,GIẢI PHÁP PHÂN TÍCH DỮ LIỆU INSIGHT DATA
371,Graphic design,2026-01-15,20.0,Hà Nội,CÔNG TY QUỐC TẾ SATA
372,Graphic design,2026-01-31,20.0,Thanh Hóa,CÔNG NGHIỆP INTCO VIỆT NAM
373,Graphic design,2026-02-28,13.375,Hồ Chí Minh,DỊCH VỤ SCOM
374,Graphic design,2026-01-15,15.130081300813009,Hà Nội,CÔNG TY REA HOLDINGS
375,IT technical sales,2026-01-31,12.0,Hồ Chí Minh,CÔNG TY THƯƠNG MẠI DỊCH VỤ PHONG VŨ
376,Manual Tester,2026-01-15,18.0,Hà Nội,CÔNG TY 1OFFICE
377,Animation Design,2026-01-15,15.0,Hà Nội,CSGVINA
378,Concept Artist,2026-01-15,12.0,Hà Nội,GENESIS ENTERTAINMENTS
379,Data Engineer,2026-01-15,19.333333333333332,Đà Nẵng,FPT SOFTWARE
380,Technical Leader,2026-01-15,19.333333333333332,Đà Nẵng,FPT SOFTWARE
382,Animation Design,2026-01-31,14.5,Hà Nội,THƯƠNG MẠI VÀ DỊCH VỤ TỔNG HỢP NAM ANH
383,Graphic design,2026-01-01,15.0,Hồ Chí Minh,QUỐC TẾ LEGEND
384,Software business,2026-01-14,8.0,Hà Nội,GIAO DỊCH HÀNG HOÁ CBOT VIỆT NAM
385,Software Engineer,2026-01-14,23.33984375,Nhật Bản,CÔNG TY CÔNG NGHỆ SMILE
386,IT Project Manager,2026-01-14,45.25,Hà Nội,CTY THUNDERSOFT VIỆT NAM
387,IT Consulting,2026-01-14,18.997692307692308,Hồ Chí Minh,CÔNG TY TẬP ĐOÀN G
388,Game Design,2026-01-31,22.428571428571427,Hà Nội,CÔNG TY OHZE
389,Mobile Developer,2026-01-14,45.0,Hà Nội,GIẢI PHÁP PHÂN TÍCH DỮ LIỆU INSIGHT DATA
390,Manual Tester,2026-01-14,28.0,Hà Nội,CÔNG TY CÔNG NGHỆ ALPHAWAY
391,Software Engineer,2026-01-31,40.642857142857146,Hà Nội,CÔNG TY KAOPIZ SOFTWARE
392,Game Design,2026-01-14,20.0,Hồ Chí Minh,SENSPARK
393,Product Owner/Product Manager,2026-01-14,27.0,Hồ Chí Minh,SENSPARK
394,Fullstack Developer,2026-01-31,24.555555555555557,Hà Nội,CÔNG TY KAOPIZ SOFTWARE
395,Technical Leader,2026-01-15,67.5,Hà Nội,CÔNG NGHỆ EMPOS
396,Graphic design,2026-01-14,9.0,Hà Nội,CODOTI HÀ NỘI
397,Graphic design,2026-01-14,13.375,Hồ Chí Minh,THƯƠNG MẠI XUẤT NHẬP KHẨU THÀNH GIA PHÁT
398,Product Owner/Product Manager,2026-01-14,32.857142857142854,Hà Nội,TỔNG CÔNG TY BƯU CHÍNH VIETTEL
399,Software Engineer,2026-01-14,40.642857142857146,Hà Nội,CÔNG TY KAOPIZ SOFTWARE
400,Network Engineer,2026-01-14,20.0,Hà Nội,CÔNG TY TẬP ĐOÀN APEC GROUP
401,IT technical sales,2026-01-14,20.0,Hà Nội,CÔNG TY VTI
402,IT Helpdesk/IT support,2026-01-14,21.571428571428573,Thanh Hóa,CÔNG TY TẬP ĐOÀN MEDIPHA
403,Manual Tester,2026-01-14,23.5,Hà Nội,MUMESOFT INNOVATION
404,Software business,2026-01-14,20.0,Hà Nội,CÔNG TY ICHECK
405,Other Game Development positions,2026-01-15,25.0,Hà Nội,CÔNG TY TRUYỀN HÌNH TƯƠNG TÁC VIỆT NAM
406,Business Analyst,2026-01-14,35.0,Hà Nội,CÔNG TY IGNIFY
407,Software business,2026-01-15,27.602941176470587,Hà Nội,CÔNG TY GIẢI PHÁP PHẦN MỀM BIPLUS VIỆT NAM
408,Process Quality Assurance,2026-01-15,24.977649769585252,Hà Nội,CÔNG TY TƯ VẤN CÔNG NGHỆ NGS
409,Domain/Hosting/Server business,2026-01-14,30.75,Hồ Chí Minh,THƯƠNG MẠI DỊCH VỤ WEB IDEAS
410,Cyber ​​Security Specialist,2026-01-14,40.0,Hà Nội,CÔNG TY TÀI CHÍNH TÍN DỤNG TIÊU DÙNG MỘT THÀNH VIÊN AEON
411,Machine programming engineer,2026-01-14,13.0,Đồng Nai,NỘI THẤT & QUẢNG CÁO Á ĐÔNG
412,Software business,2026-01-14,40.0,Hà Nội,ĐẦU TƯ VÀ KỸ THUẬT CÔNG NGHỆ XANH
413,Technical Leader,2026-01-15,67.5,Hà Nội,CÔNG TY CÔNG NGHỆ SAVA META
414,Graphic design,2026-01-14,13.375,Hồ Chí Minh,DM&C
415,Other Information Technology expertise,2026-01-14,12.0,Hải Phòng,FUNTIME MEDIA CORP
416,Graphic design,2026-01-14,18.0,Hà Nội,CÔNG TY ĐẦU TƯ BẢO LAI
417,IT technical sales,2026-01-14,12.0,Hồ Chí Minh,CÔNG TY THƯƠNG MẠI VÀ DỊCH VỤ PHÁT TRIỂN CÔNG NGHỆ SÀI GÒN
419,Graphic design,2026-01-14,16.0,Thanh Hóa,THỜI TRANG QUỐC TẾ SAVANI
420,System Administrator,2026-01-31,30.0,Hà Nội,CÔNG TY HỆ THỐNG CÔNG NGHỆ ETC
421,Fullstack Developer,2026-02-28,24.555555555555557,Hà Nội,CÔNG TY TRÁCH NHIỆM HỮU HẠN GIẢI PHÁP CÔNG NGHỆ CỘNG
422,Machine programming engineer,2026-01-14,26.25,Hà Nội,CÔNG TY DHNTECH VIỆT NAM
423,Domain/Hosting/Server business,2026-01-31,60.0,Hồ Chí Minh,MONA HOST
424,Software business,2026-01-14,50.0,Hồ Chí Minh,CÔNG TY ĐẦU TƯ NEXUS VIỆT NAM
425,Other Information Technology expertise,2026-01-15,15.0,Hồ Chí Minh,CÔNG TY GIẢI PHÁP ATOM
426,Software business,2025-12-31,15.0,Hà Nội,CÔNG TY CÔNG NGHỆ ATOSA
427,UI/UX Design,2026-01-15,19.333333333333332,Đà Nẵng,SPACEMIND
428,Data Labeling,2026-01-20,9.3,Hà Nội,CÔNG TY ALTIUS LINK VIỆT NAM
429,Graphic design,2026-01-14,12.0,Hà Nội,THƯƠNG MẠI VÀ DỊCH VỤ BKA GLOBAL
430,Software Tester,2026-01-14,30.0,Hà Nội,CÔNG TY CÔNG NGHỆ KIOTVIET
431,Graphic design,2026-01-14,20.0,Hà Nội,TIMIND
432,Software business,2026-01-31,27.602941176470587,Hà Nội,CÔNG TY TẬP ĐOÀN MEEY LAND
433,Fraud prevention and network security,2026-01-14,20.0,Hà Nội,CÔNG TY AN NINH MẠNG SCS
434,Animation Design,2026-02-10,8.0,Hà Nội,TRƯỜNG DOANH NHÂN HBR
435,Software Engineer,2026-01-14,40.0,Hà Nội,CÔNG TY TẬP ĐOÀN CÔNG NGHỆ THIÊN HOÀNG
436,Software business,2026-01-31,67.5,Hà Nội,TRADE INTELLIGENCE GLOBAL
437,IT Helpdesk/IT support,2026-01-14,20.0,Ninh Bình,P DUKE TECHNOLOGY
438,Software Engineer,2026-01-13,40.0,Hà Nội,CÔNG TY CÔNG NGHỆ DTT
439,Cloud Engineer,2026-01-13,27.0,Hà Nội,CÔNG TY HẠ TẦNG VIỄN THÔNG CMC TELECOM
440,Graphic design,2025-12-31,20.0,Hà Nội,THƯƠNG MẠI QUỐC TẾ BLUESTARS VIỆT NAM
441,Graphic design,2026-01-12,11.0,Hà Nội,CÔNG TY ĐẦU TƯ THƯƠNG MẠI GBC VIỆT NAM
442,Software business,2026-01-12,15.0,Hồ Chí Minh,ADSAGENCY VIỆT NAM
443,Graphic design,2026-01-12,3.0,Hà Nội,CÔNG TY CÔNG NGHỆ VÀ ĐÀO TẠO FUTURE ME
445,Graphic design,2026-01-12,12.0,Đà Nẵng,DỊCH VỤ HẢI SẢN MỸ HẠNH
446,Graphic design,2026-01-12,15.0,Hồ Chí Minh,NẾN THƠM KHỦNG LONG
447,Graphic design,2026-01-12,15.130081300813009,Hà Nội,ĐẦU TƯ & PHÁT TRIỂN APG
448,IT Helpdesk/IT support,2026-01-12,12.0,Đà Nẵng,FPT SOFTWARE
449,Graphic design,2026-01-12,13.375,Hồ Chí Minh,CÔNG NGHỆ GIÁO DỤC THE ENEST
450,Graphic design,2025-12-28,15.130081300813009,Hà Nội,CÔNG TY TƯ VẤN THIẾT KẾ VÀ GIẢI PHÁP CÔNG NGHỆ 3DART
451,Graphic design,2026-01-11,11.0,Hồ Chí Minh,HỘ KINH DOANH SIXMEN
452,Graphic design,2026-01-11,5.0,Hà Nội,CÔNG TY GEM
453,Graphic design,2026-01-11,8.0,Hồ Chí Minh,SẢN XUẤT THƯƠNG MẠI ASAMA VN
454,Other Information Technology expertise,2026-01-11,25.0,Hà Nội,CÔNG TY GIẢI PHÁP THÔNG MINH LINKCARE
455,System Engineer,2026-01-11,20.0,Ninh Bình,CÔNG TY DỊCH VỤ CÔNG NGHỆ TIN HỌC HPT
456,Other Information Technology expertise,2026-01-11,8.0,Hà Nội,2H SOLUTIONS GLOBAL
457,Software business,2026-01-11,15.0,Hồ Chí Minh,CÔNG NGHỆ PHẦN MỀM NASANI
458,Software Engineer,2026-01-11,32.0,Hà Nội,NTQ SOLUTION
459,Animation Design,2026-01-11,25.0,Hồ Chí Minh,CÔNG TY TEECOM
460,Game Design,2026-01-11,54.0,Hà Nội,CÔNG TY FALCON TECHNOLOGY
461,Illustration,2026-01-11,20.0,Hà Nội,CÔNG TY BATECO VIỆT NAM
462,Concept Artist,2026-01-12,25.0,Hồ Chí Minh,CÔNG TY TEECOM
463,Backend Developer,2026-01-11,45.0,Hà Nội,NTQ SOLUTION
464,Software business,2026-01-12,27.602941176470587,Hà Nội,CÔNG NGHỆ MK1 VIỆT NAM
465,Software business,2026-01-31,20.6875,Hồ Chí Minh,CÔNG TY GIẢI PHÁP CHUYÊN GIA STAR GLOBAL
466,Graphic design,2026-01-11,10.0,Đà Nẵng,AUG STUDY NETWORK
467,Software business,2026-01-31,2.0,Hồ Chí Minh,CÔNG TY GIẢI PHÁP CHUYÊN GIA STAR GLOBAL
469,Domain/Hosting/Server business,2026-01-31,35.0,Hồ Chí Minh,CÔNG NGHỆ PHẦN MỀM NASANI
470,Graphic design,2026-01-20,13.375,Hồ Chí Minh,M.E.P EVENT & PARTY
471,Graphic design,2026-01-20,15.0,Hà Nội,CÔNG TY TRUNG THỰC LAND
472,Graphic design,2026-01-11,15.130081300813009,Hà Nội,CÔNG TY ECOMSTONE VIỆT NAM
473,DevOps Engineer,2026-01-11,45.0,Hà Nội,FPT SMART CLOUD (FCI)
474,IT Project Manager,2026-01-22,45.25,Hà Nội,SUN* INC. (SUN ASTERISK INC.)
475,Software business,2026-01-11,27.602941176470587,Hà Nội,CÔNG TY CÔNG NGHỆ ITG
476,Business Analyst,2026-01-11,18.666666666666668,Hồ Chí Minh,CTY KHÍ CÔNG NGHIỆP MESSER VIỆT NAM
477,Software business,2026-01-31,15.0,Hồ Chí Minh,CÔNG NGHỆ PHẦN MỀM NASANI
478,Domain/Hosting/Server business,2026-02-07,32.0,Hồ Chí Minh,CÔNG NGHỆ PHẦN MỀM NASANI
479,Animation Design,2026-01-11,14.5,Hà Nội,CÔNG TY BADAN
480,Graphic design,2026-01-11,18.0,Tây Ninh,CÔNG TY DƯỢC PHẨM VIETPHAVET
482,Graphic design,2026-01-31,15.130081300813009,Hà Nội,MTV MSPACE
483,Solution Architect,2026-03-31,65.0,Hà Nội,CÔNG TY OMINEXT
484,Bridging engineer BrSE,2026-01-12,23.33984375,Hà Nội & 3 nơi khác,FPT SOFTWARE
485,IT Project Manager,2026-03-31,45.25,Hà Nội,CÔNG TY OMINEXT
486,IT Project Manager,2026-01-31,45.25,Hà Nội,"TECHVIFY SOFTWARE.,"
487,Software Tester,2026-01-11,18.997692307692308,Hồ Chí Minh,AMARIS VIỆT NAM
488,DevOps Engineer,2026-01-11,32.833333333333336,Hà Nội,VIETTEL IDC
489,Graphic design,2026-01-11,15.0,Hà Nội,CÔNG TY EZI TOÀN CẦU
490,Frontend Developer,2026-01-10,37.0,Hà Nội,"TECHVIFY SOFTWARE.,"
491,Graphic design,2026-01-10,15.0,Hà Nội,CÔNG TY TRUYỀN THÔNG VÀ GIẢI TRÍ VP MEDIA
492,Other Education/Training expertise,2026-01-10,20.0,Hà Nội,TRƯỜNG ĐẠI HỌC NGUYỄN TRÃI
493,Mobile Developer,2026-01-10,34.0,Hà Nội,CÔNG TY CÔNG NGHỆ ALPHAWAY
494,Graphic design,2026-01-10,12.0,Hưng Yên,SẢN XUẤT THƯƠNG MẠI VÀ DỊCH VỤ HƯƠNG THẢO NATURAL
495,Graphic design,2026-02-28,9.0,Hà Nội,CÔNG TY STARFRUIT
496,Sales IT Other software,2026-02-28,43.333333333333336,Hà Nội,CÔNG TY EPICGOLD
497,Graphic design,2026-01-15,4.0,Hà Nội,LICGROUP
498,Animation Design,2026-01-31,15.0,Hồ Chí Minh,OPTIMIZER VIỆT NAM
499,UI/UX Design,2026-01-11,38.291666666666664,Hà Nội,CÔNG TY CÔNG NGHỆ ALPHAWAY
500,Software Engineer,2026-01-10,15.0,Bắc Ninh,CÔNG TY TỔNG CÔNG TY MAY BẮC GIANG LGG
501,Other Design and Architecture expertise,2026-01-13,18.997692307692308,Hồ Chí Minh,CÔNG TY KẾT CẤU THÉP QH PLUS
502,Software business,2026-01-10,24.0,Hồ Chí Minh,CÔNG NGHỆ PHẦN MỀM NASANI
503,Graphic design,2026-01-10,15.130081300813009,Hà Nội,CÔNG TY DETEC DENTAL LAB
504,Graphic design,2026-01-10,20.0,Hà Nội,CÔNG TY TẬP ĐOÀN CÔNG NGHỆ NHA KHOA DETEC
505,Product Owner/Product Manager,2026-01-12,32.857142857142854,Hà Nội,CÔNG TY TẬP ĐOÀN MEEY LAND
506,Database Administrator,2026-01-10,35.0,Hà Nội,CÔNG TY CHUỖI THỰC PHẨM TH
507,Graphic design,2026-01-10,13.0,Hà Nội,ILABY VIỆT NAM
508,Bridging engineer BrSE,2025-12-25,23.33984375,Nhật Bản,CÔNG TY DS SOLUTION VIỆT NAM
509,IT technical sales,2026-02-28,10.0,Hà Nội,CÔNG TY GIẢI PHÁP NETKO
510,Graphic design,2026-01-10,18.0,Đà Nẵng,BANTAM POINT
511,IT Project Manager,2026-01-10,30.0,Hồ Chí Minh,UNIT CORP
512,Software business,2026-01-10,30.0,Hà Nội,CÔNG TY GENLOGIN SOFTWARE
513,Concept Artist,2026-01-10,27.0,Hà Nội,CÔNG TY HIGAME
514,Software business,2026-01-10,15.0,Hà Nội,KỸ NGHỆ PHÚC ANH
515,Backend Developer,2026-01-10,32.0,Hà Nội,CÔNG TY AEQUITAS
516,IT Project Manager,2026-01-10,50.0,Hà Nội,CÔNG TY CƠ ĐIỆN LẠNH HOÀNG ĐẠT
517,Graphic design,2026-01-10,15.0,Hồ Chí Minh,SẢN XUẤT THƯƠNG MẠI DỊCH VỤ THIẾT KIẾN TẠO
518,Graphic design,2026-01-14,15.0,Hà Nội,FOLINAS
519,Software business,2026-01-31,20.0,Hồ Chí Minh,CÔNG TY ODS
520,Backend Developer,2026-03-31,31.470588235294116,Hà Nội,CÔNG NGHỆ AMCOLAB
521,Software business,2026-01-15,27.602941176470587,Hà Nội,CÔNG TY CÔNG NGHỆ PHẦN MỀM VÀ NỘI DUNG SỐ OSP
522,Software business,2026-01-10,20.6875,Hồ Chí Minh,FINAN
523,System engineer,2026-01-31,45.0,Hà Nội,CÔNG TY HẠ TẦNG VIỄN THÔNG CMC TELECOM
524,Graphic design,2026-01-10,5.0,Hà Nội,CÔNG NGHỆ SẠCH NÔNG NGHIỆP
525,IoT engineer,2026-01-31,18.0,Hà Nội,CÔNG TY ĐẦU TƯ THƯƠNG MẠI VÀ PHÁT TRIỂN CÔNG NGHỆ FSI
526,Security administration and operations,2026-01-10,18.997692307692308,Hồ Chí Minh,NGÂN HÀNG THƯƠNG MẠI NAM Á (NAM A BANK)
527,Data Labeling,2026-01-10,6.15,Hà Nội,CAKE BY VPBANK DIGITAL BANK
528,Animation Design,2026-01-12,15.0,Hồ Chí Minh,NƯỚC GIẢI KHÁT CÀ PHÊ LEKOFE
529,Graphic design,2025-12-26,12.0,Hà Nội,CÔNG TY THUẬN THIÊN NATURALIS
530,Graphic design,2025-12-26,15.0,Hà Nội,CÔNG TY TRÁCH NHIỆM HỮU HẠN THƯƠNG MẠI VÀ SẢN XUẤT KHÁNH XUÂN
531,Graphic design,2026-01-09,15.0,Hà Nội,FOREVERMARK VIETNAM
532,Other Information Technology expertise,2026-01-09,12.333333333333334,Hồ Chí Minh,FPT SOFTWARE
533,Graphic design,2026-01-10,12.0,Hưng Yên,CÔNG TY EVERGREEN ĐẦU TƯ
534,Product Owner/Product Manager,2026-01-09,32.857142857142854,Hà Nội,CÔNG TY LYNKID
535,Graphic design,2026-01-09,15.130081300813009,Hà Nội,CÔNG TY ĐẦU TƯ VÀ GIÁO DỤC HANOI ACADEMY
536,IT Project Manager,2026-01-09,17.0,Hà Nội,CÔNG TY GIẢI PHÁP ENTERPRISENAO
537,Other Education/Training expertise,2026-01-09,20.0,Hà Nội,CÔNG TY CÔNG NGHỆ GIÁO DỤC ONK12
538,IT Project Manager,2026-01-09,45.25,Hà Nội,NTT DATA VIỆT NAM
539,Data Scientist,2026-01-13,30.0,Hà Nội,"TECHVIFY SOFTWARE.,"
540,Software business,2026-01-09,16.0,Hà Nội,CÔNG TY CÔNG NGHỆ VCS VIỆT NAM
541,Graphic design,2026-01-09,15.0,Hà Nội,CÔNG TY BIBOMART TM
542,Software business,2026-01-10,35.0,Hà Nội,CÔNG TY ĐÀO TẠO TRỰC TUYẾN UNICA
543,Mobile Developer,2026-01-24,38.0,Hà Nội,NTQ SOLUTION
544,Animation Design,2026-01-09,17.0,Hồ Chí Minh,CÔNG TY TECHAINER
545,Software business,2026-01-09,20.0,Hà Nội,CÔNG TY CÔNG NGHỆ NESSAR VIỆT NAM
546,Graphic design,2026-01-09,3.0,Hồ Chí Minh,ON DIGITALS
547,IT Helpdesk/IT support,2026-01-10,23.33984375,Lâm Đồng,CÔNG TY DU LỊCH NÚI TÀ CÚ
548,Domain/Hosting/Server business,2026-01-09,10.0,Hồ Chí Minh,CÔNG NGHỆ PHẦN MỀM NASANI
549,Hardware engineer,2026-01-09,13.0,Hải Phòng,SMART LOGISTICS SERVICE (HẢI PHÒNG)
550,IT Consulting,2026-01-12,18.997692307692308,Hồ Chí Minh,CÔNG TY GIẢI PHÁP DOANH NGHIỆP TOÀN CẦU
551,System engineer,2026-02-28,15.0,Hà Nội,CÔNG TY GIẢI PHÁP SỐ VÀ DỊCH VỤ VIỄN THÔNG
553,Graphic design,2026-01-10,15.130081300813009,Hà Nội,SẢN XUẤT TRUYỀN THÔNG IDS
554,Animation Design,2026-01-31,15.0,Hà Nội,HBR HOLDINGS
555,Graphic design,2026-01-10,15.0,Hà Nội,HỘ KINH DOANH BEE SHOES
556,Software business,2026-01-09,15.0,Hà Nội,CÔNG NGHỆ INNOVIA
557,Animation Design,2026-01-31,1.0,Hồ Chí Minh,CÔNG TY ĐẦU TƯ VÀ DỊCH VỤ ĐẤT XANH MIỀN NAM
558,Domain/Hosting/Server business,2026-01-10,32.0,Hồ Chí Minh,CÔNG NGHỆ PHẦN MỀM NASANI
559,Graphic design,2026-01-09,20.0,Hà Nội,CÔNG TY HỌC VIỆN MINH TRÍ THÀNH
560,Animation Design,2026-01-31,20.0,Hà Nội,CÔNG TY DỊCH VỤ BẤT ĐỘNG SẢN DMH GROUP
561,Embedded Engineer/Embedded Programmer,2026-01-09,18.997692307692308,Hồ Chí Minh,CÔNG TY TẬP ĐOÀN CÔNG NGHỆ IDEA
562,Graphic design,2026-01-10,15.0,Hồ Chí Minh,CÔNG TY THƯƠNG MẠI VÀ SẢN XUẤT HGF
563,Animation Design,2026-01-31,20.0,Hà Nội,CÔNG TY ĐẦU TƯ HBR HOLDINGS
564,IT technical sales,2026-01-10,30.0,Hà Nội,SẢN XUẤT VÀ DỊCH VỤ CMC
565,QA Engineer,2026-01-09,12.0,Hồ Chí Minh,CÔNG TY DNP HOLDING
566,Software Tester,2026-01-09,18.997692307692308,Hồ Chí Minh,FPT SOFTWARE
567,UI/UX Design,2025-12-31,67.5,Hà Nội,CÔNG TY IKAME GLOBAL
568,Mobile Developer,2026-01-08,44.0,Hà Nội,CÔNG NGHỆ VÀ THƯƠNG MẠI LIFESUP
569,Graphic design,2026-01-09,17.0,Hà Nội,ĐẦU TƯ VÀ PHÁT TRIỂN CÔNG NGHỆ THE20
571,Game Design,2026-01-08,20.0,Hà Nội,EYESTORM
573,Graphic design,2026-01-08,15.130081300813009,Hà Nội,MAISSE
574,Graphic design,2026-01-10,15.0,Hà Nội,TRUYỀN THÔNG MAINN MEDIA
575,Animation Design,2026-01-08,20.0,Hà Nội,LOVE MAXX
576,IT Project Manager,2026-01-08,80.0,Hà Nội,CÔNG TY SMARTOSC
577,Machine programming engineer,2026-01-09,18.0,Bắc Ninh,SEOJIN AUTO
578,Graphic design,2026-01-08,23.33984375,Khánh Hòa,THƯƠNG MẠI VÀ DỊCH VỤ GIA HOÀNG VIỆT
579,Game Design,2026-01-08,10.0,Hà Nội,SUPER GAME
580,Graphic design,2026-01-08,15.0,Hà Nội,CATBOX VIỆT NAM
581,Product Owner/Product Manager,2026-01-08,32.857142857142854,Hà Nội,CÔNG TY AGGREGATORI CAPACI
582,Backend Developer,2026-01-08,23.96666666666667,Hồ Chí Minh,CÔNG TY VÀNG BẠC ĐÁ QUÝ PHÚ NHUẬN PNJ
583,Product Owner/Product Manager,2026-01-08,25.0,Hà Nội,HỘ KINH DOANH FFSHOP GAMING
584,Security strategy and analysis,2026-02-10,30.0,Hà Nội,CÔNG NGHỆ THÔNG TIN VÀ TRUYỀN THÔNG GTEL
585,Software business,2026-01-08,27.602941176470587,Hà Nội,CÔNG TY CÔNG NGHỆ SOTATEK VIỆT NAM
586,Business Analyst,2026-01-11,25.0,Thanh Hóa,CÔNG TY TƯ VẤN CÔNG NGHỆ NGS
587,IT Consulting,2026-01-08,25.0,Thanh Hóa,CÔNG TY TƯ VẤN CÔNG NGHỆ NGS
588,Software Engineer,2026-01-08,40.642857142857146,Hà Nội,CÔNG TY KAOPIZ SOFTWARE
589,Software business,2026-01-08,27.602941176470587,Hà Nội,CÔNG TY TCOM
590,Product Owner/Product Manager,2026-01-09,27.0,Hồ Chí Minh,CÔNG TY KREDIVO VIỆT NAM
591,Other Information Technology expertise,2026-01-09,25.857142857142858,Hà Nội,CÔNG TY FLEXFIT
592,Animation Design,2026-01-08,14.5,Hà Nội,TẬP ĐOÀN EUROWINDOW HOLDING
593,Graphic design,2026-01-10,15.0,Hà Nội,CÔNG TY AZEUS GLOBAL
594,Software business,2026-01-08,20.6875,Hồ Chí Minh,CÔNG TY CÔNG NGHỆ CITEK
595,Fraud prevention and network security,2026-01-08,18.997692307692308,Hồ Chí Minh,CÔNG TY TẬP ĐOÀN YEAH1
596,Repair/Maintenance of electronics/telecommunications,2026-01-08,13.0,Hồ Chí Minh,CITY ONE VIỆT NAM
597,Animation Design,2026-01-08,16.0,Hà Nội,DU THUYỀN VENUS
598,Software business,2026-01-08,13.25,Cần Thơ,CÔNG TY GIẢI PHÁP MITA
599,Software business,2026-01-09,27.602941176470587,Hà Nội,CÔNG TY TCOM
600,Graphic design,2026-01-08,1.0,Hồ Chí Minh,TM TÍN DÂN
601,AI Engineer,2026-01-08,30.0,Hà Nội,CÔNG TY ECOIT
602,Software business,2026-01-08,20.0,Hà Nội,CÔNG TY TRUYỀN THÔNG TRỰC TUYẾN VGMO
603,Solution Architect,2026-01-08,18.997692307692308,Hồ Chí Minh,CÔNG TY TRÁCH NHIỆM HỮU HẠN GIẢI PHÁP TOÀN CẦU IIJ VIỆT NAM
604,IT technical sales,2026-01-08,46.666666666666664,Hồ Chí Minh,CÔNG TY TRÁCH NHIỆM HỮU HẠN GIẢI PHÁP TOÀN CẦU IIJ VIỆT NAM
605,IT Project Manager,2026-01-09,35.0,Hồ Chí Minh,WACONTRE ONE MEMBER LIMITED
606,Graphic design,2026-01-08,12.0,Hà Nội,CÔNG TY THIẾT KẾ GURU
607,Animation Design,2025-12-24,12.0,Hà Nội,CÔNG TY TRUYỀN THÔNG VÀ GIẢI TRÍ HUTA MEDIA
609,Mobile Developer,2026-01-08,38.0,Hà Nội,NTQ SOLUTION
610,Graphic design,2026-01-08,20.0,Thanh Hóa,BASIC INTERNATIONAL VIỆT NAM
612,Other Graphic/Interface/Experience Design Expertise,2025-12-24,30.0,Hồ Chí Minh,VLAST VIỆT NAM
613,Graphic design,2025-12-24,35.0,Hồ Chí Minh,VLAST VIỆT NAM
614,UI/UX Design,2025-12-24,30.0,Hà Nội,THỰC PHẨM TRƯỜNG SINH VIỆT NAM
615,Other Information Technology expertise,2026-01-07,28.0,Hà Nội,TẬP ĐOÀN AN PHÁT HOLDINGS
616,System engineer,2026-01-07,18.0,Hà Nội,CÔNG TY ĐẦU TƯ GIÁO DỤC VÀ PHÁT TRIỂN CÔNG NGHỆ QUỐC TẾ LANGMASTER
617,IoT engineer,2026-01-07,18.0,Hà Nội,HBR HOLDINGS
618,Fraud prevention and network security,2026-01-07,20.0,Hà Nội,CÔNG TY TÀI CHÍNH MTV TNEX (TNEX FINANCE)
619,Game Design,2026-01-31,22.428571428571427,Hà Nội,CÔNG TY CÔNG NGHỆ TECHLAB
620,UI/UX Design,2026-01-07,16.0,Hồ Chí Minh,BÌNH VIỆT ĐỨC
621,Software business,2026-01-07,27.602941176470587,Hà Nội,FSI DIGITAL DATA SOLUTION JOINT STOCK COMPANY
622,Business Analyst,2026-01-08,40.0,Hà Nội,GIẢI PHÁP PHÂN TÍCH DỮ LIỆU INSIGHT DATA
623,System Administrator,2026-01-07,24.0,Hà Nội,VIETTEL IDC
624,3D Modeler,2026-01-07,25.0,Hồ Chí Minh,BLU PRODUCTION
625,IT Engineering,2026-01-07,15.0,Hà Nội,AMI GROUP
626,UI/UX Design,2026-01-07,34.0,Hà Nội,CÔNG TY CÔNG NGHỆ ALPHAWAY
627,Automation Tester,2026-01-07,31.0,Hà Nội,CÔNG TY CÔNG NGHỆ ALPHAWAY
628,Mobile Developer,2026-01-07,34.0,Hà Nội,CÔNG TY CÔNG NGHỆ ALPHAWAY
629,Graphic design,2026-01-07,8.0,Đà Nẵng,THẨM MỸ TÂM AN MEDICAL
630,Other Marketing/PR/Advertising expertise,2026-01-07,18.0,Hà Nội,WAYFU STUDIO
631,Graphic design,2026-01-07,18.0,Hà Nội,TRUYỀN THÔNG VÀ GIẢI PHÁP TRỰC TUYẾN LEADSGEN
632,Database Administrator,2026-01-07,55.0,Hà Nội,CÔNG TY HỆ THỐNG CÔNG NGHỆ ETC
633,Other Information Technology expertise,2026-01-07,65.0,Hà Nội,CÔNG TY HỆ THỐNG CÔNG NGHỆ ETC
634,Graphic design,2026-01-07,12.0,Nghệ An,TT MEDIA
635,Game Design,2026-01-31,22.428571428571427,Hà Nội,CÔNG TY FUNTAP
636,Security administration and operations,2026-01-07,20.0,Hà Nội,DU LỊCH F5 VIỆT NAM
637,Graphic design,2026-01-07,13.375,Hồ Chí Minh,THƯƠNG MẠI NEXZEN AESTHETIC & HEALTH
640,Graphic design,2026-01-07,15.0,Hà Nội,TRUYỀN THÔNG VÀ THƯƠNG HIỆU BYAWE
641,Business Analyst,2026-01-07,50.0,Hà Nội,CÔNG TY TRUYỀN THÔNG VĂN HOÁ VIỆT
642,Sales IT Other software,2026-01-08,20.0,Hồ Chí Minh,CÔNG TY PHẦN MỀM DI GI WIN VIỆT NAM
643,Graphic design,2026-01-07,12.0,Hà Nội,CÔNG TY TRUYỀN THÔNG LATO
644,Animation Design,2026-01-07,17.0,Hồ Chí Minh,ĐẦU TƯ THƯƠNG MẠI VÀ DU LỊCH QUỐC TẾ HÒA BÌNH
645,Graphic design,2026-01-15,12.0,Hà Nội,LANGUAGE LINK VIỆT NAM
646,Workers operate the machine,2026-03-13,15.0,Hồ Chí Minh,THIẾT BỊ KHOA HỌC LABONE
647,Graphic design,2026-01-07,15.130081300813009,Hà Nội,CÔNG TY TRUYỀN THÔNG AVAT VIỆT NAM
648,Illustration,2026-01-07,15.0,Hà Nội,CATBOX VIỆT NAM
649,Graphic design,2026-01-07,14.0,Hà Nội,CÔNG TY LIBERICO
650,IT Helpdesk/IT support,2026-01-07,23.33984375,Vĩnh Long,CTY J&T EXPRESS
651,DevOps Engineer,2026-01-07,32.833333333333336,Hà Nội,CÔNG TY CÔNG NGHỆ VÀ TƯ VẤN CIC
652,Graphic design,2026-01-07,18.0,Hà Nội,CÔNG TY TẬP ĐOÀN PHÁT TRIỂN BẤT ĐỘNG SẢN SSM GROUP
653,Software Architect,2026-01-08,60.0,Hà Nội,CÔNG TY FINT VIỆT NAM
654,Software business,2026-01-08,20.0,Hồ Chí Minh,DỊCH VỤ VÀ GIẢI PHÁP PHẦN MỀM BADO
655,Graphic design,2026-01-08,13.375,Hồ Chí Minh,CN DỊCH VỤ VÀ THƯƠNG MẠI MESA
656,Management accounting,2026-01-07,18.0,Hà Nội,CÔNG TY THƯƠNG MẠI & DỊCH VỤ MEDLATEC GROUP
657,Product Owner/Product Manager,2026-01-07,35.0,Hà Nội,CÔNG TY BẤT ĐỘNG SẢN THẾ KỶ
658,Graphic design,2026-01-07,15.130081300813009,Hà Nội,CÔNG TY GENA THÁI BÌNH DƯƠNG
659,Graphic design,2026-01-15,15.130081300813009,Hà Nội,DỊCH VỤ VÀ THƯƠNG MẠI ĐỨC BÌNH
660,Animation Design,2026-01-07,6.0,Hà Nội,CÔNG TY CÔNG NGHỆ VÀ GIẢI PHÁP NMB
661,IT Engineering,2026-01-07,9.0,Bắc Ninh,CÔNG TY THƯƠNG MẠI DỊCH VỤ PHONG VŨ
662,Software Engineer,2026-01-08,40.642857142857146,Hà Nội,PHÂN PHỐI CÔNG NGHỆ N TEK
663,Scrum Master,2026-01-10,32.0,Hà Nội,CÔNG TY MỸ PHẨM QUỐC TẾ THÙY DUNG
664,Graphic design,2026-01-07,15.130081300813009,Hà Nội,CÔNG TY MLAND COASTAL
665,Software business,2026-01-07,0.5,Hồ Chí Minh,CÔNG NGHỆ PHẦN MỀM DUDI
666,Software business,2026-01-07,25.0,Hồ Chí Minh,CÔNG NGHỆ PHẦN MỀM NASANI
667,System Administrator,2026-01-08,24.0,Hà Nội,LG CNS VIỆT NAM
668,Graphic design,2026-01-07,23.33984375,Hà Nội,MTV HN CORPORATION
669,IT technical sales,2026-01-31,20.0,Hà Nội,CÔNG TY ĐẦU TƯ THƯƠNG MẠI VÀ PHÁT TRIỂN CÔNG NGHỆ FSI
670,Fullstack Developer,2026-01-10,20.0,Nghệ An,CÔNG TY CÔNG NGHỆ ECRM
671,Graphic design,2026-01-08,12.0,Hồ Chí Minh,THƯƠNG MẠI DỊCH VỤ TAM TÀI NHÂN
672,Embedded Engineer/Embedded Programmer,2026-01-31,45.0,Hà Nội,CÔNG TY CÔNG NGHỆ THÔNG MINH OXII
673,System Administrator,2026-01-06,24.0,Hà Nội,VIETTEL IDC
674,Cloud Engineer,2026-01-06,25.299999999999997,Hà Nội,CÔNG TY HẠ TẦNG VIỄN THÔNG CMC TELECOM
675,Embedded Engineer/Embedded Programmer,2026-01-06,45.0,Hà Nội,MỘT THÀNH VIÊN TỔNG CÔNG TY SẢN XUẤT THIẾT BỊ VIETTEL
676,Graphic design,2025-12-31,25.0,Hà Nội,CÔNG TY MISA
677,Graphic design,2026-01-05,20.0,Ninh Bình,CÔNG TY NỘI THẤT MẠNH TRƯỜNG
678,Software Tester,2026-01-05,10.0,Đồng Nai,CÔNG TY LIÊN KẾT QUỐC TẾ INKINDY
679,Graphic design,2026-01-31,12.0,Hà Nội,THỰC PHẨM SẠCH THƯƠNG MẠI T&P
680,Graphic design,2026-01-05,15.130081300813009,Hà Nội,TRUYỀN THÔNG UNICOMM
681,Product Owner/Product Manager,2026-01-05,35.0,Hà Nội,CÔNG TY BẤT ĐỘNG SẢN THẾ KỶ
682,Backend Developer,2026-01-05,40.0,Hà Nội,OPENCOMMERCE GROUP
683,DevOps Engineer,2025-12-21,30.0,Hà Nội,DATAX POWER
684,Graphic design,2025-12-20,13.375,Hồ Chí Minh,TRUYỀN THÔNG SỰ KIỆN WINNER
685,Graphic design,2026-02-28,30.0,Hà Nội,CÔNG TY TRUYỀN THÔNG F MVM VIỆT NAM
686,Other Information Technology expertise,2026-01-04,25.857142857142858,Hà Nội,FPT SOFTWARE
687,IT Project Manager,2026-01-04,45.25,Hà Nội,SVTECH
688,Graphic design,2026-01-04,13.0,Hà Nội,CÔNG TY TẬP ĐOÀN ĐẦU TƯ BẮC HẢI
689,Graphic design,2026-01-04,12.0,Hà Nội,TỔNG CÔNG TY TRUYỀN THÔNG AZS VIỆT NAM
690,Solution Architect,2026-01-04,50.0,Hà Nội,ALPHAWAY TECHNOLOGY
691,Other Information Technology expertise,2026-01-04,25.857142857142858,Hà Nội,CÔNG TY VTI
692,System integration,2026-01-04,18.997692307692308,Hồ Chí Minh,SVTECH
693,Graphic design,2026-01-31,13.375,Hồ Chí Minh,MĂMMY VIỆT NAM
696,Game Tester,2026-01-04,13.0,Hà Nội,CÔNG TY QUẢNG CÁO FPT ADTRUE
697,Software business,2025-12-31,20.6875,Hồ Chí Minh,CÔNG TY CÔNG NGHỆ CITEK
698,Graphic design,2026-01-04,30.0,Hà Nội,CÔNG TY TẬP ĐOÀN TMS
699,Business Analyst,2026-01-04,32.44444444444444,Hà Nội,CÔNG TY FINT VIỆT NAM
700,Product Owner/Product Manager,2026-02-28,32.857142857142854,Hà Nội,CÔNG TY DEHA VIỆT NAM
701,Graphic design,2026-01-05,2.0,Hà Nội,CÔNG TY AGLOBAL
702,Graphic design,2026-01-05,2.0,Hà Nội,CÔNG TY ORION MEDIA
703,Software business,2026-01-05,35.0,Hà Nội,CÔNG TY CÔNG NGHỆ VÀ TRUYỀN THÔNG NIỀM TIN
704,Graphic design,2026-01-04,15.0,Hà Nội,CÔNG TY EAZ VIỆT NAM
705,Graphic design,2026-01-05,30.0,Hà Nội,SẢN XUẤT TRUYỀN THÔNG IDS
706,Graphic design,2026-01-04,16.0,Hà Nội,CÔNG TY K.LONG ()
707,Other Education/Training expertise,2026-01-04,25.0,Hà Nội,CÔNG TY RIKKEI EDUCATION
708,Graphic design,2026-01-04,10.0,Hà Nội,QUẢNG CÁO VÀ IN ẤN TRƯỜNG KIM
709,Product Owner/Product Manager,2026-12-01,32.857142857142854,Hà Nội,TEENUP
710,Graphic design,2026-01-04,15.0,Hà Nội,TRUYỀN THÔNG MEDIA POWER
711,Data Analyst,2026-01-04,50.0,Hà Nội,CÔNG TY TRUYỀN THÔNG VĂN HOÁ VIỆT
712,Software business,2026-01-04,25.0,Hồ Chí Minh,CÔNG TY EASYSALON VIỆT NAM
713,Graphic design,2026-01-04,14.0,Hồ Chí Minh,CÔNG TY TRUYỀN THÔNG PHẠM SƠN
714,IT consulting/IT consultant,2026-01-04,24.977649769585252,Hà Nội,CÔNG TY TRÁCH NHIỆM HỮU HẠN CADENA VIỆT NAM
715,Graphic design,2026-01-05,15.0,Hà Nội,CÔNG TY THIẾT KẾ XÂY DỰNG HTH
716,Other Information Technology expertise,2026-01-04,12.333333333333334,Hồ Chí Minh,FPT SOFTWARE
718,Data Scientist,2026-01-04,30.0,Hà Nội,CÔNG TY CÔNG NGHỆ ALPHAWAY
719,Animation Design,2026-01-03,14.5,Hà Nội,CÔNG TY BẢO TÍN MẠNH HẢI
720,3D Modeler,2026-01-03,25.0,Hà Nội,ELENTEC VIỆT NAM
721,Other Game Development positions,2026-01-03,25.0,Hà Nội,CÔNG TY CÔNG NGHỆ CSCMOBI VIỆT NAM
723,Graphic design,2026-01-03,15.130081300813009,Hà Nội,QUỐC TẾ NAVITEX
724,Other expertise,2026-01-03,20.0,Hà Nội,HBR HOLDINGS
725,3D Modeler,2026-01-03,25.0,Hồ Chí Minh,SX TM ARTSTUFF
726,Software business,2026-01-03,15.0,Hà Nội,CÔNG TY CÔNG NGHỆ HEYU VIỆT NAM
727,Graphic design,2026-01-03,25.0,Đắk Lắk,ĐẦU TƯ TÍN NHÂN
728,Graphic design,2025-12-21,13.0,Hà Nội,BC AGENCY
729,Software Engineer,2026-01-31,25.0,Hà Nội,CÔNG TY THÁP NƯỚC HÀ NỘI
730,Graphic design,2026-01-03,12.0,Hải Phòng,GIẢI TRÍ VHUNTER
731,Software business,2026-01-03,6.0,Hà Nội,AN ĐỨC TÂM
732,Technical Manager,2026-01-03,24.977649769585252,Hà Nội,CÔNG TY CHO CHO
733,PLC/SCADA programming engineer,2026-01-31,40.0,Bắc Ninh,THIẾT BỊ FUJIA VIỆT NAM
734,Fullstack Developer,2026-01-03,37.0,Hà Nội,NTQ SOLUTION
735,Graphic design,2026-01-03,13.375,Hồ Chí Minh,CÔNG TY ĐẦU TƯ THƯƠNG MẠI & DỊCH VỤ NGỌC NAM PHƯƠNG
737,DevOps Engineer,2026-01-03,25.0,Hà Nội,CÔNG TY TẬP ĐOÀN APEC GROUP
738,Graphic design,2026-01-03,4.0,Hà Nội,CÔNG TY GOVI VIỆT NAM
739,Software Tester,2026-01-04,27.25,Hà Nội,CÔNG TY CÔNG NGHỆ ALPHAWAY
740,Software Engineer,2026-01-03,24.0,Hà Nội,CÔNG TY CÔNG NGHỆ ALPHAWAY
741,3D Modeler,2026-01-04,25.0,Hồ Chí Minh,CÔNG TY TRUYỀN THÔNG TBA
742,Frontend Developer,2026-01-04,37.0,Hà Nội,CÔNG TY CÔNG NGHỆ ALPHAWAY
743,IT Security Specialist,2026-01-03,80.0,Hà Nội,CÔNG TY VCCORP SOHAGAME
744,Manual Tester,2026-01-04,25.0,Hà Nội,PHẦN MỀM TWENDEE
745,Software business,2026-01-03,20.0,Hồ Chí Minh,CÔNG TY TS24
746,UI/UX Design,2026-01-31,34.0,Hà Nội,CÔNG TY CÔNG NGHỆ ALPHAWAY
747,Business Analyst,2026-01-08,28.0,Hà Nội,CÔNG TY TƯ VẤN CÔNG NGHỆ NGS
748,Graphic design,2026-01-04,15.130081300813009,Hà Nội,TMDV MỸ PHẨM L & J
750,Graphic design,2026-01-03,13.375,Hồ Chí Minh,D'ART CHOCOLATE
751,IT Engineering,2026-01-03,25.0,Thanh Hóa,CÔNG TY TƯ VẤN CÔNG NGHỆ NGS
752,Software business,2026-01-09,27.602941176470587,Hà Nội,CÔNG TY TƯ VẤN CÔNG NGHỆ NGS
753,Software business,2026-01-14,27.602941176470587,Hà Nội,CÔNG TY TƯ VẤN CÔNG NGHỆ NGS
754,Technical Manager,2026-01-03,18.997692307692308,Hồ Chí Minh,THƯƠNG MẠI DỊCH VỤ KỸ THUẬT TẦM NHÌN
755,IT Comtor,2026-01-31,40.0,Hà Nội,CÔNG TY CÔNG NGHỆ AMELA VIỆT NAM
756,Data Engineer,2026-01-10,40.5,Hà Nội,CÔNG TY ĐẦU TƯ KD
757,Data Engineer,2026-01-31,40.5,Hà Nội,CÔNG TY CÔNG NGHỆ ALPHAWAY
758,Manual Tester,2026-01-04,23.5,Hà Nội,"TECHVIFY SOFTWARE.,"
759,IT Engineering,2026-01-31,50.0,Hà Nội,CÔNG TY SSS VIỆT NAM
760,UI/UX Design,2026-01-03,23.33984375,Quảng Trị,DU LỊCH SOVABA
761,Business Analyst,2026-01-03,32.44444444444444,Hà Nội,CÔNG TY AHT TECH
762,Software business,2026-01-03,15.0,Hồ Chí Minh,CÔNG NGHỆ PHẦN MỀM NASANI
763,Data Engineer,2026-01-03,50.0,Hồ Chí Minh,CÔNG TY TÀI CHÍNH HD SAISON
764,Embedded Engineer/Embedded Programmer,2026-01-03,45.0,Hà Nội,G LUXURY INTERNATIONAL
765,Graphic design,2026-01-31,15.0,Hà Nội,CÔNG TY KIDS PLAZA
766,IT technical sales,2026-01-03,20.0,Hà Nội,CÔNG TY PHÁT TRIỂN DỊCH VỤ ĐÁM MÂY CLOUDAZ
767,Graphic design,2026-01-03,5.0,Hồ Chí Minh,THỤC SAN NGUYỄN
768,PLC/SCADA programming engineer,2026-01-31,15.0,Đồng Nai,CÔNG TY THÀNH PHỐ DU LỊCH SINH THÁI SƠN TIÊN
769,Graphic design,2026-01-03,3.0,Hồ Chí Minh,CÔNG TY TRUYỀN THÔNG & GIẢI TRÍ AMAZING MEDIA
770,Japanese translation,2026-03-31,24.977649769585252,Hà Nội,CÔNG TY OMINEXT
771,Graphic design,2025-12-19,15.0,Hà Nội,BỆNH VIỆN VIỆT BỈ
772,UI/UX Design,2025-12-31,16.0,Hồ Chí Minh,CÔNG NGHỆ & DỊCH VỤ ĐẤT VIỆT
773,Mobile Developer,2025-12-31,35.0,Hồ Chí Minh,CÔNG NGHỆ & DỊCH VỤ ĐẤT VIỆT
774,UI/UX Design,2026-12-03,50.0,Hà Nội,CÔNG TY CMC OPENAI
775,System Administrator,2026-01-02,12.0,Hà Nội,CÔNG TY HẠ TẦNG CÔNG NGHỆ HÀNG KHÔNG
776,Software business,2026-01-02,20.6875,Hồ Chí Minh,UNIT CORP
777,Domain/Hosting/Server business,2026-01-02,30.75,Hồ Chí Minh,CHI NHÁNH CÔNG TY GIẢI PHÁP TỰ ĐỘNG HÓA KỸ THUẬT VIỆT NAM
778,Other Information Technology expertise,2026-01-31,12.333333333333334,Hồ Chí Minh,CÔNG TY CÔNG NGHỆ DTG
779,Graphic design,2026-01-02,22.0,Hồ Chí Minh,ĐẦU TƯ VÀ THƯƠNG MẠI ELVA
780,Other Information Technology expertise,2026-01-31,25.857142857142858,Hà Nội,TRƯỜNG ĐẠI HỌC CÔNG NGHỆ ĐÔNG Á
781,3D Modeler,2026-01-02,15.0,Hồ Chí Minh,CÔNG TY KẾT CẤU THÉP QH PLUS
782,Teachers of other subjects,2026-01-31,24.977649769585252,Hà Nội,TRƯỜNG ĐẠI HỌC CÔNG NGHỆ ĐÔNG Á
783,UI/UX Design,2026-01-02,40.0,Hà Nội,CÔNG TY TẬP ĐOÀN CÔNG NGHỆ THIÊN HOÀNG
784,Software business,2026-01-02,20.6875,Hồ Chí Minh,CÔNG TY EXCEL TECHNOLOGIES
785,IT Project Manager,2026-01-31,45.25,Hà Nội,CÔNG TY KAOPIZ HOLDINGS
786,IT Security Specialist,2026-01-02,130.0,Hà Nội,CÔNG TY U2U NETWORK
787,Graphic design,2026-01-02,17.0,Hồ Chí Minh,THÁI MẬU
788,Graphic design,2026-01-02,15.0,Hà Nội,DU LỊCH VÀ BIỂU DIỄN NGHỆ THUẬT TÂN ĐẠI PHÁT
789,Software business,2026-01-02,27.602941176470587,Hà Nội,CÔNG TY TIẾP THỊ SỐ TÔ QUÀ
790,Software business,2026-01-02,30.0,Hà Nội,CÔNG NGHỆ VIETBAY
791,Backend Developer,2026-01-02,40.0,Hà Nội,CÔNG TY VIỄN THÔNG FPT
792,PLC/SCADA programming engineer,2026-01-02,25.0,Hà Nội,CÔNG TY CÔNG NGHỆ NEWES
793,Bridging engineer BrSE,2026-01-31,19.333333333333332,Đà Nẵng,"TOMOSIA CO.,"
794,Other Information Technology expertise,2026-01-02,50.0,Hà Nội,CÔNG TY GIẢI PHÁP QUẢN LÝ SSG
795,Machine programming engineer,2026-01-31,20.0,Hà Nội,CÔNG TY SẢN XUẤT KHUÔN MẪU VIỆT NAM
796,Game Design,2026-01-02,20.0,Hồ Chí Minh,NEXON DEV VINA
797,Graphic design,2026-01-02,13.375,Hồ Chí Minh,CÔNG TY BEYOND COMMUNICATION
798,Illustration,2026-01-02,17.5,Hà Nội,SỰ KIỆN TRUYỀN THÔNG VÀ ĐÀO TẠO AT MEDIA
799,Software business,2026-01-03,27.602941176470587,Hà Nội,CÔNG TY NTTE MOI
800,Graphic design,2026-01-02,15.130081300813009,Hà Nội,TRUYỀN THÔNG UNICOMM
801,Animation Design,2026-01-02,20.0,Hà Nội,CÔNG TY WEEGOON GLOBAL
802,Domain/Hosting/Server business,2026-01-02,30.75,Hồ Chí Minh,THƯƠNG MẠI VÀ DỊCH VỤ NINA
803,Software business,2026-01-04,20.6875,Hồ Chí Minh,HQSOFT
804,Software Engineer,2026-01-31,30.0,Hồ Chí Minh,CÔNG TY DỊCH VỤ CÔNG NGHỆ TIN HỌC HPT
805,IT Project Manager,2026-01-03,30.0,Hồ Chí Minh,THANKSLAB VIỆT NAM
806,System integration,2026-01-15,24.977649769585252,Hà Nội,CÔNG TY CÔNG NGHỆ VIỄN THÔNG ELCOM
807,IT Engineering,2026-01-02,12.0,Hà Nội,CÔNG TY CÔNG NGHỆ VÀ ỨNG DỤNG SỐ VIỆT NAM
808,IT Project Manager,2026-01-02,45.0,Hà Nội,CÔNG TY CÔNG NGHỆ ALPHAWAY
809,Graphic design,2026-01-31,15.0,Hà Nội,DVTM HOÀNG BÌNH
810,Software business,2026-01-02,25.0,Hồ Chí Minh,EEO VIỆT NAM
811,Graphic design,2026-01-02,13.375,Hồ Chí Minh,EEO VIỆT NAM
812,Fullstack Developer,2026-01-01,24.555555555555557,Hà Nội,CÔNG TY KAOPIZ HOLDINGS
813,Software business,2026-01-10,25.0,Hà Nội,"CODLUCK TECHNOLOGY .,"
814,Other Information Technology expertise,2026-01-01,9.0,Hà Nội,CÔNG TY BELLSYSTEM24 VIỆT NAM
815,Manual Tester,2026-01-02,28.0,Hà Nội,CÔNG TY CÔNG NGHỆ ALPHAWAY
816,IT Project Manager,2026-01-01,60.0,Hà Nội,CTY THUNDERSOFT VIỆT NAM
817,Graphic design,2026-01-01,15.0,Hà Nội,CÔNG TY ERICAPE
818,Graphic design,2026-01-15,13.0,Hà Nội,DỊCH VỤ TRUYỀN THÔNG DC MEDIA GLOBAL
819,Quality control,2026-01-01,15.0,Hải Phòng,VINA FOAM VIỆT NAM
820,Business assistant,2026-01-31,20.0,Hà Nội,TRUNG TÂM NGOẠI NGỮ BINGGO LEADERS
821,Software Tester,2026-01-02,25.0,Hà Nội,GIẢI PHÁP PHÂN TÍCH DỮ LIỆU INSIGHT DATA
822,IT Project Manager,2026-01-15,145.8,Nước Ngoài,FPT IS
823,Graphic design,2026-01-01,13.375,Hồ Chí Minh,CÔNG TY BIA THỦ CÔNG BRAUHOF SAIGON
824,Graphic design,2026-01-01,15.130081300813009,Hà Nội,YIC ONE
825,Animation Design,2026-01-01,14.0,Hà Nội,CÔNG TY ABT HOMES
826,Graphic design,2026-01-01,6.0,Hà Nội,MENCARE VIỆT NAM
827,Graphic design,2026-01-01,15.130081300813009,Hà Nội,ANTHI VINA
828,Mechanical engineer,2026-01-01,16.0,Hà Nội,ASTEMO HÀ NỘI
829,Animation Design,2026-01-01,12.0,Hà Nội,CÔNG TY WEEGOON GLOBAL
830,Data Analyst,2026-01-01,35.0,Hà Nội,CÔNG TY RIKKEI EDUCATION
831,Graphic design,2026-01-12,12.0,Hà Nội,CÔNG TY BETA MUSIC MEDIA
832,IT Consulting,2026-01-01,18.997692307692308,Hồ Chí Minh,NOVALAND GROUP CORP
833,Graphic design,2026-01-01,13.25,Cần Thơ,CÔNG TY HƯỚNG NGHIỆP Á ÂU
834,Graphic design,2026-01-01,3.0,Hồ Chí Minh,TMDV ISEM
835,IT Consulting,2026-01-01,14.0,Hà Nội,CÔNG TY PHÁT TRIỂN DỊCH VỤ ĐÁM MÂY CLOUDAZ
836,Graphic design,2025-12-31,15.0,Hà Nội,CÔNG TY NISKO VIỆT NAM
837,Graphic design,2025-12-31,1.5,Hà Nội,ADSAGENCY VIỆT NAM
838,Graphic design,2025-12-31,3.0,Hà Nội,CÔNG TY VNEXT SOFTWARE
839,Animation Design,2025-12-31,15.0,Hồ Chí Minh,CÔNG TY VIVA STAR COFFEE
840,Graphic design,2026-01-01,13.375,Hồ Chí Minh,AEON VIỆT NAM
841,Sales IT Other software,2025-12-31,10.0,Cần Thơ,TM VÀ DV NINA
842,Software business,2025-12-31,27.602941176470587,Hà Nội,CÔNG TY CÔNG NGHỆ SỐ NEMO
843,Graphic design,2025-12-31,13.375,Hồ Chí Minh,CÔNG TY SÀN GIAO DỊCH BẤT ĐỘNG SẢN DELTA (DELTA REALTY)
844,Graphic design,2026-01-31,14.0,Hà Nội,CÔNG TY ERICAPE
845,Graphic design,2025-12-31,1.2,Hà Nội,ADSAGENCY VIỆT NAM
846,Software business,2026-01-31,70.0,Hà Nội,CÔNG TY CÔNG NGHỆ GIÁO DỤC GITIHO VIỆT NAM
847,Graphic design,2025-12-31,25.0,Hà Nội,CÔNG TY BỆNH VIỆN MẮT HÀ NỘI CƠ SỞ 2
848,Graphic design,2025-12-31,12.0,Hồ Chí Minh,MONA MEDIA
849,Other Technical Sales,2025-12-31,24.977649769585252,Hà Nội,CÔNG TY TQC SOLUTION
850,Graphic design,2025-12-31,13.375,Hồ Chí Minh,CÔNG TY ĐẦU TƯ XÂY DỰNG TRUNG NAM
851,Game Design,2025-12-31,27.0,Hà Nội,SONATGAME STUDIO
852,Graphic design,2025-12-31,23.33984375,Hồ Chí Minh,CÔNG TY VIET BOTANIC
853,Telecommunications electronics engineer,2026-01-31,30.0,Hà Nội,CÔNG TY HẠ TẦNG VIỄN THÔNG CMC TELECOM
854,Graphic design,2025-12-31,20.0,Hồ Chí Minh,LUMIVOX ADS
855,Other expertise,2025-12-31,30.0,Hà Nội,CÔNG TY SYNODUS
856,Graphic design,2025-12-31,15.0,Hà Nội,ĐẦU TƯ THƯƠNG MẠI VÀ SẢN XUẤT CHÍNH PHÁT
857,Graphic design,2025-12-31,15.0,Hà Nội,CÔNG TY GỖ BKG
859,Software business,2025-12-31,9.0,Hà Nội,CÔNG TY VCCORP
860,System Engineer,2025-12-31,32.0,Hà Nội,CÔNG TY INSMART
861,Embedded Engineer/Embedded Programmer,2025-12-31,18.997692307692308,Hồ Chí Minh,CÔNG TY BẢN VIÊN
862,Graphic design,2025-12-31,13.375,Hồ Chí Minh,DRAGONFLY SELECT BRANDS VIỆT NAM (DSBV)
863,Cyber ​​Security Specialist,2025-12-31,40.0,Hà Nội,CÔNG TY THƯƠNG MẠI & DỊCH VỤ MEDLATEC GROUP
864,Graphic design,2025-12-31,13.375,Hồ Chí Minh,TRƯỜNG ĐẠI HỌC VĂN LANG
865,Graphic design,2025-12-31,25.0,Hà Nội,CÔNG TY BẤT ĐỘNG SẢN NEWX
866,Concept Artist,2025-12-31,24.833333333333332,Hà Nội,ABI GAME STUDIO
867,Graphic design,2025-12-31,15.0,Nghệ An,PACE MULTIMEDIA
868,Graphic design,2025-12-31,15.130081300813009,Hà Nội,QUỐC TẾ INCOM STUDIO
869,Game Design,2025-12-31,22.428571428571427,Hà Nội,CÔNG TY CÔNG NGHỆ GROWX
870,Electromechanical engineer,2025-12-31,18.997692307692308,Hồ Chí Minh,SUKAVINA
871,Other mechanical workers,2026-01-31,16.0,Hồ Chí Minh,YUWA VỆT NAM
872,Backend Developer,2025-12-31,35.0,Hà Nội,CÔNG TY CÔNG NGHỆ SICIX
873,Technical Leader,2025-12-31,67.5,Hà Nội,PHẦN MỀM DTS VIỆT NAM
874,Concept Artist,2025-12-31,30.0,Hà Nội,CÔNG TY CÔNG NGHỆ VÀ DỊCH VỤ XGAME
875,Other expertise,2025-12-31,27.0,Hà Nội,MINDX TECHNOLOGY SCHOOL
876,Graphic design,2025-12-31,15.0,Hà Nội,KINESS VIỆT NAM
877,Other expertise,2025-12-31,35.0,Hà Nội,MINDX TECHNOLOGY SCHOOL
878,Graphic design,2025-12-31,13.375,Hồ Chí Minh,MTV CƠ KHÍ XÂY DỰNG AUSABACO
879,Graphic design,2025-12-31,15.0,Hà Nội,PERVASEL
880,UI/UX Design,2025-12-31,45.0,Hà Nội,CÔNG TY SYNODUS
881,Software business,2025-12-31,20.0,Hồ Chí Minh,CÔNG TY ĐẦU TƯ CÔNG NGHỆ VÀ THƯƠNG MẠI SOFTDREAMS
882,Software business,2025-12-31,20.0,Hà Nội,CÔNG TY YOOTEK HOLDINGS
883,DevOps Engineer,2025-12-31,30.0,Hà Nội,CÔNG NGHỆ EZCLOUD TOÀN CẦU
884,Graphic design,2025-12-31,16.0,Hồ Chí Minh,BỆNH VIỆN THẨM MỸ SIAM THAILAND
885,IT Helpdesk/IT support,2025-12-30,6.0,Huế,CÔNG NGHỆ SHOPCOMDN
886,Domain/Hosting/Server business,2025-12-31,18.0,Hồ Chí Minh,CÔNG NGHỆ PHẦN MỀM NASANI
887,Graphic design,2025-12-31,10.0,Hồ Chí Minh,TOPOKKI VIỆT NAM
888,Graphic design,2025-12-29,3.0,Hồ Chí Minh,SX TM HOÀNG TÂM
889,Graphic design,2025-12-31,12.0,Hà Nội,XNK TM QUỐC TẾ FISH GOLDEN
890,IT Security Specialist,2025-12-29,80.0,Hà Nội,TẬP ĐOÀN VÀNG BẠC ĐÁ QUÝ DOJI
891,Graphic design,2025-12-29,15.0,Hà Nội,CÔNG TY XUẤT NHẬP KHẨU BKG HOME
892,Graphic design,2025-12-29,15.0,Hà Nội,CÔNG TY FUTURE MEDIA
893,Graphic design,2025-12-29,15.0,Hà Nội,CÔNG TY ĐẦU TƯ BKG VIỆT NAM
894,Graphic design,2025-12-28,25.0,Hồ Chí Minh,CÔNG TY INN SAIGON
895,IT Project Manager,2025-12-31,20.0,Hồ Chí Minh,HỘ KINH DOANH SỬA CHỮA BẢO HÀNH 1 (ONE)
896,Fullstack Developer,2026-01-01,13.25,Cần Thơ,PHẦN MỀM BIWOCO
897,Other Information Technology expertise,2025-12-28,12.0,Hà Nội,CÔNG TY THƯƠNG MẠI MÁY TÍNH AN PHÁT
898,Graphic design,2025-12-28,15.0,Hà Nội,CÔNG TY KINH DOANH ĐỊA ỐC TRƯỜNG PHÁT
899,Graphic design,2025-12-28,15.0,Hà Nội,ĐẦU TƯ THƯƠNG MẠI VÀ DỊCH VỤ DZT
900,Digital Marketing,2025-12-28,25.0,Hà Nội,GIẢI PHÁP CÔNG NGHỆ THÔNG TIN VÀ TRUYỀN THÔNG QSOFT
902,3D Modeler,2025-12-28,25.0,Hồ Chí Minh,ONEUNIVERSE VN
903,Graphic design,2025-12-28,13.375,Hồ Chí Minh,CÔNG TY TRƯỜNG TIỂU HỌC – TRUNG HỌC CƠ SỞ TRUNG HỌC PHỔ THÔNG QUỐC TẾ CANADA
904,Graphic design,2025-12-28,12.0,Hồ Chí Minh,CÔNG TY THƯƠNG MẠI SẢN XUẤT VÀ DỊCH VỤ LD GROUP
905,Mobile Developer,2025-12-31,26.0,Hà Nội,CÔNG TY CÔNG NGHỆ ALPHAWAY
906,Other expertise,2025-12-31,27.0,Hà Nội,PHẦN MỀM VINASHOOT
907,Other Information Technology expertise,2025-12-28,18.0,Hà Nội,HORUS PRODUCTIONS
908,Software Engineer,2025-12-28,36.42857142857143,Hồ Chí Minh,AMARIS VIỆT NAM
909,Illustration,2025-12-31,20.0,Đồng Nai,WAGON
910,Business Analyst,2025-12-28,15.0,Hà Nội,CÔNG TY FIVE STAR E LEARNING
911,Other quality management,2025-12-28,18.0,Hưng Yên,CÔNG TY SẢN XUẤT VÀ ĐẦU TƯ TRUNG DŨNG
912,Mobile Developer,2025-12-28,30.1875,Hà Nội,CÔNG TY CÔNG NGHỆ ALPHAWAY
913,Graphic design,2025-12-28,13.375,Hồ Chí Minh,DU LỊCH TRẦN VIỆT
914,Graphic design,2025-12-28,20.0,Hồ Chí Minh,TRUYỀN THÔNG BEE
915,3D Modeler,2025-12-28,19.333333333333332,Đà Nẵng,CÔNG TY XÂY DỰNG GỐM SỨ VIỆT HƯƠNG
916,Graphic design,2025-12-31,20.0,Hà Nội,CÔNG TY HAVINA D&C
917,Software business,2026-01-01,15.0,Hà Nội,CÔNG TY CÔNG NGHỆ CHATBOT VIỆT NAM
918,Graphic design,2025-12-28,15.0,Hà Nội,CÔNG TY DETECH KONNAI
919,Concept Artist,2026-01-10,40.0,Hà Nội,AMOBEAR VIỆT NAM
920,Hardware engineer,2025-12-28,15.0,Hà Nội,CÔNG TY ĐẦU TƯ XÂY DỰNG THIÊN ĐỨC
921,Other Advertising/Creative expertise,2025-12-28,15.0,Hà Nội,CÔNG TY FUNIUS
922,Graphic design,2025-12-28,16.0,Hà Nội,CÔNG TY NISKO VIỆT NAM
923,Concept Artist,2025-12-28,10.0,Thái Nguyên,HỘ KINH DOANH NGUYỄN VĂN DŨNG
924,Graphic design,2025-12-31,16.0,Hà Nội,MINH HƯƠNG PND
925,Other Information Technology expertise,2025-12-31,46.666666666666664,Hồ Chí Minh,FPT SOFTWARE
926,3D Modeler,2025-12-28,35.0,Hồ Chí Minh,VLAST VIỆT NAM
927,Graphic design,2025-12-28,15.0,Hà Nội,ASEL VIỆT NAM
928,Graphic design,2025-12-28,13.375,Hồ Chí Minh,BÁNH NGỌT CJ VIỆT NAM
929,Graphic design,2025-12-31,12.0,Hồ Chí Minh,MLAB GLOBAL
930,Graphic design,2025-12-27,46.666666666666664,Hồ Chí Minh,90S AGENCY
931,Animation Design,2026-01-31,15.0,Hồ Chí Minh,REJUVASKIN VIỆT NAM
932,Solution Architect,2026-01-14,80.0,Hà Nội,CÔNG TY ĐẦU TƯ VÀ PHÁT TRIỂN CÔNG NGHỆ TRUYỀN THÔNG NAM VIỆT
933,IT technical sales,2025-12-31,25.299999999999997,Hà Nội,CÔNG TY CÔNG NGHỆ DTG
934,Fullstack Developer,2025-12-27,15.0,Nghệ An,BLUELINE SOLUTIONS
935,Software Engineer,2025-12-27,36.42857142857143,Hồ Chí Minh,DREAM TALENT
936,Graphic design,2025-12-28,15.0,Hồ Chí Minh,CTY AB BEAUTY WORLD
937,Software business,2026-01-31,15.0,Hà Nội,CÔNG TY THƯƠNG MẠI DỊCH VỤ VÀ GIẢI PHÁP SỐ THT
938,DevOps Engineer,2025-12-31,32.833333333333336,Hà Nội,VIETTEL IDC
939,Fullstack Developer,2025-12-27,30.0,Hà Nội,CÔNG TY ECOIT
940,Domain/Hosting/Server business,2025-12-27,8.0,Cần Thơ,CÔNG NGHỆ PHẦN MỀM NASANI
941,Manual Tester,2025-12-27,28.0,Hà Nội,CÔNG TY CÔNG NGHỆ ALPHAWAY
942,Graphic design,2025-12-27,16.0,Hồ Chí Minh,CÔNG TY NHẬT QUANG HOLDING
943,Software Tester,2026-01-31,31.0,Hà Nội,CÔNG TY CÔNG NGHỆ ALPHAWAY
944,System Engineer,2025-12-31,14.0,Hồ Chí Minh,THANKSLAB VIỆT NAM
945,IT technical sales,2025-12-27,25.299999999999997,Hà Nội,TỔNG CÔNG TY CÔNG NGHỆ & GIẢI PHÁP CMC
946,Graphic design,2025-12-27,12.0,Hồ Chí Minh,XÂY DỰNG VÀ TRIỄN LÃM GIA LONG
947,Graphic design,2025-12-31,15.0,Hà Nội,MARS AGENCY
948,Sales IT Other software,2025-12-31,43.333333333333336,Hà Nội,PHẦN MỀM DTS VIỆT NAM
949,Manual Tester,2026-01-31,28.0,Hà Nội,CÔNG TY CÔNG NGHỆ ALPHAWAY
950,Graphic design,2025-12-27,15.0,Hà Nội,CHI NHÁNH SỐ 01 CÔNG TY BĐS GALAXY PROPERTY
951,Software business,2025-12-27,50.0,Hà Nội,CÔNG TY DỊCH VỤ CHỮ KÝ SỐ INTRUST
953,Graphic design,2026-01-31,1.35,Hà Nội,CÔNG NGHỆ THINK VIỆT NAM
954,System Architect,2025-12-27,18.997692307692308,Hồ Chí Minh,THƯƠNG MẠI ĐIỆN TỬ DOTOKU
955,Other Information Technology expertise,2025-12-31,20.0,Hà Nội,CÔNG TY PHÁT TRIỂN HI TECH VIỆT NAM
956,Mobile Developer,2025-12-31,40.0,Hà Nội,GIẢI PHÁP PHÂN TÍCH DỮ LIỆU INSIGHT DATA
957,Graphic design,2025-12-31,15.130081300813009,Hà Nội,D.RAGOON
958,IT Project Manager,2025-12-31,45.25,Hà Nội,CÔNG TY THƯƠNG MẠI VÀ PHÁT TRIỂN HƯỚNG DƯƠNG
959,Machine programming engineer,2025-12-31,18.0,Bắc Ninh,"CƠ KHÍ CHÍNH XÁC, DỊCH VỤ VÀ THƯƠNG MẠI VIỆT NAM"
960,Graphic design,2025-12-31,20.0,Thanh Hóa,CÔNG NGHIỆP INTCO VIỆT NAM
961,QA Engineer,2025-12-27,24.977649769585252,Hà Nội,CÔNG TY VIỄN THÔNG FPT
962,Other Editing/Writing/Publishing Expertise,2025-12-27,12.0,Hà Nội,CENDO
963,Software Engineer,2025-12-31,40.642857142857146,Hà Nội,CÔNG TY SYNODUS
964,Cloud Engineer,2025-12-27,27.0,Hà Nội,TỔNG CÔNG TY CÔNG NGHỆ & GIẢI PHÁP CMC
966,Network Engineer,2026-02-15,19.0,Hà Nội,VIETTEL IDC
967,IT Consulting,2025-12-26,29.5,Hà Nội,CÔNG TY CÔNG NGHỆ AN NINH MẠNG QUỐC GIA VIỆT NAM
968,Graphic design,2025-12-31,15.0,Hà Nội,TRANH NGHỆ THUẬT CAO CẤP TÂM LƯƠNG
969,Animation Design,2025-12-26,14.5,Hà Nội,AMBER ASSET MANAGEMENT
970,Animation Design,2025-12-31,14.0,Hà Nội,CÔNG TY ABT HOMES
971,Animation Design,2025-12-31,15.0,Hà Nội,CÔNG TY ABT HOMES
972,Software business,2025-12-26,5.0,Hà Nội,PHẦN MỀM DTS VIỆT NAM
973,Concept Artist,2025-12-26,20.0,Hà Nội,CÔNG TY WEEGOON GLOBAL
974,Graphic design,2026-01-25,23.0,Hồ Chí Minh,CÔNG TY ĐẦU TƯ KINH DOANH BẤT ĐỘNG SẢN HÀ AN
975,Machine programming engineer,2026-01-30,15.0,Hải Phòng,KỸ THUẬT KHUÔN MẪU NHẤT LỘC
976,Software business,2025-12-26,20.0,Hồ Chí Minh,CÔNG TY KASACO
977,Software Engineer,2025-12-31,55.0,Hà Nội,CÔNG TY ZTO LABS
978,Software business,2026-01-16,35.0,Hà Nội,VUASOFT
979,Software business,2025-12-26,35.0,Hà Nội,CÔNG TY UUP
980,Graphic design,2025-12-26,10.0,Hà Nội,CÔNG TY TRUYỀN THÔNG ĐA PHƯƠNG TIỆN THỦ ĐÔ
981,Graphic design,2025-12-31,15.0,Hà Nội,NHA KHOA SMART
982,Other Information Technology expertise,2025-12-26,25.0,Hà Nội,CÔNG NGHỆ NHẬN THỨC MÁY HORUS AI
983,Sales IT Other software,2025-12-31,20.0,Hồ Chí Minh,CÔNG TY CÔNG NGHỆ IZTALK
984,Graphic design,2025-12-31,12.0,Hà Nội,SẢN XUẤT VÀ THƯƠNG MẠI PHƯƠNG MAI
985,IT Consulting,2025-12-26,29.5,Hà Nội,TẬP ĐOÀN VÀNG BẠC ĐÁ QUÝ DOJI
986,Graphic design,2025-12-26,15.0,Hồ Chí Minh,ĐẦU TƯ VÀ PHÁT TRIỂN THẨM MỸ JIMIN
987,Software business,2025-12-26,12.0,Hà Nội,CÔNG TY RAPIDA TECHNOLOGIES
988,Graphic design,2025-12-26,25.0,Hà Nội,CÔNG TY BLACKGEMS GLOBAL
989,Software business,2025-12-26,25.0,Hồ Chí Minh,CÔNG TY CÔNG NGHỆ MOBIWORK VIỆT NAM
990,Graphic design,2025-12-26,13.375,Hồ Chí Minh,CÔNG TY TẬP ĐOÀN ĐẦU TƯ CHIẾN LƯỢC
991,Business Analyst,2026-01-14,41.0,Hà Nội,CÔNG TY CÔNG NGHỆ ALPHAWAY
992,Software business,2025-12-26,30.0,Hà Nội,GMO Z.COM RUNSYSTEM
993,AI Engineer,2025-12-26,36.666666666666664,Hà Nội,CÔNG TY KAOPIZ SOFTWARE
994,System Administrator,2025-12-26,16.0,Quảng Ninh,CALOFIC
995,Mechanical engineer,2025-12-31,16.0,Hà Nội,CƠ KHÍ CHẾ TẠO MÁY THẠCH ANH
996,Graphic design,2025-12-26,10.0,Huế,MTV HUE ONE FOOD
997,Graphic design,2025-12-28,2.0,Hà Nội,CÔNG TY CLEVERADS
998,Graphic design,2025-12-31,25.0,Hà Nội,CÔNG TY TRÁCH NHIỆM HỮU HẠN VINAFLEXO
999,Graphic design,2025-12-28,12.0,Hà Nội,CÔNG TY CLEVERADS
1000,DevOps Engineer,2025-12-31,37.0,Hà Nội,VIETTEL SOFTWARE
1001,Graphic design,2025-12-26,14.0,Hà Nội,CÔNG TY MD BEAUTY
1002,Network Engineer,2025-12-31,15.0,Hà Nội,CÔNG NGHỆ VÀ GIẢI PHÁP THÔNG MINH
1003,Domain/Hosting/Server business,2026-01-21,30.75,Hồ Chí Minh,TM & DV NINA
1004,Domain/Hosting/Server business,2026-01-22,30.75,Hồ Chí Minh,TM & DV NINA
1005,Ad Operations Manager,2025-12-25,17.0,Hà Nội,HỌC LÝ PHƯƠNG ĐÔNG
1006,Graphic design,2025-12-25,27.0,Hà Nội,CÔNG TY TẬP ĐOÀN ĐẠT PHƯƠNG
1007,3D Modeler,2025-12-31,25.299999999999997,Hà Nội,QUỐC TẾ QUẢNG CÁO TRUYỀN THÔNG INCA
1008,Graphic design,2025-12-25,15.0,Hà Nội,CÔNG TY DỊCH VỤ VÀ ĐẦU TƯ GOSUN CAPITAL
1009,Software business,2025-12-25,20.6875,Hồ Chí Minh,GIANTY VIỆT NAM
1010,Graphic design,2025-12-25,1.0,Hồ Chí Minh,CÔNG TY SÀN GIAO DỊCH BẤT ĐỘNG SẢN GI REALTY
1014,Graphic design,2025-12-25,17.0,Hà Nội,HỌC LÝ PHƯƠNG ĐÔNG
1015,Graphic design,2025-12-31,15.0,Hồ Chí Minh,CÔNG TY THƯƠNG MẠI DỊCH VỤ 4B
1016,Other Information Technology expertise,2025-12-25,25.857142857142858,Hà Nội,CÔNG TY DỊCH VỤ KỸ THUẬT MOBIFONE
1017,Graphic design,2026-01-15,13.375,Hồ Chí Minh,CÔNG NGHỆ DI ĐỘNG VIỆT
1018,Sales IT Other software,2026-01-01,43.333333333333336,Hà Nội,CÔNG TY PHẦN MỀM VIỆT QUỐC TẾ (VSII)
1019,IT Security Specialist,2025-12-31,30.0,Hà Nội,VIETTEL SOFTWARE
1020,System Engineer,2025-12-25,23.33984375,Quảng Ngãi,TỔNG CÔNG TY THƯƠNG MẠI XÂY DỰNG
1021,IT Engineering,2025-12-25,23.33984375,Quảng Ngãi,TỔNG CÔNG TY THƯƠNG MẠI XÂY DỰNG
1022,Software business,2025-12-25,20.6875,Hồ Chí Minh,CÔNG TY CÔNG NGHỆ AN NINH MẠNG QUỐC GIA VIỆT NAM
1023,Graphic design,2025-12-25,13.375,Hồ Chí Minh,CTY MEME 3D
1024,Security strategy and analysis,2025-12-25,30.0,Hà Nội,CÔNG TY CÔNG NGHỆ AN NINH MẠNG QUỐC GIA VIỆT NAM
1025,Business Analyst,2025-12-29,32.44444444444444,Hà Nội,"TECHVIFY SOFTWARE.,"
1026,Animation Design,2025-12-25,15.0,Hà Nội,TÂM HỮU DŨNG
1027,Electrical design engineer,2025-12-25,20.0,Hà Nội,1 TV AUTOMIC
1028,Mobile Developer,2025-12-29,30.1875,Hà Nội,"TECHVIFY SOFTWARE.,"
1029,Solution Architect,2026-01-12,18.997692307692308,Hồ Chí Minh,FPT SOFTWARE
1030,Other Information Technology expertise,2025-12-25,12.333333333333334,Hồ Chí Minh,CÔNG TY CASHION
1031,Other expertise,2025-12-25,43.0,Hà Nội,CÔNG TY SYNODUS
1032,Graphic design,2025-12-31,16.0,Hồ Chí Minh,MỘT THÀNH VIÊN TRUYỀN THÔNG SỐ QUỐC TẾ IDM
1033,Graphic design,2025-12-25,15.130081300813009,Hà Nội,NHÀ HÀNG TUNG DINING
1034,3D Modeler,2025-12-25,19.333333333333332,Đà Nẵng,GIANTY VIỆT NAM
1035,Graphic design,2025-12-31,13.0,Nghệ An,DỊCH THUẬT QUỐC TẾ M&Đ
1036,Software business,2025-12-25,20.6875,Hồ Chí Minh,INNOTECH VIETNAM CORPORATION
1037,Domain/Hosting/Server business,2025-12-25,30.75,Hồ Chí Minh,CÔNG TY CÔNG NGHỆ CHÂN CHÍNH
1038,Graphic design,2025-12-31,24.0,Hà Nội,CÔNG TY TẬP ĐOÀN TRUYỀN THÔNG VÀ CÔNG NGHỆ IGC
1039,Fullstack Developer,2025-12-25,24.555555555555557,Hà Nội,CÔNG TY CÔNG NGHỆ TÀI CHÍNH FINHUB
1040,Graphic design,2025-12-25,25.0,Hà Nội,CÔNG TY STAVIAN HÓA CHẤT
1041,Graphic design,2025-12-25,17.0,Hà Nội,CÔNG TY ĐẦU TƯ A&B VIỆT NAM
1042,Graphic design,2025-12-25,13.375,Hồ Chí Minh,CÔNG TY ĐẦU TƯ VÀ PHÁT TRIỂN BẤT ĐỘNG SẢN KHẢI HƯNG
1043,Software Engineer,2025-12-31,40.642857142857146,Hà Nội,VNDIRECT
1044,Software business,2025-12-31,20.0,Hà Nội,CÔNG TY TẬP ĐOÀN IVI
1045,Other expertise,2025-12-25,7.0,Hà Nội,CÔNG TY CÔNG NGHỆ UPBASE
1046,Sales IT Other software,2025-12-25,43.333333333333336,Hà Nội,NTQ SOLUTION
1047,Other Information Technology expertise,2025-12-25,12.333333333333334,Hồ Chí Minh,CÔNG TY ĐÀO TẠO TÂM TRÍ LỰC
1048,Graphic design,2025-12-31,15.130081300813009,Hà Nội,THIẾT KẾ THƯƠNG MẠI 7LIGHTS
1049,Graphic design,2025-12-25,15.130081300813009,Hà Nội,DREAM AGENCY VIỆT NAM
1050,Content Creator,2025-12-25,24.977649769585252,Hà Nội,FPT SOFTWARE
1051,Software business,2025-12-24,27.602941176470587,Hà Nội,CÔNG TY CÔNG NGHỆ SICIX
1052,Software business,2025-12-24,15.0,Hà Nội,CÔNG TY INFINITY TECHNOLOGIES GLOBAL
1053,Security administration and operations,2025-12-24,20.0,Hà Nội,CÔNG TY CÔNG NGHỆ AN NINH MẠNG QUỐC GIA VIỆT NAM
1054,Graphic design,2025-12-24,5.0,Hà Nội,GEMCOMMERCE
1055,Manual Tester,2025-12-31,30.0,Hà Nội,CÔNG TY TẬP ĐOÀN CÔNG NGHỆ THIÊN HOÀNG
1056,Software Engineer,2025-12-31,35.0,Hà Nội,CÔNG TY TẬP ĐOÀN CÔNG NGHỆ THIÊN HOÀNG
1057,Digital Front end Designer,2025-12-24,28.0,Hà Nội,CÔNG TY ĐẦU TƯ CHÂU Á THÁI BÌNH DƯƠNG
1058,Data Scientist,2025-12-24,30.0,Hà Nội,"TECHVIFY SOFTWARE.,"
1059,IT Consulting,2025-12-25,45.0,Hà Nội,CÔNG TY TƯ VẤN CÔNG NGHỆ NGS
1060,Product Owner/Product Manager,2025-12-24,25.0,Hà Nội,EAERA VIỆT NAM
1061,AI Engineer,2025-12-24,36.666666666666664,Hà Nội,CÔNG TY OMINEXT
1062,Domain/Hosting/Server business,2025-12-24,15.571428571428571,Đồng Nai,MTV VIỄN THÔNG QUỐC TẾ FPT
1063,Software business,2025-12-31,60.0,Hà Nội,CÔNG TY VCCORP
1064,Software business,2025-12-24,40.0,Hà Nội,GMO Z.COM RUNSYSTEM
1065,Cloud Engineer,2025-12-31,27.0,Hà Nội,CÔNG TY VCCORP
1066,Graphic design,2025-12-24,13.375,Hồ Chí Minh,CÔNG TY CÔNG NGHỆ SEN ĐỎ
1067,Network Engineer,2025-12-24,19.0,Hà Nội,CÔNG TY TẬP ĐOÀN HIPT
1068,Graphic design,2025-12-24,6.0,Hà Nội,TRUYỀN THÔNG VÀ THƯƠNG MẠI DỊCH VỤ ĐỖ GIA
1069,Graphic design,2025-12-31,17.0,Hà Nội,CÔNG TY THẨM MỸ OHIO
1070,Quality Assurance Manager,2026-01-05,31.2541095890411,Hồ Chí Minh,Công Ty Dược Phẩm Pharmacity
1071,"B2B Sales Leader/Software Sales Team Leader, Income 15 40 Million, Off Saturday & Sunday",2025-12-25,40.0,Hồ Chí Minh,CNV HOLDINGS
1072,Senior Telecom Operation Specialist,2026-01-19,40.5,Hồ Chí Minh,FE CREDIT
1073,Cloud System Operations,2025-12-20,54.0,Hồ Chí Minh,FE CREDIT
1074,Senior Data Analyst,2026-01-18,40.5,Hồ Chí Minh,Công Ty Việt Tinh Anh
1075,Senior Technical Consultant,2026-01-19,31.2541095890411,Hồ Chí Minh,CANDYLIO
1076,Business Solutions & Information System Director,2026-01-31,31.2541095890411,Hồ Chí Minh,CÔNG TY TRÁCH NHIỆM HỮU HẠN FM SUPPLY CHAIN VIỆT NAM
1077,Senior IT Network Engineer,2025-12-31,31.2541095890411,Hồ Chí Minh,CÔNG TY GIẢI PHÁP GENE GENE SOLUTIONS
1078,IT technical staff,2026-01-17,31.2541095890411,Hồ Chí Minh,Shinpoong Daewoo Pharma
1079,ERP software implementation consultant,2026-01-15,30.0,Hồ Chí Minh,Công nghệ và Giải pháp Omega
1080,RM English Specialist,2025-12-08,31.2541095890411,Hồ Chí Minh,NGÂN HÀNG TMCP NGOẠI THƯƠNG VIỆT NAM (VIETCOMBANK)
1081,Sales Director,2025-12-25,31.2541095890411,Hồ Chí Minh,Công Ty Netcab
1082,Senior SAP ABAP Developer,2026-01-13,31.2541095890411,Hồ Chí Minh,Teamwork Vietnam
1083,Application Development Specialist - Mobile & Web Full Stack Developer,2026-01-15,35.0,Hồ Chí Minh,Tập Đoàn Đất Xanh
1084,ERP Application Supervisor,2026-01-13,31.2541095890411,Hồ Chí Minh,MINTHACARE
1085,Account Manager,2026-01-07,30.0,Hồ Chí Minh,Công ty Đầu Tư TM và Phát Triển Công Nghệ FSI
1086,Application Development Manager/ Java Lead,2026-01-06,31.2541095890411,Hồ Chí Minh,Công Ty Uniben
1087,SAP SALES MANAGER,2026-01-02,31.2541095890411,Hồ Chí Minh,CÔNG TY CÔNG NGHỆ CITEK
1088,Ho Chi Minh City Sales Officer Income up to 25 million,2025-12-26,25.0,Hồ Chí Minh,CÔNG TY GIẢI PHÁP VÀ CÔNG NGHỆ VIETNIX
1089,SAP Sales Executive,2025-12-30,46.600349650349656,Hà Nội,CÔNG TY CÔNG NGHỆ CITEK
1090,Senior Backend Developer,2026-01-31,33.0,Hồ Chí Minh,HD SAISON Finance
1091,SOC ENGINEER,2026-01-19,31.2541095890411,Hồ Chí Minh,Công Ty Vacxin Việt Nam
1092,IT Helpdesk staff Japanese N3,2026-01-18,17.0,Hồ Chí Minh,CADIAN VIETNAM
1093,Solution Consulting,2026-01-15,31.2541095890411,Hồ Chí Minh,QTSC MTV PHÁT TRIỂN CÔNG VIÊN PHẦN MỀM QUANG TRUNG
1094,IT Solution Consulting Engineer,2026-01-17,31.2541095890411,Hồ Chí Minh,Viettel CHT
1095,Software Sales Executive,2026-01-17,31.2541095890411,Hồ Chí Minh,OMN1 Solution
1096,IT Helpdesk,2026-01-31,14.0,Hồ Chí Minh,DIGI TEXX VIETNAM
1097,HEAD OF DATA DEPARTMENT,2025-12-31,31.2541095890411,Hồ Chí Minh,Bảo mật
1098,ERP ADMINISTRATOR,2026-01-09,31.2541095890411,Hồ Chí Minh,Bodynits Tiền Giang
1099,HEAD OF AI DEPARTMENT,2025-12-31,31.2541095890411,Hồ Chí Minh,Tập Đoàn CT Group Việt Nam
1100,IT team leader,2026-01-15,30.0,Hồ Chí Minh,CÔNG TY THƯƠNG MẠI DỊCH VỤ SẢN XUẤT HƯƠNG THỦY
1101,Platform Engineering,2026-01-13,31.2541095890411,Hồ Chí Minh,Công Ty Vàng Bạc Đá Quý Phú Nhuận PNJ
1102,SAP system operations specialist,2026-01-13,31.2541095890411,Hồ Chí Minh,BETRIMEX Công Ty Xuất Nhập Khẩu Bến Tre
1103,Software Deployment Operations Officer,2026-01-13,15.0,Hồ Chí Minh,BETRIMEX Công Ty Xuất Nhập Khẩu Bến Tre
1104,ATS Software Development Engineer,2026-01-08,31.2541095890411,Hồ Chí Minh,CÔNG NGHIỆP MINDA VIỆT NAM
1105,Senior Data Analyst,2025-12-21,40.5,Hồ Chí Minh,CÔNG TY DI CHUYỂN VÀ THÔNG MINH GSM
1106,Software Implementation Consultant / Senior Software Consultant,2025-12-28,31.2541095890411,Hồ Chí Minh,OMN1 Solution
1107,Instructional Designer,2026-01-16,31.2541095890411,Hồ Chí Minh,Simpson Strong Tie Viet Nam
1108,Data Engineer ISC,2026-01-19,31.2541095890411,Hồ Chí Minh,CÔNG TY DƯỢC PHẨM FPT LONG CHÂU
1109,DevOps,2026-01-19,31.2541095890411,Hồ Chí Minh,CÔNG TY DƯỢC PHẨM FPT LONG CHÂU
1110,Data Engineer Information Technology Division,2026-01-15,46.600349650349656,Hà Nội,Ngân Hàng TMCP Quân Đội
1111,Solution development engineer Oracle Database Developer Information Technology Department,2026-01-15,46.600349650349656,Hà Nội,Ngân Hàng TMCP Quân Đội
1112,IT staff,2026-01-13,15.0,Hưng Yên,Công Ty XNK Hóa Chất & Thiết Bị Kim Ngưu
1113,System Operations Specialist,2026-01-13,46.600349650349656,Hà Nội,Tổng Công Ty Bảo Hiểm Ngân Hàng TMCP Công Thương Việt Nam
1114,IT NETWORK ENGINEER,2026-01-13,16.444444444444443,Bình Dương,CRYSTAL ELEGANCE TEXTILES VIỆT NAM
1115,Head of Computer Vision Technology Department Head of Computer Vision Technology Department IT Department,2026-01-13,46.600349650349656,Hà Nội,Ngân Hàng TMCP Quân Đội
1116,Data Scientist Expert Hanoi,2026-01-13,46.600349650349656,Hà Nội,Ngân Hàng TMCP Việt Nam Thịnh Vượng VPBANK
1117,"Manual Tester Software Testing Specialist, Information Technology Department",2026-01-08,46.600349650349656,Hà Nội,Ngân Hàng TMCP Quân Đội
1118,Data center director of IT Department,2026-01-12,46.600349650349656,Hà Nội,Ngân hàng TMCP Đại Chúng Việt Nam PVcomBank
1119,Senior AI Expert Information Technology Division,2026-01-12,46.600349650349656,Hà Nội,Ngân Hàng TMCP Quân Đội
1120,AI Expert Information Technology Division,2026-01-12,46.600349650349656,Hà Nội,Ngân Hàng TMCP Quân Đội
1121,IT staff,2026-01-11,32.5,Bắc Ninh,Chi nhánh Công ty ITL Logistics tại phía Bắc
1122,Senior AI Engineer Information Technology Department,2026-01-11,46.600349650349656,Hà Nội,Ngân Hàng TMCP Quân Đội
1123,Business Analyst,2026-01-11,25.0,Hà Nội,CÔNG TY TIN HỌC VIỄN THÔNG HÀNG KHÔNG AITS
1124,Basel project PMO team specialist,2025-12-05,46.600349650349656,Hà Nội,NGÂN HÀNG TMCP NGOẠI THƯƠNG VIỆT NAM (VIETCOMBANK)
1125,Product Owner Web3,2026-01-05,55.0,Hà Nội,Công ty Tập đoàn Meey Land
1126,Product Management and Coordination Officer,2026-01-05,46.600349650349656,Hà Nội,Công Ty Giải Pháp Thanh Toán Việt Nam (VNPAY)
1127,Test Leader Fuel Level Sensor Design,2025-12-31,35.0,Hà Nội,CÔNG TY ĐIỆN TỬ SOJI
1128,Market Sales/Direct Sales Officer,2025-12-21,50.0,Hồ Chí Minh,FINAN (Sổ Bán Hàng)
1129,Application Administration and Data Mining Specialist,2026-01-18,46.600349650349656,Hà Nội,Chứng khoán Ngân hàng TMCP Ngoại thương Việt Nam (VCBS Vietcombank Securities)
1130,SAP Operations Support Specialist,2026-01-18,46.600349650349656,Hà Nội,Công Ty Quốc Tế Sơn Hà
1131,Business Analyst,2026-01-17,20.0,Hà Nội,Công Ty Giải Pháp Thanh Toán Việt Nam (VNPAY)
1132,AI ENGINEER,2026-01-17,46.600349650349656,Hà Nội,Công Ty Giải Pháp Thanh Toán Việt Nam (VNPAY)
1133,IT HELPDESK,2026-01-17,46.600349650349656,Hà Nội,Saint Gobain Vietnam
1134,Digital Transformation & Process Optimization Specialist,2026-01-17,16.444444444444443,Bình Dương,DỆT LIÊN CHÂU
1135,"Specialist/Expert/Director of Business Planning & Analysis, Personal Banking Division",2025-12-15,46.600349650349656,Hà Nội,Ngân Hàng TMCP Tiên Phong (TPBank)
1136,Software system administrator/Software system administrator and database administrator,2026-01-14,46.600349650349656,Hà Nội,Chứng khoán Ngân hàng TMCP Ngoại thương Việt Nam (VCBS Vietcombank Securities)
1137,Specialist in Automation software development and AI applications,2026-01-14,46.600349650349656,Hà Nội,Chứng khoán Ngân hàng TMCP Ngoại thương Việt Nam (VCBS Vietcombank Securities)
1138,Business Analyst,2026-01-13,35.0,Hà Nội,Công ty Mỹ phẩm Quốc tế Thùy Dung
1139,IT infrastructure engineer,2026-01-13,40.312419700214136,Quảng Nam,ĐIỆN KHÍ QUỐC QUANG
1140,Software system administrator/Software system administrator and database administrator,2026-01-13,46.600349650349656,Hà Nội,Chứng khoán Ngân hàng TMCP Ngoại thương Việt Nam (VCBS Vietcombank Securities)
1141,SEO Staff and Website Administrator,2026-01-10,15.0,Dak Lak,Trần Văn Châu
1142,Network Administration Specialist,2026-01-05,46.600349650349656,Hà Nội,Ngân Hàng Thương Mại Bảo Việt
1143,Infrastructure Management Specialist,2026-01-05,46.600349650349656,Hà Nội,Ngân Hàng Thương Mại Bảo Việt
1144,Product management specialist,2026-01-05,40.0,Hà Nội,Công Ty Giải Pháp Thanh Toán Việt Nam (VNPAY)
1145,System Administration Specialist,2026-01-05,40.0,Hà Nội,Công Ty Giải Pháp Thanh Toán Việt Nam (VNPAY)
1146,UX UI Designer,2025-12-25,46.600349650349656,Hà Nội,Microtec Việt Nam
1147,Advertising Designer,2026-01-05,15.0,Hà Nội,Công ty giải pháp NHK
1148,Business Analyst CRM,2026-01-19,46.600349650349656,Hà Nội,Công ty Chứng khoán DNSE
1149,IT Staff,2026-01-19,16.444444444444443,Bình Dương,HUMAN POWER
1150,Head of Sales Department,2026-01-19,25.0,Hồ Chí Minh,THƯƠNG MẠI DỊCH VỤ KỸ THUẬT TẦM NHÌN
1151,"IT project manager with Japanese 27096 Thanh My Tay, HCM",2026-01-18,50.0,Hồ Chí Minh,Reeracoen Việt Nam
1152,Digital Channel Operations Management & Data Analysis Specialist,2026-01-18,25.0,Hà Nội,TẬP ĐOÀN Y TẾ VIỆT NGA
1153,Head of Sales Team,2026-01-04,40.0,Hồ Chí Minh,Tập Đoàn CT Group Việt Nam
1154,AI Content Creator,2025-12-31,30.0,Hồ Chí Minh,HQ SING
1155,IT department CV/CVC/CVCC Information security testing,2026-02-10,46.600349650349656,Hà Nội,Ngân hàng TMCP Lộc Phát Việt Nam (LPBank)
1156,Senior Product Owner,2026-01-29,31.2541095890411,Hồ Chí Minh,Công Ty Tập Đoàn KIDO
1157,PROCESS ANALYST SPECIALIST,2026-01-31,31.2541095890411,Hồ Chí Minh,Liên Hiệp HTX Thương Mại TPHCM SAIGON CO.OP
1158,CO.OPMART COMPUTER STAFF NEEDED HOURS,2026-01-31,31.2541095890411,Hồ Chí Minh,Liên Hiệp HTX Thương Mại TPHCM SAIGON CO.OP
1159,DEPUTY DIRECTOR OF LIGHT ELECTRICAL MAINTENANCE,2025-12-31,25.0,Hồ Chí Minh,CÔNG TY THƯƠNG MẠI DỊCH VỤ SAO NAM AN
1160,BUSINESS ANALYST SPECIALIST,2025-12-31,25.0,Hà Nội,Công ty đầu tư phát triển máy Việt Nam
1161,"Team Lead, DevOps Engineer",2026-01-31,31.2541095890411,Hồ Chí Minh,California Wellness Group
1162,"Team Lead, Database Management & Data Analytics",2026-01-31,31.2541095890411,Hồ Chí Minh,California Wellness Group
1163,Senior Software Engineer – CRM & ERP Systems,2026-01-31,31.2541095890411,Hồ Chí Minh,California Wellness Group
1164,P. CVCC Data Science Data Science,2026-01-31,31.2541095890411,Hồ Chí Minh,Ngân Hàng TMCP Phương Đông OCB
1165,Quality Control Officer – QC,2026-01-11,14.0,Đồng Nai,VĂN PHÒNG ĐẠI DIỆN AMREP VIỆT NAM TẠI THÀNH PHỐ HÀ NỘI
1166,Senior Risk Analytics Specialist,2026-01-10,31.2541095890411,Hồ Chí Minh,FE CREDIT
1167,Senior Data Engineer TNTech 2V047,2026-01-07,45.0,Hà Nội,Tập đoàn ROX (ROX Group)
1168,Senior Business Analyst TNTech 2V045,2026-01-07,45.0,Hà Nội,Tập đoàn ROX (ROX Group)
1169,IT Network employee,2026-02-28,15.0,Hồ Chí Minh,Phan Bách Refrigeration
1170,.NET programmer,2026-01-31,31.2541095890411,Hồ Chí Minh,Phan Bách Refrigeration
1171,Data Engineer Executive,2025-12-26,46.600349650349656,Hà Nội,Công Ty Tập Đoàn TH
1172,Lead Data Engineer,2025-12-27,31.2541095890411,Hồ Chí Minh,Viet Thai International
1173,Mobile Developer Information Technology Division,2025-12-27,46.600349650349656,Hà Nội,Ngân Hàng TMCP Quân Đội
1175,FullStack Developer Information Technology Division,2025-12-27,46.600349650349656,Hà Nội,Ngân Hàng TMCP Quân Đội
1176,Database Administration Specialist Database Administrator Information Technology Department,2025-12-27,46.600349650349656,Hà Nội,Ngân Hàng TMCP Quân Đội
1177,Business Analyst,2026-01-15,46.600349650349656,Hà Nội,CÔNG TY PHÁT TRIỂN BẤT ĐỘNG SẢN VĂN PHÚ
1178,Software engineer – Information Technology Center,2025-12-31,46.600349650349656,Hà Nội,ĐẠI HỌC PHENIKAA
1179,Project Management Officer of IT Project Department,2026-01-10,46.600349650349656,Hà Nội,Tổng Công ty Bảo hiểm Ngân hàng Đầu tư và Phát triển Việt Nam (BIC)
1180,Risk Modeling Operations Senior Specialist,2026-01-04,31.2541095890411,Hồ Chí Minh,FE CREDIT
1181,Full Stack Developer Team Lead,2026-01-31,31.2541095890411,Hồ Chí Minh,California Wellness Group
1182,"Team Leader, Service Delivery",2026-01-15,31.2541095890411,Hồ Chí Minh,Công Ty Đầu Tư Nam Long
1183,IT APPLICATION & OPERATIONS TEAM LEADER,2026-01-31,31.2541095890411,Hồ Chí Minh,Công Ty Avanti Group
1184,CVCC/CVC Digital Banking Products Corporate Customers,2026-01-15,46.600349650349656,Hà Nội,Ngân Hàng TMCP Tiên Phong (TPBank)
1185,Business Analyst,2025-12-31,31.2541095890411,Hồ Chí Minh,Bảo mật
1186,SAP BASIS CONSULTANT,2025-12-31,60.0,Hồ Chí Minh,Teamwork Vietnam
1187,R&D Software Senior Engineer/ Supervisor,2025-12-27,53.0,Hưng Yên,Panasonic Appliances Vietnam
1188,R&D Software Design Engineer,2025-12-27,53.0,Hưng Yên,Panasonic Appliances Vietnam
1189,Software Engineering Manager,2025-12-31,31.2541095890411,Hồ Chí Minh,Tập Đoàn CT Group Việt Nam
1190,CyberSecurity Engineer,2025-12-31,31.2541095890411,Hồ Chí Minh,Tập Đoàn CT Group Việt Nam
1191,Data Engineer,2025-12-31,40.0,Hồ Chí Minh,Tập Đoàn CT Group Việt Nam
1192,"Expert, Senior Specialist, Application Architecture, Solution Architect, Information Technology Department",2025-12-26,46.600349650349656,Hà Nội,Ngân Hàng TMCP Quân Đội
1193,MB Trainee AI Engineer Information Technology Division,2025-12-26,46.600349650349656,Hà Nội,Ngân Hàng TMCP Quân Đội
1194,MB Trainee BackEnd Engineer Information Technology Division,2025-12-26,46.600349650349656,Hà Nội,Ngân Hàng TMCP Quân Đội
1195,BackEnd Engineer Information Technology Division,2025-12-26,46.600349650349656,Hà Nội,Ngân Hàng TMCP Quân Đội
1196,FullStack Developer Information Technology Division,2025-12-26,46.600349650349656,Hà Nội,Ngân Hàng TMCP Quân Đội
1197,AI Engineer Information Technology Division,2025-12-26,46.600349650349656,Hà Nội,Ngân Hàng TMCP Quân Đội
1198,BackEend Engineer Information Technology Division,2025-12-26,46.600349650349656,Hà Nội,Ngân Hàng TMCP Quân Đội
1200,Senior Risk Modeling Specialist,2026-01-01,46.600349650349656,Hà Nội,Ngân Hàng TMCP Sài Gòn Hà Nội ( SHB )
1201,CRM MANAGER,2026-01-09,31.2541095890411,Hồ Chí Minh,Thương Mại Dịch Vụ Xuất Nhập Khẩu The Vigo
1202,Test Engineer/ Test Engineer,2026-01-10,31.2541095890411,Hồ Chí Minh,LITETRACE VIET NAM CO.
1203,Mobile APP Developer,2026-01-09,31.2541095890411,Hồ Chí Minh,LITETRACE VIET NAM CO.
1204,MCU Software Engineer,2026-01-09,31.2541095890411,Hồ Chí Minh,LITETRACE VIET NAM CO.
1205,Computer Sales Staff Competitive salary from 12 to 20 million,2026-01-09,20.0,Hà Nội,TMDV & PTTT TÂN PHÁT
1206,IT Service Desk Technician,2026-01-14,33.0,Hà Nội,TALENTNET CORPORATION
1207,Business Analyst,2026-01-14,30.0,Hà Nội,Công ty CANIFA
1208,ERP developer,2026-02-28,16.444444444444443,Bình Dương,Phuc Thang Fine Furniture
1209,Data Engineer Leader,2026-01-01,31.2541095890411,Hồ Chí Minh,Công Ty TARA
1210,Fulltime Odoo Developer with experience,2025-12-16,22.0,Hồ Chí Minh,Nobiware
1211,C++ / C# Talented Developers,2025-12-31,60.0,Hà Nội,Bảo mật
1212,CV/CVC/CVCC Operate the Business Administration application,2026-02-06,46.600349650349656,Hà Nội,Ngân hàng TMCP Lộc Phát Việt Nam (LPBank)
1213,ABAP programming expert,2026-01-15,31.2541095890411,Hồ Chí Minh,Công ty Nông nghiệp BAF Việt Nam
1214,IT Helpdesk,2026-01-15,14.0,Hồ Chí Minh,DỊCH VỤ THỰC PHẨM VÀ GIẢI KHÁT VIỆT NAM VFBS
1215,Devops Engineer,2026-01-18,28.0,Hồ Chí Minh,LacViet Computing Corporation
1216,IT Staff,2026-01-13,53.0,Hưng Yên,Panasonic Appliances Vietnam
1217,Junior Product Specialist,2026-01-13,20.0,Hà Nội,Công ty Phân Phối Việt Nét
1218,Head of Distribution Sales Department No. 2,2026-01-13,46.600349650349656,Hà Nội,Xu hướng Công nghệ số DGT
1219,Sales Staff Distributing Computer Components,2026-01-13,46.600349650349656,Hà Nội,Xu hướng Công nghệ số DGT
1220,Product Manager,2026-01-13,40.0,Hà Nội,Công ty Phân Phối Việt Nét
1221,Head of Market Research and Development Team,2025-12-31,40.0,Hà Nội,Công ty CANIFA
1222,Senior DevOps,2025-12-31,31.2541095890411,Hồ Chí Minh,Tập Đoàn CT Group Việt Nam
1223,QUALITY MANAGEMENT SPECIALIST,2025-12-31,31.2541095890411,Hồ Chí Minh,CÔNG TY CÔNG NGHỆ FINVIET
1224,"Senior Engineer, Electric Motor Control Software",2025-12-31,31.2541095890411,Hồ Chí Minh,Tập Đoàn CT Group Việt Nam
1225,Solution Architect Supervisor,2025-12-31,31.2541095890411,Hồ Chí Minh,HD SAISON Finance
1226,Data Scientist,2026-01-01,31.2541095890411,Hồ Chí Minh,T.M.G
1227,Seasonal sales accountant,2026-01-12,10.0,Hồ Chí Minh,NHÂN SINH PHÚC (NSP .)
1228,AI Engineer,2026-01-12,50.0,Hà Nội,Công ty Tập đoàn Austdoor
1229,Business Analyst,2026-01-11,15.0,Đà Nẵng,Công ty Đầu Tư TM và Phát Triển Công Nghệ FSI
1230,Presale/ IT Solution Consulting Engineer,2026-01-11,31.2541095890411,Hồ Chí Minh,PHÁT TRIỂN CÔNG NGHỆ MIỀN NAM
1231,Scrum Master Transformation Block,2026-01-11,46.600349650349656,Hà Nội,Ngân Hàng TMCP Sài Gòn Hà Nội ( SHB )
1232,Camera Surveillance Officer,2025-12-28,15.0,Hồ Chí Minh,CÔNG TY TRANSIMEX
1233,Northern Distribution Channel Business Management,2026-01-10,15.0,Hà Nội,Acer Việt Nam
1234,Frontend programmer,2026-01-10,25.0,Hà Nội,Công ty IIG Việt Nam
1235,Senior Application Operation Specialist,2026-01-10,40.5,Hồ Chí Minh,FE CREDIT
1236,Senior ERP manager,2026-01-10,31.2541095890411,Hồ Chí Minh,MTV CHẾ TÁC VÀ KINH DOANH TRANG SỨC PNJ
1237,ELECTRICAL CONSTRUCTION TECHNIQUE – LIGHT ELECTRICAL,2025-12-21,17.0,Hồ Chí Minh,TM DV XUẤT NHẬP KHẨU NAM THẮNG
1238,"Motion designer 27027 District 1, HCM",2025-12-06,30.0,Hồ Chí Minh,Reeracoen Việt Nam
1239,IT Web & Automation Specialist,2026-01-15,28.0,Hồ Chí Minh,CÔNG TY INFIPOWER
1240,DEPUTY DIRECTOR OF IT HARDWARE,2026-01-31,31.2541095890411,Hồ Chí Minh,CÔNG TY TRÁCH NHIỆM HỮU HẠN SÀI GÒN PRECISION
1241,"Customer Management 27048 District 4, HCM",2026-01-09,20.0,Hồ Chí Minh,Reeracoen Việt Nam
1242,R&D Engineer,2025-12-27,31.2541095890411,Hồ Chí Minh,CÔNG TY DƯỢC PHẨM FPT LONG CHÂU
1243,Data Intelligence Analyst,2026-01-04,31.2541095890411,Hồ Chí Minh,RED2 DIGITAL
1244,Motion Designer,2026-01-06,50.0,Hồ Chí Minh,QUICK VIỆT NAM
1245,Senior Specialist in Stock Trading Product Development,2026-01-08,46.600349650349656,Hà Nội,Công Ty Chứng Khoán VNDIRECT
1246,Senior/Middle QA/QC Engineer,2025-12-31,31.2541095890411,Hồ Chí Minh,Tập Đoàn CT Group Việt Nam
1247,Scrum Master,2026-01-07,31.2541095890411,Hồ Chí Minh,CÔNG TY DƯỢC PHẨM FPT LONG CHÂU
1248,ERP BUSINESS ANALYST SPECIALIST,2026-01-07,30.0,Hà Nội,Công ty CANIFA
1249,Business Analysis Process Automation,2026-01-07,30.0,Hà Nội,Công ty CANIFA
1250,Head of IT Department Information Technology,2025-12-31,60.0,Hà Nội,Công Ty A25 Hotel
1251,AI Engineer,2025-12-31,18.0,Hồ Chí Minh,Công Ty Tài Việt (Vietstock.vn)
1252,Data Governance Manager,2026-01-06,46.600349650349656,Hà Nội,LOTTE FINANCE VIETNAM
1253,Data Governance Expert,2026-01-06,46.600349650349656,Hà Nội,LOTTE FINANCE VIETNAM
1254,Sales Executive,2026-01-06,40.5,Hồ Chí Minh,"Iconic Co.,"
1255,Information Technology Auditor,2026-01-06,46.600349650349656,Hà Nội,Tổng Công ty Bảo hiểm Quân đội (MIC)
1256,"PLC, ROBOT Programming Engineer",2026-01-06,46.600349650349656,Hà Nội,Công ty Giải pháp Tự động hóa ETEK
1257,Binh Duong Power Platform development engineer,2026-01-06,18.0,Bình Dương,POLYTEX FAR EASTERN
1258,IT Developer,2026-01-01,31.2541095890411,Hồ Chí Minh,T.M.G
1259,Developer staff,2026-01-05,25.0,Hà Nội,Công ty đầu tư phát triển máy Việt Nam
1260,Quality Control LOS,2026-01-05,43.2,Hồ Chí Minh,FE CREDIT
1262,Legal Counsel,2026-01-05,35.0,Hà Nội,Công ty Tập đoàn Meey Land
1263,124001 C# Senior/Tech Leader IT,2026-01-04,100.0,Hồ Chí Minh,RGF HR Agent Vietnam
1264,Product Owner ISC,2026-01-04,31.2541095890411,Hồ Chí Minh,CÔNG TY DƯỢC PHẨM FPT LONG CHÂU
1265,"HO Head of Technology and Card Risk Management, Risk Management Division",2026-01-04,31.2541095890411,Hồ Chí Minh,Ngân Hàng TMCP Phương Đông OCB
1266,ERP BUSINESS ANALYST SPECIALIST,2026-01-04,30.0,Hà Nội,Công ty CANIFA
1267,Senior Specialist/Risk Expert operating in IT Risk Management Division,2026-01-04,46.600349650349656,Hà Nội,Ngân Hàng TMCP Quốc Dân (NCB)
1268,R&D Mechanical Engineer/ Senior Engineer/ Supervisor,2026-01-03,53.0,Hưng Yên,Panasonic Appliances Vietnam
1269,IT Business Analyst,2026-01-03,31.2541095890411,Hồ Chí Minh,Công Ty Tài Chính Mirae Asset
1270,Senior Integration Engineer,2026-01-02,31.2541095890411,Hồ Chí Minh,Công Ty Vàng Bạc Đá Quý Phú Nhuận PNJ
1271,System Engineer,2026-01-02,46.600349650349656,Hà Nội,CÔNG TY TÀI CHÍNH NGÂN HÀNG TMCP SÀI GÒN HÀ NỘI (SHBFinance)
1272,Senior specialist in project management office transformation,2026-01-02,46.600349650349656,Hà Nội,Ngân hàng TMCP Đại Chúng Việt Nam PVcomBank
1273,IT ERP,2026-01-02,31.2541095890411,Hồ Chí Minh,Mitsubishi Electric Vietnam
1274,Deputy Chief Information Technology Officer,2026-01-02,31.2541095890411,Hồ Chí Minh,CÔNG TY TÀI CHÍNH NGÂN HÀNG TMCP SÀI GÒN HÀ NỘI (SHBFinance)
1275,Medical Data Operation & Analysis Specialist,2025-12-15,31.2541095890411,Hồ Chí Minh,CÔNG TY GIẢI PHÁP GENE GENE SOLUTIONS
1276,Junior IT staff,2025-12-26,31.2541095890411,Hồ Chí Minh,Công ty Giáo dục Quốc tế Việt Úc
1277,FE React JS,2025-12-27,31.2541095890411,Hồ Chí Minh,CÔNG TY DƯỢC PHẨM FPT LONG CHÂU
1278,Facebook Ads Staff,2026-01-01,46.600349650349656,Hà Nội,Hệ thống Y tế Thu Cúc
1279,Senior Product Manager Saas Applications,2026-01-01,31.2541095890411,Hồ Chí Minh,DREAM TALENT
1280,Senior AI Prompt Engineer,2026-01-01,31.2541095890411,Hồ Chí Minh,Công Ty Vàng Bạc Đá Quý Phú Nhuận PNJ
1281,Middle UI/UX Designer,2025-12-31,31.2541095890411,Hồ Chí Minh,Tập Đoàn CT Group Việt Nam
1282,SOFTWARE APPLICATION DEVELOPMENT PROGRAMMER,2025-12-31,31.2541095890411,Hồ Chí Minh,Tổng công ty Bảo Minh
1283,Frontend Developer,2026-01-02,25.0,Hồ Chí Minh,CÔNG TY GREEN SPEED
1284,IT sales specialist Fixed salary from 8 to 12 million,2025-12-30,20.0,Hồ Chí Minh,THƯƠNG MẠI DỊCH VỤ KỸ THUẬT TẦM NHÌN
1285,Senior Frontend Developer,2026-01-31,31.2541095890411,Hồ Chí Minh,HD SAISON Finance
1286,Data Engineer Information Technology Division,2025-12-30,46.600349650349656,Hà Nội,Ngân Hàng TMCP Quân Đội
1287,IT specialist,2025-12-30,17.0,Hà Nội,CÔNG TY THỰC PHẨM HỮU NGHỊ
1288,Server Administrator,2025-12-30,31.2541095890411,Hồ Chí Minh,Belleza Việt Nam
1289,Software system administrator/Software system administrator and database administrator,2025-12-29,46.600349650349656,Hà Nội,Chứng khoán Ngân hàng TMCP Ngoại thương Việt Nam (VCBS Vietcombank Securities)
1290,CVCC Representative of business unit SI MSB 3K029,2025-12-29,35.0,Hà Nội,Ngân hàng Thương mại Hàng Hải Việt Nam (MSB)
1291,BI Specialist,2025-12-29,46.600349650349656,Hà Nội,CÔNG TY CASPER VIỆT NAM
1292,Senior Data Engineer ID594,2025-12-29,46.600349650349656,Hà Nội,Ngân Hàng TMCP Việt Nam Thịnh Vượng VPBANK
1293,AI Engineer,2025-12-29,35.0,Hà Nội,Công ty CANIFA
1294,Scrum Master/Agile Coach SI MSB 3I119,2025-12-28,46.600349650349656,Hà Nội,Ngân hàng Thương mại Hàng Hải Việt Nam (MSB)
1295,Planning Officer,2025-12-28,30.0,Bắc Ninh,INTELLIGENT MANUFACTURING JUSTECH VIỆT NAM
1296,System engineer in Hanoi,2025-12-28,17.0,Đà Nẵng,TÍCH HỢP HỆ THỐNG NHT
1297,Project Records Officer,2025-12-28,17.0,Đà Nẵng,TÍCH HỢP HỆ THỐNG NHT
1298,Director of the Legal Department Head of Legal,2025-12-28,90.0,Hà Nội,Công ty Tập đoàn Meey Land
1299,Assistant General Director,2025-12-28,30.0,Hà Nội,Công ty Tập đoàn Meey Land
1300,"Field supervision engineer in Hanoi, Vung Tau, Phu Quoc",2025-12-28,17.0,Hà Nội,TÍCH HỢP HỆ THỐNG NHT
1301,Programmer,2025-12-20,15.0,Hồ Chí Minh,Công ty Giải pháp và Truyền thông VTVBroadcom
1302,Expert Backend Developer,2025-12-27,31.2541095890411,Hồ Chí Minh,Công Ty Vàng Bạc Đá Quý Phú Nhuận PNJ
1303,INFORMATION TECHNOLOGY MANAGER,2025-12-28,31.2541095890411,Hồ Chí Minh,Công Ty Vacxin Việt Nam
1304,Senior Data Security Specialist Data Division Senior Data Security Data Division Data Division,2025-12-26,46.600349650349656,Hà Nội,Ngân Hàng TMCP Quân Đội
1305,Product Development Specialist Digital Enterprise Factory Product Development Specialist Digital Enterprise Factory Digital Banking Division,2025-12-26,46.600349650349656,Hà Nội,Ngân Hàng TMCP Quân Đội
1306,Business Development Executive,2025-12-26,31.2541095890411,Hồ Chí Minh,SCRD
1307,Production line leader,2025-12-25,16.444444444444443,Bình Dương,CÔNG TY ZIONCOM
1308,Deputy Market Research and Analysis Department,2025-12-24,30.0,Hồ Chí Minh,ALL VALUE INSIGHT DATA
1309,Business Consulting,2025-12-24,31.2541095890411,Hồ Chí Minh,CyberLogitec Vietnam .
1310,Technology Architecture Specialist HO 2V041,2025-12-23,46.600349650349656,Hà Nội,Tập đoàn ROX (ROX Group)
1311,Information Technology Portfolio Management Specialist HO 2V040,2025-12-23,46.600349650349656,Hà Nội,Tập đoàn ROX (ROX Group)
1312,"Expert, Salesforce Developer",2025-12-22,20.0,Hồ Chí Minh,NGÂN HÀNG TMCP KỸ THƯƠNG VIỆT NAM (TECHCOMBANK)
1313,"Senior Officer, Information Security",2025-12-22,20.0,Hà Nội,NGÂN HÀNG TMCP KỸ THƯƠNG VIỆT NAM (TECHCOMBANK)
1314,Java Developer,2025-12-22,40.5,Hồ Chí Minh,FE CREDIT
1315,IT Presales Supervisor Good English,2025-12-22,31.2541095890411,Hồ Chí Minh,CÔNG TY GENERAL RESOURCES
1316,Head of Digital Lending,2025-12-22,46.600349650349656,Hà Nội,LOTTE FINANCE VIETNAM
1317,Trading Operations Officer,2025-12-21,46.600349650349656,Hà Nội,Công Ty Chứng Khoán VNDIRECT
1318,Data Analysis Team Leader – BI Analysis Leader,2025-12-21,46.600349650349656,Hà Nội,CÔNG TY TẬP ĐOÀN GELEX
1319,Senior Risk Specialist Ho Chi Minh ID447,2025-12-21,31.2541095890411,Hồ Chí Minh,Ngân Hàng TMCP Việt Nam Thịnh Vượng VPBANK
1320,IT training and documentation specialist,2025-12-21,25.0,Hà Nội,EuP Group
1321,District 7 Software Development Officer,2025-12-21,31.2541095890411,Hồ Chí Minh,POLYTEX FAR EASTERN
1322,Software Development Officer,2025-12-21,40.0,Hà Nội,Tổng Công ty Bảo hiểm Ngân hàng Đầu tư và Phát triển Việt Nam (BIC)
1323,"Expert, Site Reliability Engineering",2026-01-08,46.600349650349656,Hà Nội,NGÂN HÀNG TMCP KỸ THƯƠNG VIỆT NAM (TECHCOMBANK)
1324,Senior Frontend Engineer,2025-12-27,31.2541095890411,Hồ Chí Minh,Công Ty Dược Phẩm Pharmacity
1325,Electronics Technician Go to work immediately,2026-01-19,11.0,Hồ Chí Minh,CÔNG TY THIẾT BỊ VÀ ĐẦU TƯ BÁCH KHOA
1326,Data Scientist AI Engineer,2026-01-19,55.0,Hà Nội,SOCOTEC VIỆT NAM
1327,Head of Intelligent Manufacturing Department Chinese or English,2026-01-19,32.0,Bà Rịa - Vũng Tàu,ELECTRONIC TRIPOD VIỆT NAM (CHÂU ĐỨC)
1328,Junior CloudOps / SysOps Unix & Linux,2026-01-31,25.0,Hồ Chí Minh,Teamwork Vietnam
1329,SRE Site Reliability Engineer,2026-01-19,35.0,Hà Nội,Công ty Công nghệ UpBase
1330,Mechanical engineer.,2026-01-19,15.0,Hà Nội,TECOTEC Technology
1331,Head/Deputy Head of Information Security Department,2026-01-19,46.600349650349656,Hà Nội,CÔNG TY CHỨNG KHOÁN ASEAN
1332,Data Engineer CRM,2026-01-19,46.600349650349656,Hà Nội,Công ty Chứng khoán DNSE
1333,IT Sales Executive,2026-01-19,31.2541095890411,Hồ Chí Minh,CyberLogitec Vietnam .
1334,ERP specialist,2026-01-19,21.6,Long An,CÔNG TY NGUYÊN LIỆU Á CHÂU AIG
1335,Business Analysis Engineer,2026-01-19,23.0,Hà Nội,Tổng Công ty Công trình Viettel
1336,Flutter Developer,2026-01-19,24.0,Hà Nội,Công ty IIG Việt Nam
1337,Senior Risk Model Building Specialist Hanoi TA084,2026-01-19,46.600349650349656,Hà Nội,Ngân Hàng TMCP Việt Nam Thịnh Vượng VPBANK
1338,UI/UX Design Specialist,2026-01-19,31.2541095890411,Hồ Chí Minh,Công Ty Du lịch và Tiếp Thị GTVT Việt Nam Vietravel
1339,"Head of Network Engineering, Camera",2026-01-19,30.0,Hồ Chí Minh,THƯƠNG MẠI DỊCH VỤ KỸ THUẬT TẦM NHÌN
1340,"CV/CVCC Management, risk, compliance with information security",2026-01-19,46.600349650349656,Hà Nội,CÔNG TY TÀI CHÍNH NGÂN HÀNG TMCP SÀI GÒN HÀ NỘI (SHBFinance)
1341,mobile Developer,2026-01-19,31.2541095890411,Hồ Chí Minh,LacViet Computing Corporation
1342,Information Technology Engineer,2026-01-19,18.0,Kiên Giang,CÔNG TY SẢN XUẤT VÀ BẢO DƯỠNG THIẾT BỊ HÀNG KHÔNG
1343,Data Engineer – Data Engineer,2026-01-19,31.2541095890411,Hồ Chí Minh,Tập Đoàn CT Group Việt Nam
1344,Cu Mgar IT Specialist,2026-01-19,15.0,Dak Lak,Công Ty Vacxin Việt Nam
1345,Software QA & Testing Officer – Software QA & Testing Officer,2026-01-19,31.2541095890411,Hồ Chí Minh,Tập Đoàn CT Group Việt Nam
1346,ERP Operations Specialist,2026-01-19,40.312419700214136,Nghệ An,CÔNG TY Á CHÂU HOA SƠN
1347,Backend programmer,2025-12-30,31.2541095890411,Hồ Chí Minh,Công Ty Giải Pháp Thanh Toán Việt Nam (VNPAY)
1348,Application Development and Analysis Specialist,2026-01-23,20.0,Hồ Chí Minh,THẨM MỸ QUỐC TẾ LINH ANH
1349,NETWORK ADMINISTRATOR,2026-01-19,16.444444444444443,Bình Dương,TBS Land Công ty Đầu Tư Thái Bình
1350,Business Analyst cum Tester,2026-01-18,23.0,Hà Nội,Tổng Công ty Công trình Viettel
1351,DevOps Engineer,2026-01-18,31.2541095890411,Hồ Chí Minh,CÔNG TY INTEGRATED LOGISTICS VELA
1352,BI Analyst Data Analyst,2026-01-18,40.312419700214136,Cần Thơ,CÔNG TY TRÁCH NHIỆM HỮU HẠN TRUNG SƠN ALPHA (Hệ thống Nhà thuốc Trung Sơn)
1353,Mobile App Programmer,2026-01-18,40.312419700214136,Cần Thơ,CÔNG TY TRÁCH NHIỆM HỮU HẠN TRUNG SƠN ALPHA (Hệ thống Nhà thuốc Trung Sơn)
1354,Senior AI Engineer Hanoi TA139,2026-01-18,46.600349650349656,Hà Nội,Ngân Hàng TMCP Việt Nam Thịnh Vượng VPBANK
1355,Maintenance staff,2026-01-18,12.0,Hồ Chí Minh,CÔNG TY SAIGON INDOCHINE CRUISE
1356,Head of Compliance & Security Management Department,2026-01-18,31.2541095890411,Hồ Chí Minh,Công Ty Tập Đoàn Đầu Tư Địa Ốc No Va
1357,CVCC Hanoi Business Customer Analysis TA139,2026-01-18,46.600349650349656,Hà Nội,Ngân Hàng TMCP Việt Nam Thịnh Vượng VPBANK
1358,Senior Business Intelligence Analyst Corporate Banking Hanoi TA139,2026-01-18,46.600349650349656,Hà Nội,Ngân Hàng TMCP Việt Nam Thịnh Vượng VPBANK
1359,CVCC Business Analysis Hanoi Support Division TA139,2026-01-18,46.600349650349656,Hà Nội,Ngân Hàng TMCP Việt Nam Thịnh Vượng VPBANK
1360,Programming Teacher/Coding Teacher District 9,2026-01-18,65.0,Hồ Chí Minh,Wall Street English
1361,UX/UI Designer,2026-01-18,25.0,Hồ Chí Minh,CÔNG TY CITICS
1362,Ea tam IT Specialist,2026-01-18,15.0,Dak Lak,Công Ty Vacxin Việt Nam
1363,IT Engineering,2026-01-18,26.0,Hà Nội,Công Ty A25 Hotel
1364,IT SUPPORT,2026-01-18,14.0,Bình Dương,CRYSTAL ELEGANCE TEXTILES VIỆT NAM
1365,DATA ENGINEER,2026-01-18,30.0,Hà Nội,SCI Group
1366,Project Engineer,2026-01-18,18.0,Hà Nội,NETMARKS VIỆT NAM
1367,Business Analyst ERP,2025-12-30,25.0,Hà Nội,NHÀ SÁCH TIẾN THỌ
1368,General Human Resources Specialist,2026-01-06,46.600349650349656,Hà Nội,CÔNG TY ĐẦU TƯ VÀ PHÁT TRIỂN BẤT ĐỘNG SẢN HUDLAND
1369,Information Technology Specialist - Digital Transformation,2026-01-06,46.600349650349656,Hà Nội,CÔNG TY ĐẦU TƯ VÀ PHÁT TRIỂN BẤT ĐỘNG SẢN HUDLAND
1370,Data Analyst,2025-12-30,25.0,Hà Nội,Công ty CANIFA
1371,ODoo Python Programmer,2025-12-31,18.0,Hà Nội,Công ty CANIFA
1372,IT support staff,2025-12-31,17.0,Hà Nội,Công ty CANIFA
1373,ODoo Python Programmer,2025-12-31,30.0,Hà Nội,Công ty CANIFA
1374,AI Engineer,2025-12-31,35.0,Hà Nội,Công ty CANIFA
1375,BUSINESS ANALYST,2025-12-31,14.0,Hồ Chí Minh,HQ SING
1376,Web Platform & Tech Solutions Lead,2025-12-31,30.0,Hồ Chí Minh,HQ SING
1377,PROGRAMMING EXPERT,2025-12-31,16.0,Hồ Chí Minh,HQ SING
1378,Senior specialist in IT Application Deployment and Operation,2026-01-17,35.0,Hồ Chí Minh,Nova Service Group Công ty Tập đoàn Nova Services
1379,Technical Document Engineer,2025-12-31,31.2541095890411,Hồ Chí Minh,CÔNG TY GREMSY
1380,Senior specialist in IT Business Analysis Organization,2026-01-16,30.0,Hồ Chí Minh,Nova Service Group Công ty Tập đoàn Nova Services
1381,IT staff supports software operations,2026-01-26,17.0,Hà Nội,CÔNG TY CÔNG NGHIỆP WELDCOM
1382,Expert in organizing network administration of IT department,2026-01-16,20.0,Hồ Chí Minh,Nova Service Group Công ty Tập đoàn Nova Services
1383,Senior specialist in business system management Business Analyst,2026-01-30,31.2541095890411,Hồ Chí Minh,Nova Service Group Công ty Tập đoàn Nova Services
1384,Software Sales Executive,2026-02-28,50.0,Hồ Chí Minh,LacViet Computing Corporation
1385,SAP ABAP Developer Associate,2026-01-18,25.0,Hà Nội,Tập Đoàn Karofi Holding
1386,GAME PROGRAMMING GAME DEVELOPERS,2026-01-10,46.600349650349656,Hà Nội,Koei Tecmo Software Vietnam
1387,Urgently recruiting MKT Ads staff,2026-01-25,20.0,Hà Nội,Viện Thẩm mỹ y khoa Dr Hải Lê
1388,Paint color mixing technician,2026-01-31,14.0,Bình Dương,Sơn Seamaster Việt Nam
1389,Junior Technical Consultant,2026-01-19,31.2541095890411,Hồ Chí Minh,CANDYLIO
1390,Business Data Analyst,2026-01-19,25.0,Hà Nội,CÔNG TY XUẤT NHẬP KHẨU VÀ THƯƠNG MẠI FOREVER
1391,Fullstack Developer,2026-01-19,46.600349650349656,Hà Nội,HR Vietnam’s ESS Client
1392,Digital Banking DevOps Specialist,2026-01-17,46.600349650349656,Hà Nội,Ngân Hàng TMCP Sài Gòn Hà Nội ( SHB )
1393,Business Analyst,2026-01-17,20.0,Hà Nội,Công ty đầu tư phát triển máy Việt Nam
1394,Head of the Digitalization Project Implementation Team,2026-01-17,65.0,Hồ Chí Minh,Công ty Đầu Tư TM và Phát Triển Công Nghệ FSI
1395,Project Team Leader.,2026-01-17,35.0,Hà Nội,Chương trình Học viện Công nghệ BKACAD
1396,Business Analyst BA Business Analyst,2026-01-17,18.0,Hà Nội,Chương trình Học viện Công nghệ BKACAD
1397,ERP BUSINESS ANALYST SPECIALIST,2026-01-17,30.0,Hà Nội,Công ty CANIFA
1398,Product Owner,2026-01-17,30.0,Hà Nội,NGÂN HÀNG TMCP KỸ THƯƠNG VIỆT NAM (TECHCOMBANK)
1399,ERP user support staff,2026-01-17,16.0,Hà Nội,Công ty CANIFA
1400,Data Analyst,2026-01-17,25.0,Hà Nội,Công ty CANIFA
1401,Professional Specialist,2026-01-17,15.0,Hà Nội,Công ty Tập đoàn Leeon Group
1402,ODoo Python Programmer,2026-01-17,30.0,Hà Nội,Công ty CANIFA
1403,AI Engineer,2026-01-17,35.0,Hà Nội,Công ty CANIFA
1404,IT support staff,2026-01-17,17.0,Hà Nội,Công ty CANIFA
1405,Service Operations Engineer,2026-01-17,15.0,Hà Nội,Công ty Tập đoàn Leeon Group
1406,Mid/Senior Manual Tester,2026-01-17,31.2541095890411,Hồ Chí Minh,Nova Service Group Công ty Tập đoàn Nova Services
1407,Digital Transformation Manager,2025-12-31,31.2541095890411,Hồ Chí Minh,HR Vietnam’s ESS Client
1408,Mobile Developer,2025-12-31,25.0,Hà Nội,Công ty Masscom Việt Nam
1409,System Operations & Maintenance Engineer,2025-12-28,20.0,Hà Nội,GTEL ICT
1410,Front End Developer,2025-12-28,35.0,Hà Nội,THỜI TRANG LINING CÔNG TY QUỐC TẾ HẢI LONG
1411,Business Analyst,2025-12-28,30.0,Hà Nội,THỜI TRANG LINING CÔNG TY QUỐC TẾ HẢI LONG
1412,Backend programmer,2025-12-31,46.600349650349656,Hà Nội,Công Ty Giải Pháp Thanh Toán Việt Nam (VNPAY)
1413,HO Specialist/Main expert/Senior expert in Financial data management,2025-12-31,46.600349650349656,Hà Nội,Ngân hàng TMCP Lộc Phát Việt Nam (LPBank)
1414,Senior DevOps Engineer,2025-12-31,31.2541095890411,Hồ Chí Minh,Công Ty Dược Phẩm Pharmacity
1415,Data Analyst,2026-01-05,15.0,Hà Nội,MANFUSI VIỆT NAM
1416,Mechanical/Electronic Engineering Intern,2026-01-05,75.0,Hồ Chí Minh,Greystone Data Systems Việt Nam
1417,Software Engineer,2026-01-05,25.0,Hồ Chí Minh,Greystone Data Systems Việt Nam
1418,Firmware Programming Engineer,2026-01-05,15.0,Hồ Chí Minh,Greystone Data Systems Việt Nam
1419,Machine Learning Engineer,2026-01-05,25.0,Hồ Chí Minh,Greystone Data Systems Việt Nam
1420,CVC System Administration,2026-01-04,46.600349650349656,Hà Nội,CÔNG TY TÀI CHÍNH TÍN DỤNG TIÊU DÙNG MTV AEON
1421,Debt Management Specialist Collection Management Officer Debt Collection Department,2025-12-31,46.600349650349656,Hà Nội,Công Ty Tài Chính MB SHINSEI (MCREDIT)
1422,Senior Debt Management Specialist Senior Collection Management Officer Debt Collection Department,2025-12-31,46.600349650349656,Hà Nội,Công Ty Tài Chính MB SHINSEI (MCREDIT)
1423,Data Governance Manager,2026-01-18,46.600349650349656,Hà Nội,LOTTE FINANCE VIETNAM
1424,Backend Developer,2025-12-31,36.2,Hồ Chí Minh,KDI EDUCATION
1425,Data Analyst,2025-12-31,31.2541095890411,Hồ Chí Minh,Công Ty Tài Chính Mirae Asset
1426,DevOps Engineer,2025-12-31,31.2541095890411,Hồ Chí Minh,Công Ty Tài Chính Mirae Asset
1427,CV/CVC/CVCC Information Technology Risk Management,2025-12-31,46.600349650349656,Hà Nội,Ngân hàng TMCP Việt Á – VietABank
1428,Specialist,2025-12-28,30.0,Hồ Chí Minh,Tập Đoàn CT Group Việt Nam
1429,Database administrator,2026-01-31,46.600349650349656,Hà Nội,Công Ty Giải Pháp Thanh Toán Việt Nam (VNPAY)
1430,SQL programmer,2026-01-31,46.600349650349656,Hà Nội,Công Ty Giải Pháp Thanh Toán Việt Nam (VNPAY)
1431,SRE staff,2026-01-31,46.600349650349656,Hà Nội,Công Ty Giải Pháp Thanh Toán Việt Nam (VNPAY)
1432,Senior AI Engineer,2025-12-31,50.0,Hà Nội,HR Vietnam’s ESS Client
1433,Factory Solution Engineering,2026-01-12,20.0,Hồ Chí Minh,CÔNG TY PHÁT TRIỂN CÔNG NGHỆ TECHPRO
1434,iLEAP Sales Engineer,2026-01-12,30.0,Hồ Chí Minh,CÔNG TY PHÁT TRIỂN CÔNG NGHỆ TECHPRO
1435,Senior Backend Developer,2026-01-11,33.0,Hồ Chí Minh,Công Ty TEECOM
1436,IIOT engineer,2026-01-12,25.0,Hồ Chí Minh,CÔNG TY TẬP ĐOÀN DAT
1437,Programming Specialist,2026-01-31,25.0,Hà Nội,CÔNG TY TIN HỌC VIỄN THÔNG HÀNG KHÔNG AITS
1438,System Administration Specialist,2026-01-31,25.0,Hà Nội,CÔNG TY TIN HỌC VIỄN THÔNG HÀNG KHÔNG AITS
1439,Solution Consultant,2026-01-31,33.0,Hà Nội,CÔNG TY TIN HỌC VIỄN THÔNG HÀNG KHÔNG AITS
1440,Information Technology Service Management Specialist,2026-01-31,46.600349650349656,Hà Nội,CÔNG TY TIN HỌC VIỄN THÔNG HÀNG KHÔNG AITS
1441,Data Intern,2026-01-31,46.600349650349656,Hà Nội,CÔNG TY CHỨNG KHOÁN ASEAN
1442,Senior IT Security Officer,2026-01-30,46.600349650349656,Hà Nội,LOTTE FINANCE VIETNAM
1443,Business Analyst,2026-01-25,46.600349650349656,Hà Nội,SCI Group
1444,AppSec Engineer,2026-01-12,31.2541095890411,Hồ Chí Minh,Concung.com Con Cung Joint Stock Company
1445,GRC Engineer,2026-01-12,31.2541095890411,Hồ Chí Minh,Concung.com Con Cung Joint Stock Company
1446,Senior Devops,2026-01-10,46.600349650349656,Hà Nội,Ngân Hàng TMCP Sài Gòn Hà Nội ( SHB )
1447,Director of TNTech Application Solutions 4B032,2026-01-07,46.600349650349656,Hà Nội,Tập đoàn ROX (ROX Group)
1448,Agile Coach/Scrum Master HO 2V049,2026-01-07,46.600349650349656,Hà Nội,Tập đoàn ROX (ROX Group)
1449,Scrum Master Transformation Block,2026-01-10,46.600349650349656,Hà Nội,Ngân Hàng TMCP Sài Gòn Hà Nội ( SHB )
1450,Director of Information Security TNEX 4B031,2026-01-11,46.600349650349656,Hà Nội,Ngân hàng Thương mại Hàng Hải Việt Nam (MSB)
1451,K.IT Technology Transformation Specialist,2026-01-31,46.600349650349656,Hà Nội,Ngân hàng TMCP Đại Chúng Việt Nam PVcomBank
1452,Information Security Solution and Architecture Expert K.IT,2026-01-31,46.600349650349656,Hà Nội,Ngân hàng TMCP Đại Chúng Việt Nam PVcomBank
1453,Product manager,2026-02-28,46.600349650349656,Hà Nội,Viettel CHT
1454,Business Development,2026-02-28,46.600349650349656,Hà Nội,Viettel CHT
1455,Head of K.IT Technology Architecture Management Department,2026-01-31,46.600349650349656,Hà Nội,Ngân hàng TMCP Đại Chúng Việt Nam PVcomBank
1456,Information Security Solution Consulting Engineer,2026-02-28,46.600349650349656,Hà Nội,Viettel CHT
1457,Expert in Architecture and Infrastructure Solutions K.IT,2026-01-31,46.600349650349656,Hà Nội,Ngân hàng TMCP Đại Chúng Việt Nam PVcomBank
1458,Senior Data Architect TNTech 2V046,2026-01-07,46.600349650349656,Hà Nội,Tập đoàn ROX (ROX Group)
1459,K.IT Data Solution and Architecture Specialist,2026-01-31,46.600349650349656,Hà Nội,Ngân hàng TMCP Đại Chúng Việt Nam PVcomBank
1460,IT Infrastructure Solution Engineer,2026-01-31,30.0,Hà Nội,GTEL ICT
1461,Senior Business Analyst,2026-02-14,31.2541095890411,Hồ Chí Minh,Công Ty Tập Đoàn Đầu Tư Địa Ốc No Va
1462,Programmer,2026-01-31,15.0,Hồ Chí Minh,CÔNG TY PHÁT TRIỂN CÔNG NGHỆ TECHPRO
1463,IT Support,2026-02-14,46.600349650349656,Hà Nội,Alphanam Group
1464,Electromechanical technician,2026-01-31,46.600349650349656,Hà Nội,Viettel CHT
1465,Business Data Analysis,2026-01-17,46.600349650349656,Hà Nội,CÔNG TY MÁY CÔNG TRÌNH PHÚC LONG
1466,Embedded Linux Engineer,2026-01-12,15.0,Hà Nội,TECOTEC Technology
1467,Embedded Engineer,2026-01-16,15.0,Hà Nội,TECOTEC Technology
1468,Devops Information Technology Specialist,2026-03-31,50.0,Hà Nội,Công ty Chứng khoán Sài Gòn Hà Nội
1469,IT specialist,2026-01-31,15.0,Hà Nội,HEXAGON CÔNG TY THIẾT KẾ LỤC GIÁC
1470,Embedded Engineer,2025-12-17,15.0,Hà Nội,TECOTEC Technology
1471,IT Staff,2026-01-16,53.0,Hưng Yên,"CÔNG TY XÂY DỰNG, THƯƠNG MẠI VÀ VẬT LIỆU SÔNG HỒNG"
1472,Network & Security Engineer,2026-01-16,46.600349650349656,Hà Nội,Viettel CHT
1473,Business Promotion Officer,2026-01-16,46.600349650349656,Hà Nội,Viettel CHT
1474,Digital Banking CV/ CVCC Digital Product Development,2026-01-16,31.2541095890411,Hồ Chí Minh,Ngân Hàng TMCP Phương Đông OCB
1475,Technical Application Supervisor,2026-01-16,31.2541095890411,Hồ Chí Minh,CÔNG TY NGUYÊN LIỆU Á CHÂU
1476,Onsite Cabling Technician,2026-01-16,31.2541095890411,Hồ Chí Minh,LacViet Computing Corporation
1477,Technical Product Specialist,2026-01-16,31.2541095890411,Hồ Chí Minh,Wall Street English
1478,Technical Product Support,2026-01-16,31.2541095890411,Hồ Chí Minh,Wall Street English
1479,Backend Developer,2025-12-31,25.0,Hà Nội,Công ty Masscom Việt Nam
1480,Product designer specialist,2025-12-31,15.0,Hà Nội,Công ty Masscom Việt Nam
1481,Construction Digital Conversion QS Engineer,2025-12-27,31.2541095890411,Hồ Chí Minh,Tổng công ty Xây dựng số 1 – CTCP
1482,SAP FICO Specialist,2025-12-27,30.0,Hồ Chí Minh,Công ty Đầu tư Asia Dragon
1483,Network Integration & Security Team Leader,2025-12-27,45.0,Hà Nội,Công ty Công nghệ Mạng và Truyền thông
1484,Project Assistant,2025-12-27,20.0,Hà Nội,Bảo mật
1485,Network and Security Solutions Consulting Engineer,2025-12-27,46.600349650349656,Hà Nội,Công ty Công nghệ Mạng và Truyền thông
1486,Programmer,2025-12-27,20.0,Hà Nội,EuP Group
1487,Business Analyst/BA,2025-12-27,15.0,Hà Nội,EuP Group
1488,Data Scientist,2025-12-26,31.2541095890411,Hồ Chí Minh,CÔNG TY EPLUS RESEARCH
1489,Contact Center System Specialist – CC Solution Support,2025-12-27,15.0,Hồ Chí Minh,TRANSCOSMOS VIỆT NAM
1490,Network Engineer,2025-12-31,46.600349650349656,Hà Nội,Viettel CHT
1491,Android programmer,2026-01-31,46.600349650349656,Hà Nội,Công Ty Giải Pháp Thanh Toán Việt Nam (VNPAY)
1492,Business Executive Officer,2026-01-19,46.600349650349656,Hà Nội,Viettel CHT
1493,Deputy Director of Business Division,2026-01-31,29.8,Đà Nẵng,Công Ty Giải Pháp Thanh Toán Việt Nam (VNPAY)
1494,CV for IT procurement support TA184,2025-12-31,46.600349650349656,Hà Nội,Ngân Hàng TMCP Việt Nam Thịnh Vượng VPBANK
1495,Product Owner,2025-12-31,30.0,Hà Nội,Công ty Masscom Việt Nam
1496,IT investment project consultant,2026-01-04,30.0,Hà Nội,GTEL ICT
1497,Deputy Manager - In charge of the IT Team in the Administration Department,2026-01-04,32.0,Bà Rịa - Vũng Tàu,Tokuyama Việt Nam
1498,Automation Testing Specialist,2025-12-31,25.0,Hà Nội,Công ty Công nghệ UpBase
1499,Data Analyst and Reporting Specialist,2026-01-31,46.600349650349656,Hà Nội,LOTTE FINANCE VIETNAM
1500,Application Administration Officer of IT Department,2026-01-10,46.600349650349656,Hà Nội,Tổng Công ty Bảo hiểm Ngân hàng Đầu tư và Phát triển Việt Nam (BIC)
1501,SAP Development Officer,2026-01-03,46.600349650349656,Hà Nội,Công Ty Eurowindow
1502,Accounts and Payments Solutions Specialist RB MSB 1O281,2026-01-03,50.0,Hà Nội,Ngân hàng Thương mại Hàng Hải Việt Nam (MSB)
1503,Telecommunications Technical Officer,2025-12-31,20.0,Điện Biên,Tổng Công ty Công trình Viettel
1504,Learning Data Management,2025-12-31,46.600349650349656,Hà Nội,Ngân Hàng TMCP Việt Nam Thịnh Vượng VPBANK
1505,NLP Engineer,2026-02-28,50.0,Đà Nẵng,CÔNG TY CÔNG NGHỆ PREP
1506,AI Engineer,2026-01-11,40.0,Hà Nội,CÔNG TY CÔNG NGHỆ PREP
1507,NLP Engineer,2026-01-11,40.0,Hà Nội,CÔNG TY CÔNG NGHỆ PREP
1508,Head of Data Management Department,2026-01-11,40.0,Hà Nội,Công ty Tập đoàn Meey Land
1509,Technology project director,2026-01-15,46.600349650349656,Hà Nội,Công ty Tập đoàn Meey Land
1510,SEO,2026-01-11,12.0,Hồ Chí Minh,IN ẤN KỸ THUẬT MỚI TÂN HOA MAI
1511,Head of Embedded Software Development Department,2025-12-31,40.0,Hà Nội,Tập Đoàn Karofi Holding
1512,System Engineer,2026-01-31,46.600349650349656,Hà Nội,Viettel CHT
1513,iOS programmer,2026-01-11,31.2541095890411,Hồ Chí Minh,Công Ty Giải Pháp Thanh Toán Việt Nam (VNPAY)
1514,Java Programmer,2026-01-31,45.0,Hồ Chí Minh,CÔNG TY EPLUS RESEARCH
1515,System integration engineer,2025-12-31,25.0,Hà Nội,PNK
1516,Project Construction Techniques,2026-01-10,15.0,Hồ Chí Minh,Bee Next Công ty TM DV Vùng Trời Thông Tin
1517,NORTH TU LIEM BUSINESS ANALYST,2026-01-17,20.0,Hà Nội,CÔNG TY TẬP ĐOÀN DEKKO
1518,SAP FICO Specialist,2026-01-16,16.444444444444443,Bình Dương,Wipro Consumer Care Vietnam
1519,HR Specialist / HRBP,2026-01-17,25.0,Hà Nội,Công ty Công nghệ UpBase
1520,IT Helpdesk Specialist,2026-02-05,31.2541095890411,Hồ Chí Minh,GALAXY DIGITAL HOLDINGS
1521,Data Engineer,2026-01-16,40.0,Hồ Chí Minh,CÔNG TY EPLUS RESEARCH
1522,Machine Learning Engineer,2026-02-15,40.0,Hồ Chí Minh,CÔNG TY EPLUS RESEARCH
1523,Application Deployment and Operations Specialist,2026-01-14,31.2541095890411,Hồ Chí Minh,Nova Service Group Công ty Tập đoàn Nova Services
1524,Business Analyst,2026-01-30,46.600349650349656,Hà Nội,Tập Đoàn Tân Á Đại Thành
1525,Senior Technical Editor,2026-01-15,31.2541095890411,Hồ Chí Minh,HR Vietnam’s ESS Client
1526,Software Engineer,2026-01-15,35.0,Bắc Ninh,Headhunter HRchannels Group
1527,Risk Operation Senior Officer,2026-01-15,31.2541095890411,Hồ Chí Minh,HD SAISON Finance
1528,Digital Marketing staff,2026-01-15,15.0,Hà Nội,XNK thương mại và dịch vụ công nghệ HLF
1529,Sales staff,2026-01-15,15.0,Hà Nội,Vinahost
1530,Sales staff,2026-01-15,15.0,Hồ Chí Minh,Vinahost
1531,Hanoi Telecommunications Technical Staff,2026-01-15,18.0,Hà Nội,Tổng Công ty Công trình Viettel
1532,Warranty Specialist,2025-12-25,15.0,Hà Nội,Công ty Mediamart Việt Nam
1533,IT specialist in AI field,2025-12-26,32.0,Bà Rịa - Vũng Tàu,PTSC Offshore Services (POS)
1534,IT Specialist in Information Security Department,2025-11-26,32.0,Bà Rịa - Vũng Tàu,PTSC Offshore Services (POS)
1535,Middle Data Engineer,2025-12-20,31.2541095890411,Hồ Chí Minh,GALAXY DIGITAL HOLDINGS
1536,Senior Data Engineer,2025-12-20,31.2541095890411,Hồ Chí Minh,GALAXY DIGITAL HOLDINGS
1537,IT System management,2025-12-26,17.0,Bình Dương,Sài Gòn Stec
1538,IT Security,2025-12-26,17.0,Bình Dương,Sài Gòn Stec
1539,Sales Staff,2025-12-25,20.0,Hồ Chí Minh,Công ty TS24
1540,Backend & GenAI Integration programmer,2025-12-26,31.2541095890411,Hồ Chí Minh,Công ty Dripcare Global Holding
1541,Product Owner,2025-12-31,45.0,Hồ Chí Minh,Công ty Thời Trang YODY
1542,Full Stack E commerce & Marketplace developer,2025-12-26,31.2541095890411,Hồ Chí Minh,Công ty HaMo Holdings
1543,Power BI Developer,2025-12-26,31.2541095890411,Hồ Chí Minh,Savills Vietnam
1544,Senior specialist in process improvement and digitization,2025-12-26,46.600349650349656,Hà Nội,Ngân Hàng TMCP Quốc Dân (NCB)
1545,Systems Engineer,2026-01-03,46.600349650349656,Hà Nội,CÔNG TY TƯ VẤN CHUYỂN GIAO CÔNG NGHỆ ITC
1546,Project Assistant,2026-01-03,20.0,Hà Nội,CÔNG TY TƯ VẤN CHUYỂN GIAO CÔNG NGHỆ ITC
1547,Website Administrator,2026-01-03,15.0,Hà Nội,Công ty Mediamart Việt Nam
1548,Software testing specialist,2026-01-03,20.0,Hà Nội,GTEL ICT
1549,Microsoft 365 Solutions Specialist,2026-01-03,31.2541095890411,Hồ Chí Minh,Y TẾ VIỆT TIẾN
1550,Mechanical/Electronic Engineering Intern,2026-01-03,75.0,Hồ Chí Minh,Greystone Data Systems Việt Nam
1551,Sample Plan NV,2026-01-04,11.0,Hồ Chí Minh,", Liên Doanh Vĩnh Hưng (TMI Việt Nam)"
1552,Information Technology Support Staff,2026-01-09,15.0,Hà Nội,EuP Group
1553,System quality management,2026-01-15,46.600349650349656,Hà Nội,Viettel CHT
1554,Data Analyst,2026-01-01,46.600349650349656,Hà Nội,Ngân Hàng TMCP Sài Gòn Hà Nội ( SHB )
1555,Senior Network Engineer,2026-01-03,46.600349650349656,Hà Nội,CÔNG TY TÀI CHÍNH NGÂN HÀNG TMCP SÀI GÒN HÀ NỘI (SHBFinance)
1556,Chief Commercial Officer,2026-01-10,46.600349650349656,Hà Nội,HR Vietnam’s ESS Client
1557,Business analyst,2026-01-09,30.0,Hà Nội,Thương Mại Xuất Nhập Khẩu Fani
1558,AI engineer,2026-01-10,30.0,Hồ Chí Minh,CÔNG TY TẬP ĐOÀN DAT
1559,Senior specialist,2025-12-31,20.0,Hà Nội,PNK
1560,Information Security Specialist,2026-01-20,31.2541095890411,Hồ Chí Minh,ĐẦU TƯ MAI TÂM ANH
1561,Deployed IT Technical Staff,2026-01-09,13.0,Hồ Chí Minh,TMDV & PTTT TÂN PHÁT
1562,PM Project Management,2026-01-10,30.0,Hà Nội,NGÂN HÀNG TRÁCH NHIỆM HỮU HẠN MỘT THÀNH VIÊN VIỆT NAM HIỆN ĐẠI
1563,BA Business Analyst,2026-01-01,30.0,Hà Nội,Tập Đoàn Karofi Holding
1564,IT specialist,2026-01-10,18.0,Hà Nội,Công Ty Thép Việt Xô Hà Nội
1565,Head of Electronic Design Department,2026-01-31,81.0,Hưng Yên,Tập Đoàn Karofi Holding
1566,10 Mechanical Design Engineer R&D Mechanical Design Engineer,2026-01-31,35.0,Hưng Yên,Tập Đoàn Karofi Holding
1567,GAME PROGRAMMING GAME DEVELOPERS,2025-12-31,46.600349650349656,Hà Nội,Koei Tecmo Software Vietnam
1568,PLANNING FOR GAME DESIGNER,2025-12-31,46.600349650349656,Hà Nội,Koei Tecmo Software Vietnam
1569,IT Helpdesk/ IT Support staff,2025-12-31,46.600349650349656,Hà Nội,Tổng Công Ty Bảo Hiểm Ngân Hàng TMCP Công Thương Việt Nam
1570,ERP System Analyst,2026-01-10,31.2541095890411,Hồ Chí Minh,Onpoint
1571,International Trade Representative,2025-12-31,20.0,Hồ Chí Minh,Tập Đoàn CT Group Việt Nam
1572,Backend Developer,2026-01-30,32.4,Hồ Chí Minh,Ngân hàng TMCP Phát triển TP.HCM (HDBank)
1573,Tester TT PTUD IT Department,2026-01-30,22.0,Hồ Chí Minh,Ngân hàng TMCP Phát triển TP.HCM (HDBank)
1574,Retail Operations Optimization Specialist,2026-01-20,31.2541095890411,Hồ Chí Minh,Công Ty Vàng Bạc Đá Quý Phú Nhuận PNJ
1575,RPA Developer employee,2026-01-15,14.0,Hồ Chí Minh,YKK Việt Nam
1576,Tester,2026-01-16,31.2541095890411,Hồ Chí Minh,Concung.com Con Cung Joint Stock Company
1577,Purchasing Specialist,2026-01-16,13.5,Tây Ninh,Công ty Thành Thành Công Biên Hòa
1578,IT Hardware & Network Specialist,2025-12-31,20.0,Hồ Chí Minh,HQ SING
1579,IT ADMIN STAFF,2026-01-25,10.0,Bình Dương,CRYSTAL ELEGANCE TEXTILES VIỆT NAM
1580,Senior Specialist in Financial Planning and Analysis,2026-01-11,30.0,Hồ Chí Minh,Nova Service Group Công ty Tập đoàn Nova Services
1581,Product Designer,2026-01-16,35.0,Hà Nội,Công ty Tập đoàn Meey Land
1582,CREATIVE WEB3 FRONTEND ENGINEER,2026-01-31,40.0,Hà Nội,Công ty Tập đoàn Meey Land
1583,BACKEND ENGINEER,2026-01-31,40.0,Hà Nội,Công ty Tập đoàn Meey Land
1584,Finance director,2026-01-16,100.0,Hồ Chí Minh,Tập Đoàn CT Group Việt Nam
1585,IT Helpdesk staff,2026-01-22,12.0,Hồ Chí Minh,ĐẦU TƯ ITS
1586,Technician,2026-01-12,7.0,Hà Nội,CÔNG TY PHÁT TRIỂN VIỄN THÔNG VÀ TRUYỀN HÌNH VIỆT NAM
1587,AI Expert/Expert,2026-01-14,108.0,Hà Nội,Công Ty Quản Lý Nợ Và Khai Thác Tài Sản Ngân Hàng TMCP Quân Đội
1588,Business Analyst,2026-01-14,30.0,Hà Nội,Chứng khoán Ngân hàng TMCP Ngoại thương Việt Nam (VCBS Vietcombank Securities)
1589,Software Testing Specialist,2026-01-14,46.600349650349656,Hà Nội,CÔNG TY CHỨNG KHOÁN ASEAN
1590,SPECIALIST /CVC/CVCC BIG DATA TECHNOLOGY,2026-01-14,46.600349650349656,Hà Nội,CÔNG TY CHỨNG KHOÁN ASEAN
1591,Programming Staff,2026-01-14,17.0,Hà Nội,Công ty CANIFA
1592,Master Data Lead,2026-01-14,16.444444444444443,Bình Dương,Rochdale Spears .
1593,Java programming,2026-01-14,46.600349650349656,Hà Nội,CÔNG TY CHỨNG KHOÁN ASEAN
1594,Operations specialist,2026-01-14,31.2541095890411,Hồ Chí Minh,PRIME COMMERCE VIỆT NAM
1595,DESIGN STAFF IN HAI PHONG,2026-01-14,12.0,Hải Phòng,Phát triển BĐS Novasky
1596,Project Marketing Officer,2026-01-14,13.0,Hà Nội,Phát triển BĐS Novasky
1597,Mobile Programmer,2026-01-14,46.600349650349656,Hà Nội,CÔNG TY CHỨNG KHOÁN ASEAN
1598,Angular programming,2026-01-14,46.600349650349656,Hà Nội,CÔNG TY CHỨNG KHOÁN ASEAN
1599,BA Business Analyst,2026-01-14,40.0,Hà Nội,Tập Đoàn Karofi Holding
1600,Director of the Center for Artificial Intelligence,2026-01-14,90.0,Hà Nội,Công ty Tập đoàn Meey Land
1601,Head of IT Department,2026-01-14,40.0,Hà Nội,Công Ty A25 Hotel
1602,Product Specialist,2025-12-25,46.600349650349656,Hà Nội,HR Vietnam’s ESS Client
1603,Programming teacher in Binh Duong,2025-12-10,16.444444444444443,Bình Dương,Wall Street English
1604,IT Engineer,2025-12-25,25.0,Hồ Chí Minh,BEST Logistics Technology
1605,AI/Machine Learning Developer,2025-12-25,46.600349650349656,Hà Nội,Microtec Việt Nam
1606,Account Manager,2025-12-24,46.600349650349656,Hà Nội,GTEL ICT
1607,Senior AI Engineer,2025-12-31,31.2541095890411,Hồ Chí Minh,MOTIVES VIETNAM CORPORATION
1608,Manual Tester Technology & Data Department,2025-12-24,46.600349650349656,Hà Nội,NGÂN HÀNG TRÁCH NHIỆM HỮU HẠN MỘT THÀNH VIÊN VIỆT NAM HIỆN ĐẠI
1609,IT Project Management Specialist/Senior Specialist,2025-12-31,46.600349650349656,Hà Nội,CÔNG TY CHỨNG KHOÁN ASEAN
1610,Lead Specialist in Digital Transformation Project Management,2025-12-24,46.600349650349656,Hà Nội,CÔNG TY PHÁT TRIỂN BẤT ĐỘNG SẢN VĂN PHÚ
1612,Market Insight Team Leader,2025-12-31,40.0,Hà Nội,Công ty CANIFA
1613,Karofi Talent 25 Talent Management Program,2026-01-16,81.0,Hưng Yên,Tập Đoàn Karofi Holding
1614,ERP Specialist,2025-12-31,31.2541095890411,Hồ Chí Minh,Viet Thai International
1615,International market project manager,2025-12-31,46.600349650349656,Hà Nội,Viettel CHT
1616,ACER IMAGE CARE STAFF IN CITY. HANOI,2025-12-31,10.0,Hà Nội,Acer Việt Nam
1617,Bridge Engineer,2026-01-02,46.600349650349656,Hà Nội,HR Vietnam’s ESS Client
1618,R&D Software Supervisor,2026-01-02,46.600349650349656,Hà Nội,HR Vietnam’s ESS Client
1619,Frontend Developer,2026-01-01,46.600349650349656,Hà Nội,CÔNG TY HỌC VIỆN MINH TRÍ THÀNH
1620,Back end Developer,2025-12-31,25.0,Hà Nội,Công ty Masscom Việt Nam
1621,IT Risk & Compliance Chief,2026-01-02,25.0,Hồ Chí Minh,Công Ty Tài Chính Một Thành Viên Quốc Tế Việt Nam JACCS
1622,CVCC Hanoi Human Resources System Administration TA163,2025-12-02,46.600349650349656,Hà Nội,Ngân Hàng TMCP Việt Nam Thịnh Vượng VPBANK
1623,Senior Tester/Senior Tester Conversion Block,2025-12-31,46.600349650349656,Hà Nội,Ngân Hàng TMCP Sài Gòn Hà Nội ( SHB )
1624,AI Backend Engineer,2026-02-01,30.0,Hồ Chí Minh,LacViet Computing Corporation
1625,UX/UI Designer,2026-01-01,22.0,Hà Nội,CÔNG TY HỌC VIỆN MINH TRÍ THÀNH
1626,AI / NLP Engineer,2026-02-28,50.0,Đà Nẵng,CÔNG TY CÔNG NGHỆ PREP
1627,Fresher Performance Marketing SGN,2026-01-09,135.0,Hà Nội,CÔNG NGHỆ VÀ GIẢI PHÁP PHẦN MỀM CROSSIAN VIỆT NAM
1628,Marketing Insights Analyst,2026-01-31,25.0,Hà Nội,Công ty Tập đoàn Meey Land
1629,Digital Marketing Lead,2026-01-09,189.0,Hà Nội,CÔNG NGHỆ VÀ GIẢI PHÁP PHẦN MỀM CROSSIAN VIỆT NAM
1630,Junior Performance Marketing upto $5000,2026-01-09,135.0,Hà Nội,CÔNG NGHỆ VÀ GIẢI PHÁP PHẦN MỀM CROSSIAN VIỆT NAM
1631,Marcom Account Executive,2026-01-08,15.0,Hà Nội,Công ty Tập đoàn Meey Land
1632,Business Analyst,2026-01-09,23.857142857142858,Hà Nội,CÔNG TY ONEFIN VIỆT NAM
1633,ERP project management,2026-01-09,50.0,Hà Nội,CÔNG TY PHÁT TRIỂN CƠ ĐIỆN LẠNH HOÀNG ĐẠT
1634,ERP business analyst,2026-01-09,25.0,Hà Nội,CÔNG TY PHÁT TRIỂN CƠ ĐIỆN LẠNH HOÀNG ĐẠT
1635,Head of Information Security Department,2026-01-09,46.600349650349656,Hà Nội,EuP Group
1636,Programmer,2026-01-09,20.0,Hà Nội,EuP Group
1637,IT training and documentation specialist,2026-01-09,18.0,Hà Nội,EuP Group
1638,Scrum Master,2026-01-31,46.600349650349656,Hà Nội,Viettel CHT
1639,ERP PROGRAMMER,2025-12-31,28.0,Hà Nội,Tập Đoàn An Phát Holdings
1640,Data Engineer,2026-01-09,40.0,Hồ Chí Minh,Công Ty Dược Phẩm Pharmacity
1641,Network Administration Specialist connects Network Administrator Information Technology Department,2026-01-15,46.600349650349656,Hà Nội,Ngân Hàng TMCP Quân Đội
1642,ERP System Analyst,2026-01-14,31.2541095890411,Hồ Chí Minh,Onpoint
1643,Head of Sales Department,2026-01-31,50.0,Hà Nội,Tập Đoàn Karofi Holding
1644,GIS Specialist,2026-01-31,31.2541095890411,Hồ Chí Minh,CÔNG TY CITICS
1645,Software Architect,2025-12-15,46.600349650349656,Hà Nội,Viettel CHT
1646,Hardware Engineer,2026-01-13,31.2541095890411,Hồ Chí Minh,CÔNG TY GREMSY
1647,Technical Leader/ Head of Programming Department,2026-01-31,46.600349650349656,Hà Nội,CÔNG TY CHỨNG KHOÁN ASEAN
1648,IT Developer,2026-01-15,25.0,Bình Dương,GUNZETAL
1649,Full stack Developer,2026-01-31,46.600349650349656,Hà Nội,NGÂN HÀNG TRÁCH NHIỆM HỮU HẠN MỘT THÀNH VIÊN VIỆT NAM HIỆN ĐẠI
1650,Senior Camera Surveillance Specialist,2026-01-31,31.2541095890411,Hồ Chí Minh,Nova Service Group Công ty Tập đoàn Nova Services
1651,Senior Back End Developer/Senior Back End Developer Conversion Block,2026-01-13,46.600349650349656,Hà Nội,Ngân Hàng TMCP Sài Gòn Hà Nội ( SHB )
1652,Director of Information Technology,2026-01-13,162.0,Hà Nội,Tập Đoàn Karofi Holding
1653,Information Technology Staff,2026-01-13,15.0,Hà Nội,Công ty Thương Mại Việt Hồng
1654,Mobile Developer,2026-01-13,45.9,Hà Nội,Công Ty Phương Tiện Điện Thông Minh Selex
1655,Vietnam Market Research and Analysis Specialist,2026-01-13,46.600349650349656,Hà Nội,ONE VALUE Việt Nam
1656,Technical Product Owner,2026-01-13,50.0,Hồ Chí Minh,Invest Talent
1657,Senior System Engineer,2026-01-13,46.600349650349656,Hà Nội,Viettel CHT
1658,Deputy Head of High Technology Solutions Department,2026-01-13,40.0,Hà Nội,PNK
1659,Senior Business Analyst,2026-01-13,31.2541095890411,Hồ Chí Minh,Công Ty Tập Đoàn Đầu Tư Địa Ốc No Va
1660,Database Administrator Expert,2026-01-13,46.600349650349656,Hà Nội,LOTTE FINANCE VIETNAM
1661,Sign on Bonus FULL STACK DEVELOPER,2026-01-13,30.0,Hồ Chí Minh,ACS SOFTWARE SOLUTION
1662,WAREHOUSE SYSTEM OPERATION SPECIALIST,2026-01-13,15.0,Hà Nội,XUẤT NHẬP KHẨU RUTOP VIỆT NAM Thương Hiệu Toptotoes
1663,Risk Management Specialist,2026-01-31,35.0,Hà Nội,Công ty Tập đoàn Meey Land
1664,Urgent IT ERP,2025-12-31,31.2541095890411,Hồ Chí Minh,Mitsubishi Electric Vietnam
1665,CUSTOMER SUPPORT SPECIALIST,2025-12-31,12.0,Hồ Chí Minh,CÔNG TY CÔNG NGHỆ NƯỚC NĂNG LƯỢNG
1666,Project Coordinator,2025-12-23,46.600349650349656,Hà Nội,CÔNG TY PHÁT TRIỂN BẤT ĐỘNG SẢN VĂN PHÚ
1667,Head/Deputy Head of Information Security Department,2025-12-20,46.600349650349656,Hà Nội,CÔNG TY CHỨNG KHOÁN ASEAN
1668,Head of Application Development Department,2025-12-15,46.600349650349656,Hà Nội,CÔNG TY CHỨNG KHOÁN ASEAN
1669,Java Backend,2025-12-15,46.600349650349656,Hà Nội,CÔNG TY CHỨNG KHOÁN ASEAN
1670,Project Management Specialist,2026-01-01,25.0,Hà Nội,NHÀ SÁCH TIẾN THỌ
1671,Specialist in supporting the operation and development of SAP systems and financial and accounting subsystems,2025-12-24,20.0,Hà Nội,Tổng công ty Bia Rượu Nước giải khát Hà Nội (HABECO Bia Hà Nội)
1672,Senior IT Security,2025-12-06,40.0,Hà Nội,LOTTE FINANCE VIETNAM
1673,SAP ABAP Senior Specialist,2025-12-31,31.0,Hồ Chí Minh,Tan Hiep Phat Group
1674,Middle/Senior Back End Engineer,2025-12-31,31.2541095890411,Hồ Chí Minh,Tập Đoàn CT Group Việt Nam
1675,Head of System Administration Department,2025-12-31,28.0,Hà Nội,Công ty Chứng khoán Alpha
1676,Information Security Specialist,2025-12-31,18.0,Hà Nội,Công ty Chứng khoán Alpha
1677,Human resources software specialist,2025-12-25,46.600349650349656,Hà Nội,CÔNG TY EUROWINDOW HOLDING
1678,Hanoi Telecommunications Technical Staff,2025-12-27,18.0,Hà Nội,Tổng Công ty Công trình Viettel
1679,Head of Business Analysis Team,2025-12-31,46.600349650349656,Hà Nội,Chứng khoán Ngân hàng TMCP Ngoại thương Việt Nam (VCBS Vietcombank Securities)
1680,Data Testing Specialist Data Block Data Tester,2025-12-24,46.600349650349656,Hà Nội,Ngân Hàng TMCP Quân Đội
1681,Technical Support,2025-12-24,15.0,Hồ Chí Minh,CÔNG TY MAC MARKETING
1682,Senior Mobile Developer,2025-12-25,31.2541095890411,Hồ Chí Minh,GALAXY DIGITAL HOLDINGS
1683,Business Analyst,2025-12-31,25.0,Hà Nội,Chương trình Học viện Công nghệ BKACAD
1684,Alphanam Group Application Development Specialist,2026-01-31,46.600349650349656,Hà Nội,Alphanam Group
1685,Hardware IT technician,2025-12-31,26.0,Hà Nội,Công Ty A25 Hotel
1686,Head of Human Resources Administration Department,2026-01-01,30.0,Hà Nội,Tập Đoàn Karofi Holding
1687,10 Mechanical Design Engineer R&D Mechanical Design Engineer,2026-01-31,35.0,Hà Nội,Tập Đoàn Karofi Holding
1688,Data Science Specialist,2025-12-26,31.2541095890411,Hồ Chí Minh,CÔNG TY EPLUS RESEARCH
1689,Backend Developer,2025-12-31,40.0,Hồ Chí Minh,CÔNG TY EPLUS RESEARCH
1690,Senior Specialist in Smart Vista K.IT Development,2025-12-31,46.600349650349656,Hà Nội,Ngân hàng TMCP Đại Chúng Việt Nam PVcomBank
1691,Smart Vista K.IT Development Specialist,2025-12-31,46.600349650349656,Hà Nội,Ngân hàng TMCP Đại Chúng Việt Nam PVcomBank
1692,Technology Project Support Officer,2025-12-31,46.600349650349656,Hà Nội,Công Ty Giải Pháp Thanh Toán Việt Nam (VNPAY)
1693,Data Engineer Data Center,2026-01-03,46.600349650349656,Hà Nội,Tổng Công ty Bảo hiểm Quân đội (MIC)
1694,Deputy Director of Center for Architecture Management and IT Portfolio,2025-12-31,46.600349650349656,Hà Nội,Ngân hàng TMCP Đại Chúng Việt Nam PVcomBank
1695,Smart Vista K.IT card development expert,2025-12-31,46.600349650349656,Hà Nội,Ngân hàng TMCP Đại Chúng Việt Nam PVcomBank
1696,Senior Specialist/Quality Control Expert after Software Deployment,2026-01-08,46.600349650349656,Hà Nội,TẬP ĐOÀN Y TẾ VIỆT NGA
1697,Employees experience Viettel software,2025-12-30,12.0,Hà Nội,CÔNG TY TRUYỀN THÔNG KIM CƯƠNG
1698,Head of Technical Department of Vinh Phuc Branch,2026-01-08,11.0,Vĩnh Phúc,CÔNG TY PHÁT TRIỂN VIỄN THÔNG VÀ TRUYỀN HÌNH VIỆT NAM
1699,Senior IT Security,2026-01-15,40.0,Hà Nội,LOTTE FINANCE VIETNAM
1700,Software Testing Specialist Tester,2025-12-31,46.600349650349656,Hà Nội,Tổng Công Ty Bảo Hiểm Ngân Hàng TMCP Công Thương Việt Nam
1701,Fullstack Developer Programming Specialist,2026-01-31,46.600349650349656,Hà Nội,Tổng Công Ty Bảo Hiểm Ngân Hàng TMCP Công Thương Việt Nam
1702,System Operations Specialist,2025-12-31,46.600349650349656,Hà Nội,Tổng Công Ty Bảo Hiểm Ngân Hàng TMCP Công Thương Việt Nam
1703,Business Analyst,2025-12-31,30.0,Hà Nội,Tổng Công Ty Bảo Hiểm Ngân Hàng TMCP Công Thương Việt Nam
1704,IT .NET Development Lead,2026-01-08,31.2541095890411,Hồ Chí Minh,THỜI TRANG VÀ MỸ PHẨM ÂU CHÂU
1705,Information Security Specialist,2026-01-12,20.0,Hà Nội,CÔNG TY TIN HỌC VIỄN THÔNG HÀNG KHÔNG AITS
1706,IT SPECIALIST,2026-01-12,12.0,Tây Ninh,COCREATION GRASS CORPORATION VIỆT NAM
1707,Flutter Developer,2026-01-12,20.0,Hà Nội,Chương trình Học viện Công nghệ BKACAD
1709,Senior Specialist/Principal Specialist in System Administration,2026-01-12,31.2541095890411,Hồ Chí Minh,BVBank Ngân hàng Bản Việt
1710,Data Analytics Assistant Manager,2026-01-12,27.0,Hà Nội,Headhunter HRchannels Group
1711,Mechanical Design Engineer R&D Mechanical Design Engineer,2026-01-12,25.0,Hà Nội,Tập Đoàn Karofi Holding
1712,Project Manager,2026-01-12,46.600349650349656,Hà Nội,HR Vietnam’s ESS Client
1713,Embedded Programming Engineer,2026-01-12,46.600349650349656,Hà Nội,CÔNG TY THIẾT BỊ CÔNG NGHIỆP GEIC
1714,Digital Growth Expert,2026-01-12,54.0,Hà Nội,ABBANK Ngân Hàng TMCP An Bình
1715,IT Operations Specialist,2026-01-12,17.0,Hà Nội,Vạn Niên
1716,Test Engineer,2026-01-12,46.600349650349656,Hà Nội,CÔNG TY THIẾT BỊ CÔNG NGHIỆP GEIC
1717,Senior IT Security,2026-01-12,40.0,Hà Nội,BẢO HIỂM NHÂN THỌ MB AGEAS
1718,Senior Financial System Specialist,2026-01-12,31.2541095890411,Hồ Chí Minh,Công Ty Tập Đoàn Đầu Tư Địa Ốc No Va
1719,Head of Data Management and Exploitation Department,2026-01-12,31.2541095890411,Hồ Chí Minh,Công Ty Tập Đoàn Đầu Tư Địa Ốc No Va
1720,Digital transformation application & analysis specialist,2026-01-12,46.600349650349656,Hà Nội,Công Ty Thép Việt Xô Hà Nội
1721,Business Analyst,2026-01-12,46.600349650349656,Hà Nội,CÔNG TY THIẾT BỊ CÔNG NGHIỆP GEIC
1722,Expert Software Engineer,2026-01-12,31.2541095890411,Hồ Chí Minh,Công Ty Vàng Bạc Đá Quý Phú Nhuận PNJ
1723,Product Life Cycle Management Engineer,2026-01-12,31.2541095890411,Hồ Chí Minh,Techtronic Industries Vietnam Manufacturing
1724,Data Science Expert Hanoi TA174,2026-01-12,46.600349650349656,Hà Nội,Ngân Hàng TMCP Việt Nam Thịnh Vượng VPBANK
1725,Business Analyst,2026-01-12,25.0,Hà Nội,BỆNH VIỆN ĐA KHOA PHƯƠNG ĐÔNG
1726,Software Developer Specializing in Frontend,2026-01-12,25.0,Hà Nội,BỆNH VIỆN ĐA KHOA PHƯƠNG ĐÔNG
1727,Software Developer Specializing in Backend,2026-01-12,25.0,Hà Nội,BỆNH VIỆN ĐA KHOA PHƯƠNG ĐÔNG
1728,Tester staff,2026-01-12,18.0,Hà Nội,BỆNH VIỆN ĐA KHOA PHƯƠNG ĐÔNG
1730,Manual QC Engineer,2026-01-11,35.0,Hồ Chí Minh,HSC Chứng Khoán Thành Phố Hồ Chí Minh
1731,Information Technology Project Management Specialist,2026-01-11,18.0,Hà Nội,EuP Group
1732,SAP Engineer/Executive,2026-01-11,40.0,Đồng Nai,HIRA MANUFACTURING
1733,AI implementation specialist,2026-01-11,46.600349650349656,Hà Nội,Công Ty Quốc Tế Sơn Hà
1734,Head of Information Technology Compliance,2026-01-11,31.2541095890411,Hồ Chí Minh,BVBank Ngân hàng Bản Việt
1735,Card Application Operations Specialist,2026-01-11,31.2541095890411,Hồ Chí Minh,BVBank Ngân hàng Bản Việt
1736,Information Technology Compliance Specialist,2026-01-11,31.2541095890411,Hồ Chí Minh,BVBank Ngân hàng Bản Việt
1737,Information Technology Security Specialist,2026-01-11,31.2541095890411,Hồ Chí Minh,BVBank Ngân hàng Bản Việt
1738,Information Technology Support Specialist,2026-01-11,46.600349650349656,Hà Nội,BVBank Ngân hàng Bản Việt
1739,Head of System and Database Administration,2026-01-11,31.2541095890411,Hồ Chí Minh,BVBank Ngân hàng Bản Việt
1740,Business Strategy Specialist,2026-01-11,46.600349650349656,Hà Nội,Viettel CHT
1741,Scrum Master,2026-01-11,31.2541095890411,Hồ Chí Minh,Laidon Consulting Vietnam
1742,Information Security Specialist,2026-01-11,25.0,Hà Nội,ĐẠI HỌC PHENIKAA
1743,System Administration Specialist,2026-01-11,25.0,Hà Nội,ĐẠI HỌC PHENIKAA
1744,Equipment Infrastructure Operational Assurance Specialist,2026-01-11,20.0,Hồ Chí Minh,CÔNG TY TIN HỌC VIỄN THÔNG HÀNG KHÔNG AITS
1745,Database administration engineer,2026-01-11,46.600349650349656,Hà Nội,Viettel CHT
1746,Project Expert,2026-01-11,31.2541095890411,Hồ Chí Minh,CÔNG TY TÀI CHÍNH NGÂN HÀNG TMCP SÀI GÒN HÀ NỘI (SHBFinance)
1747,Senior .NET Full Stack Developer,2026-01-11,31.2541095890411,Hồ Chí Minh,Concung.com Con Cung Joint Stock Company
1748,Department of NS& Internal Services CVCC Administration and Management,2026-01-11,46.600349650349656,Hà Nội,Ngân hàng TMCP Lộc Phát Việt Nam (LPBank)
1749,IT Portfolio Management Specialist,2026-01-11,46.600349650349656,Hà Nội,Ngân hàng TMCP Đại Chúng Việt Nam PVcomBank
1750,Security Operations Center Tier 2 Engineer,2026-01-11,46.600349650349656,Hà Nội,Viettel CHT
1751,IT ADMINISTRATIVE STAFF,2026-01-30,22.0,Đồng Nai,KAM HING DỆT NHUỘM VÀ IN
1752,Head of information technology department,2025-12-31,35.0,Hà Nội,CÔNG TY ĐẦU TƯ BeNK
1753,IT Business Analyst,2025-12-31,50.0,Hà Nội,Công Ty A25 Hotel
1754,Director of Information Technology Department,2026-01-13,31.2541095890411,Hồ Chí Minh,Nova Service Group Công ty Tập đoàn Nova Services
1755,Embedded Engineer. Embedded Engineer,2026-01-10,35.0,Hà Nội,Tập Đoàn Karofi Holding
1756,General Planning Officer,2026-01-10,20.0,Hà Nội,Tổng Công ty Công trình Viettel
1757,Senior Full stack Developer Odoo,2026-01-10,42.0,Hà Nội,Tập Đoàn Karofi Holding
1758,Automation Testing Specialist,2026-01-10,40.0,Hà Nội,Tập Đoàn Karofi Holding
1759,Head of Quality Department III Chinese,2026-01-10,32.0,Bà Rịa - Vũng Tàu,ELECTRONIC TRIPOD VIỆT NAM (CHÂU ĐỨC)
1760,Planning Department Specialist,2026-01-10,40.312419700214136,Lâm Đồng,DB HOME
1761,SALES ENGINEER,2026-01-10,30.0,Hà Nội,CÔNG TY PHÁT TRIỂN CÔNG NGHỆ TECHPRO
1762,Hanoi Information Security Expert TA084,2026-01-10,46.600349650349656,Hà Nội,Ngân Hàng TMCP Việt Nam Thịnh Vượng VPBANK
1763,IT technical staff,2026-01-10,14.0,Hà Nội,CÔNG TY GIẢI PHÁP CÔNG NGHỆ HQG
1764,Electronic engineer,2026-01-10,15.0,Hà Nội,TECOTEC Technology
1765,Hardware Design Engineer,2026-01-10,46.600349650349656,Hà Nội,Tổng Công ty Sản xuất thiết bị Viettel Tập đoàn Công nghiệp Viễn thông Quân đội (VIETTEL)
1766,Hanoi Risk Analyst TA084,2026-01-10,46.600349650349656,Hà Nội,Ngân Hàng TMCP Việt Nam Thịnh Vượng VPBANK
1767,IT Helpdesk staff,2026-01-10,13.0,Hà Nội,BỆNH VIỆN ĐA KHOA PHƯƠNG ĐÔNG
1768,Chinese Lab Center Engineer,2026-01-10,32.0,Bà Rịa - Vũng Tàu,ELECTRONIC TRIPOD VIỆT NAM (CHÂU ĐỨC)
1769,Software Design Engineer,2026-01-10,46.600349650349656,Hà Nội,Tổng Công ty Sản xuất thiết bị Viettel Tập đoàn Công nghiệp Viễn thông Quân đội (VIETTEL)
1770,Information Technology Service Engineer Chinese,2026-01-10,32.0,Bà Rịa - Vũng Tàu,ELECTRONIC TRIPOD VIỆT NAM (CHÂU ĐỨC)
1771,Chinese Chemical Engineer,2026-01-10,32.0,Bà Rịa - Vũng Tàu,ELECTRONIC TRIPOD VIỆT NAM (CHÂU ĐỨC)
1772,HCM Business Intelligence,2025-12-31,31.2541095890411,Hồ Chí Minh,Công Ty Goody Group
1773,AI Engineer,2025-12-20,18.0,Hồ Chí Minh,Cty Thực Phẩm Á Châu
1774,IT Helpdesk Staff,2025-12-30,15.0,Hà Nội,Thực Phẩm Sạch Thương Mại T&P
1775,IT Business Analyst,2025-12-20,25.0,Hà Nội,Công ty IIG Việt Nam
1776,Head of software development department,2026-01-09,22.0,Đồng Nai,CÔNG TY THÀNH PHỐ DU LỊCH SINH THÁI SƠN TIÊN
1777,Talent Acquisition Executive Technical Specialist,2026-01-09,20.0,Hà Nội,Tập Đoàn Karofi Holding
1778,Network Development Specialist,2026-01-09,46.600349650349656,Hà Nội,NGÂN HÀNG TMCP KỸ THƯƠNG VIỆT NAM (TECHCOMBANK)
1779,IT Business Analyst Assistant Manager,2026-01-09,31.2541095890411,Hồ Chí Minh,Marico South East Asia Corporation
1780,Card Business Analyst,2026-01-09,31.2541095890411,Hồ Chí Minh,BVBank Ngân hàng Bản Việt
1781,Expert/Senior Specialist in Valuable Paper Business,2026-01-09,31.2541095890411,Hồ Chí Minh,BVBank Ngân hàng Bản Việt
1782,Fullstack Developer,2026-01-09,31.2541095890411,Hồ Chí Minh,Nova Service Group Công ty Tập đoàn Nova Services
1783,IT Support,2026-01-03,31.2541095890411,Hồ Chí Minh,GALAXY DIGITAL HOLDINGS
1784,BUSINESS ANALYST INTERN,2026-01-20,7.0,Hà Nội,Công ty Trách nhiệm hữu hạn Khoa học kỹ thuật và Dịch vụ Genome
1785,Firmware Developer,2026-01-08,40.5,Hà Nội,Công Ty Phương Tiện Điện Thông Minh Selex
1786,Senior Specialist ERP system development,2026-01-08,31.2541095890411,Hồ Chí Minh,Công Ty Vàng Bạc Đá Quý Phú Nhuận PNJ
1787,Business Analyst – Software Development JLPT N`2 and Above,2026-01-08,30.0,Hồ Chí Minh,TRANSCOSMOS VIỆT NAM
1789,Application Operations Manager,2026-01-08,46.600349650349656,Hà Nội,LOTTE FINANCE VIETNAM
1790,Business Analyst,2025-12-20,31.2541095890411,Hồ Chí Minh,GALAXY DIGITAL HOLDINGS
1791,Developer,2026-01-03,31.2541095890411,Hồ Chí Minh,Y TẾ VIỆT TIẾN
1792,FINANCIAL EXPERTS ARE TECHNOLOGY UNDERSTANDING,2026-01-07,30.0,Hà Nội,CÔNG NGHỆ VNTRIP
1793,Mechanical and Electrical Automation Engineer,2026-01-07,40.312419700214136,Quốc tế,CÔNG TY CÔNG NGHỆ SOTATEK VIỆT NAM
1794,Fullstack .net programmer,2026-01-07,25.0,Hà Nội,CÔNG TY CÔNG NGHIỆP WELDCOM
1795,IT SUPPORT TEAM HEAD,2026-01-07,15.0,Hà Nội,BellSystem24 Việt Nam
1796,PYTHON ODOO PROGRAMMER,2026-01-07,30.0,Hà Nội,Công ty CANIFA
1797,BA Business Analyst,2026-01-07,35.0,Hà Nội,Tập Đoàn Karofi Holding
1798,Data Analyst,2026-01-07,18.0,Hà Nội,Công ty Chuỗi Nhà Hàng SVN
1799,IT Staff,2026-01-07,16.444444444444443,Bình Dương,DP Systems Electronic Mechanical Technology Vietnam
1800,Backend Developer,2025-12-24,36.2,Hồ Chí Minh,Nova Service Group Công ty Tập đoàn Nova Services
1801,IT Helpdesk staff,2025-12-28,13.5,Hồ Chí Minh,CÔNG TY DÂY CÁP ĐIỆN VIỆT NAM CADIVI
1802,NAV/Business Central Technical Lead,2026-01-06,16.444444444444443,Bình Dương,Accredo Asia Packaging
1803,IT staff,2026-01-06,20.0,Hà Nội,CÔNG TY ĐẦU TƯ BeNK
1804,Circuit Design Lecturer,2026-01-06,20.0,Hồ Chí Minh,TRƯỜNG ĐẠI HỌC CÔNG NGHỆ THÔNG TIN
1805,Researcher of Multimedia Communication Laboratory,2026-01-06,60.0,Hồ Chí Minh,TRƯỜNG ĐẠI HỌC CÔNG NGHỆ THÔNG TIN
1806,Application Management Specialist of Digital Banking Technology Division,2026-01-06,46.600349650349656,Hà Nội,Ngân hàng Thương mại Đông Nam Á (SeABank)
1807,Information Systems Lecturer,2026-01-06,60.0,Hồ Chí Minh,TRƯỜNG ĐẠI HỌC CÔNG NGHỆ THÔNG TIN
1808,Senior Risk Specialist Ho Chi Minh TA084,2026-01-06,31.2541095890411,Hồ Chí Minh,Ngân Hàng TMCP Việt Nam Thịnh Vượng VPBANK
1809,Automation Testing Specialist,2026-01-06,40.0,Hà Nội,Tập Đoàn Karofi Holding
1810,Instructor of Embedded Systems and Robotics,2026-01-06,60.0,Hồ Chí Minh,TRƯỜNG ĐẠI HỌC CÔNG NGHỆ THÔNG TIN
1811,Software Technology Lecturer,2026-01-06,60.0,Hồ Chí Minh,TRƯỜNG ĐẠI HỌC CÔNG NGHỆ THÔNG TIN
1812,Java Developer,2026-01-06,34.0,Hà Nội,CÔNG TY KINH DOANH F88
1813,"Card Technology Specialist, Digital Banking Technology Division",2026-01-06,46.600349650349656,Hà Nội,Ngân hàng Thương mại Đông Nam Á (SeABank)
1814,Information Security Instructor,2026-01-06,60.0,Hồ Chí Minh,TRƯỜNG ĐẠI HỌC CÔNG NGHỆ THÔNG TIN
1815,"Senior Digital Banking Specialist, Digital Banking Technology Division",2026-01-06,46.600349650349656,Hà Nội,Ngân hàng Thương mại Đông Nam Á (SeABank)
1816,Researcher of Information Systems Laboratory,2026-01-06,60.0,Hồ Chí Minh,TRƯỜNG ĐẠI HỌC CÔNG NGHỆ THÔNG TIN
1817,Instructor of Mobile Devices and Web Technology,2026-01-06,60.0,Hồ Chí Minh,TRƯỜNG ĐẠI HỌC CÔNG NGHỆ THÔNG TIN
1818,Senior IT Security,2026-01-06,40.0,Hà Nội,LOTTE FINANCE VIETNAM
1819,Data Communications Instructor,2026-01-06,60.0,Hồ Chí Minh,TRƯỜNG ĐẠI HỌC CÔNG NGHỆ THÔNG TIN
1820,Researcher at Information Security Laboratory,2026-01-06,145.0,Hồ Chí Minh,TRƯỜNG ĐẠI HỌC CÔNG NGHỆ THÔNG TIN
1821,Mid Software Engineer,2026-01-06,35.0,Hà Nội,MindX Technology School
1822,Senior Business Analyst,2026-01-06,31.2541095890411,Hồ Chí Minh,Công Ty Tập Đoàn Đầu Tư Địa Ốc No Va
1823,Computer Science Lecturer,2026-01-06,60.0,Hồ Chí Minh,TRƯỜNG ĐẠI HỌC CÔNG NGHỆ THÔNG TIN
1824,Senior Developer,2026-01-06,31.2541095890411,Hồ Chí Minh,ROUTINE VN FASHION DESIGN & RETAILER
1825,Senior IT / Senior Information Technology Specialist,2026-01-06,46.600349650349656,Hà Nội,CÔNG TY CHỨNG KHOÁN GUOTAI JUNAN
1826,DevOps Engineer,2026-01-06,31.2541095890411,Hồ Chí Minh,GALAXY DIGITAL HOLDINGS
1827,Digital Transformation Specialist,2026-01-06,17.0,Hồ Chí Minh,Công Ty Tài Chính Một Thành Viên Quốc Tế Việt Nam JACCS
1828,Python Developer,2026-01-06,31.2541095890411,Hồ Chí Minh,Bảo mật
1829,IT Auditor Information Technology Auditor,2026-01-06,20.0,Hồ Chí Minh,Công Ty Tài Chính Một Thành Viên Quốc Tế Việt Nam JACCS
1830,Senior Data Systems Architect,2026-01-06,31.2541095890411,Hồ Chí Minh,Bảo mật
1831,MAINTENANCE STAFF,2026-01-06,12.0,Hồ Chí Minh,Hỷ Lâm Môn & L'amour Bakery
1832,Senior AI Engineer,2026-01-06,50.0,Hà Nội,BẢO HIỂM NHÂN THỌ MB AGEAS
1833,Senior Backend Java Engineer,2026-01-06,31.2541095890411,Hồ Chí Minh,HR Vietnam’s ESS Client
1834,Senior Frontend Developer,2026-01-06,31.2541095890411,Hồ Chí Minh,HR Vietnam’s ESS Client
1835,PHP Developer,2026-01-01,31.2541095890411,Hồ Chí Minh,Belleza Việt Nam
1836,Data Engineer,2026-01-05,16.444444444444443,Bình Dương,Wanek Furniture
1837,Business Development Manager,2026-01-05,27.0,Hồ Chí Minh,Công Ty Thương Mại Truyền Thông Tốc Độ (SpeedPos Vietnam)
1838,Blue Team Engineer,2026-01-05,31.2541095890411,Hồ Chí Minh,Concung.com Con Cung Joint Stock Company
1839,10 Mechanical Design Engineer R&D Mechanical Design Engineer,2026-01-05,35.0,Hà Nội,Tập Đoàn Karofi Holding
1840,Database Administrator,2026-01-05,45.0,Hà Nội,SOCOTEC VIỆT NAM
1841,Senior IT Auditor,2026-01-05,46.600349650349656,Hà Nội,BẢO HIỂM NHÂN THỌ MB AGEAS
1842,PROJECT IMPLEMENTATION STAFF,2026-01-05,18.0,Hồ Chí Minh,CÔNG TY THƯƠNG MẠI DỊCH VỤ SAO NAM AN
1843,Content SEO staff,2026-01-05,14.0,Hà Nội,Hệ thống đào tạo lập trình hiện đại CodeGym Việt Nam
1844,ACER Sales Consultant in Hanoi,2026-01-05,15.0,Hà Nội,Acer Việt Nam
1845,Software Engineer,2026-01-05,25.0,Hồ Chí Minh,TỰ ĐỘNG HÓA ECA VIỆT NAM
1846,Senior Group IT Service Management Officer Hanoi TA174,2026-01-05,46.600349650349656,Hà Nội,Ngân Hàng TMCP Việt Nam Thịnh Vượng VPBANK
1847,DevOps Lead,2026-01-05,31.2541095890411,Hồ Chí Minh,THỜI TRANG VÀ MỸ PHẨM ÂU CHÂU
1848,CVCC Professional Support IT Service Management Hanoi TA174,2026-01-05,46.600349650349656,Hà Nội,Ngân Hàng TMCP Việt Nam Thịnh Vượng VPBANK
1849,Senior Backend Developer Hanoi TA174,2026-01-05,46.600349650349656,Hà Nội,Ngân Hàng TMCP Việt Nam Thịnh Vượng VPBANK
1850,Digital Marketing,2026-01-05,14.0,Hồ Chí Minh,Tư Vấn Kỹ Thuật Và Tin Học Thương Mại Viet C.A.D
1851,Senior Business Analyst Hanoi TA174,2026-01-05,46.600349650349656,Hà Nội,Ngân Hàng TMCP Việt Nam Thịnh Vượng VPBANK
1852,Head of Marketing Department,2026-01-05,35.0,Hà Nội,Tập Đoàn Karofi Holding
1853,Project manager,2026-01-05,50.0,Bà Rịa - Vũng Tàu,ASHTON FURNITURE CONSOLIDATION
1854,System Development and Integration Specialist,2026-01-04,30.0,Hà Nội,Bệnh viện Đa khoa Hà Nội
1855,UX Content Writer,2026-01-04,31.2541095890411,Hồ Chí Minh,CÔNG TY CITICS
1856,CV/CVC/CVCC Operate the application,2026-01-04,46.600349650349656,Hà Nội,Ngân hàng TMCP Lộc Phát Việt Nam (LPBank)
1857,Embedded Engineer. Embedded Engineer,2026-01-04,25.0,Hà Nội,Tập Đoàn Karofi Holding
1858,HCM Informatics Teacher,2026-01-04,12.0,Hồ Chí Minh,Công ty IIG Việt Nam
1859,Manager PLM & MES,2026-01-04,16.444444444444443,Bình Dương,CRYSTAL ELEGANCE TEXTILES VIỆT NAM
1860,User Support Specialist / IT Helpdesk,2026-01-04,46.600349650349656,Hà Nội,CÔNG TY TÀI CHÍNH TÍN DỤNG TIÊU DÙNG MTV AEON
1861,Project Manager,2026-01-15,31.2541095890411,Hồ Chí Minh,Viettel CHT
1862,CVCC/ CVC Application Operations Internal Application Group,2026-01-04,46.600349650349656,Hà Nội,CÔNG TY TÀI CHÍNH TÍN DỤNG TIÊU DÙNG MTV AEON
1863,Technology Security Expert,2026-01-04,46.600349650349656,Hà Nội,CÔNG TY TÀI CHÍNH TÍN DỤNG TIÊU DÙNG MTV AEON
1864,Core System Operations Specialist/Expert,2026-01-04,46.600349650349656,Hà Nội,CÔNG TY TÀI CHÍNH TÍN DỤNG TIÊU DÙNG MTV AEON
1865,ERP user support and business analysis staff,2026-01-04,16.0,Hà Nội,Công ty CANIFA
1866,Bioinformatician,2026-01-04,31.2541095890411,Hồ Chí Minh,CÔNG TY GIẢI PHÁP GENE GENE SOLUTIONS
1867,Data Analyst,2026-01-04,25.0,Hà Nội,Công ty CANIFA
1868,System Development Specialist,2026-01-04,46.600349650349656,Hà Nội,CÔNG TY TÀI CHÍNH TÍN DỤNG TIÊU DÙNG MTV AEON
1869,Business development officer,2026-01-04,21.6,Hà Nội,OLA CHAT PTE
1870,QA Engineer,2026-01-04,22.0,Hà Nội,CÔNG TY CÔNG NGHỆ QI
1871,Business Analyst,2026-01-04,22.0,Hà Nội,CÔNG TY CÔNG NGHỆ QI
1872,Operations Team Leader,2026-01-04,31.2541095890411,Hồ Chí Minh,CÔNG TY KINH DOANH F88
1873,Senior IT Procurement Officer TA184,2026-01-04,46.600349650349656,Hà Nội,Ngân Hàng TMCP Việt Nam Thịnh Vượng VPBANK
1874,Business Analyst,2026-01-04,20.0,Hà Nội,CÔNG TY CÔNG NGHỆ QI
1875,Android Programming,2026-01-04,25.0,Hà Nội,Công ty Masscom Việt Nam
1877,Informatics Teacher,2026-01-03,15.0,Hà Nội,TRƯỜNG PHỔ THÔNG LIÊN CẤP H.A.S
1878,Programmer,2026-01-03,16.0,Hà Nội,Công Ty Nhựa Hà Nội
1879,Senior IT Risk/Vendor Management,2026-01-03,46.600349650349656,Hà Nội,NGÂN HÀNG TMCP KỸ THƯƠNG VIỆT NAM (TECHCOMBANK)
1880,Data Scientist Expert Hanoi TA139,2026-01-03,46.600349650349656,Hà Nội,Ngân Hàng TMCP Việt Nam Thịnh Vượng VPBANK
1881,Software architect,2025-12-31,46.600349650349656,Hà Nội,Chứng khoán Ngân hàng TMCP Ngoại thương Việt Nam (VCBS Vietcombank Securities)
1882,Middle/Senior Mobile Developer,2026-01-03,50.0,Hà Nội,Công ty Chứng khoán DNSE
1883,Software Testing Specialist,2026-01-03,46.600349650349656,Hà Nội,Chứng khoán Ngân hàng TMCP Ngoại thương Việt Nam (VCBS Vietcombank Securities)
1884,Odoo Software Development Specialist,2026-01-03,45.0,Hà Nội,Tập Đoàn Karofi Holding
1885,R&D Engineer,2026-01-03,53.0,Hưng Yên,HR Vietnam’s ESS Client
1886,Senior IT Operations,2026-01-03,46.600349650349656,Hà Nội,NGÂN HÀNG TMCP KỸ THƯƠNG VIỆT NAM (TECHCOMBANK)
1887,Assistant to the Board of Directors,2026-01-03,35.0,Hà Nội,CÔNG TY THỊNH CƯỜNG
1888,Business Engineer,2026-01-03,30.0,Hồ Chí Minh,CÔNG TY TƯ VẤN VÀ DỊCH VỤ CÔNG NGHỆ ASIC
1889,Senior AI/ML Engineer,2026-01-03,31.2541095890411,Hồ Chí Minh,GALAXY DIGITAL HOLDINGS
1890,Head of Human Resources Administration Department,2026-01-03,30.0,Hà Nội,Tập Đoàn Karofi Holding
1891,System Administrator,2026-01-03,25.0,Hà Nội,Công ty Chứng khoán DNSE
1892,Backend Developer,2026-01-03,50.0,Hà Nội,Công ty Chứng khoán DNSE
1893,Information Technology Project Management Specialist,2026-01-03,18.0,Hà Nội,EuP Group
1894,Head of Information Security Department,2026-01-03,46.600349650349656,Hà Nội,EuP Group
1895,Senior IT Security,2026-01-03,40.0,Hà Nội,NGÂN HÀNG TMCP KỸ THƯƠNG VIỆT NAM (TECHCOMBANK)
1896,Programmer,2026-01-03,20.0,Hà Nội,EuP Group
1897,Application administrator,2025-12-31,31.2541095890411,Hồ Chí Minh,Tổng công ty Bảo Minh
1898,Data Analyst,2025-12-31,25.0,Hồ Chí Minh,KDI EDUCATION
1899,IT Helpdesk/IT Support Staff,2025-12-31,17.0,Hồ Chí Minh,XÂY DỰNG TUẤN LÊ
1900,Technology Operations Specialist,2026-01-02,46.600349650349656,Hà Nội,CÔNG TY TÀI CHÍNH NGÂN HÀNG TMCP SÀI GÒN HÀ NỘI (SHBFinance)
1901,Senior Financial Analyst,2026-01-02,20.0,Hồ Chí Minh,Nhất Tín Logistics
1902,Senior Data Engineer,2026-01-02,46.600349650349656,Hà Nội,CÔNG TY TÀI CHÍNH NGÂN HÀNG TMCP SÀI GÒN HÀ NỘI (SHBFinance)
1903,Senior Software Engineer,2026-01-02,46.600349650349656,Hà Nội,CÔNG TY TÀI CHÍNH NGÂN HÀNG TMCP SÀI GÒN HÀ NỘI (SHBFinance)
1904,CV/CVCC Operate the application,2026-01-02,46.600349650349656,Hà Nội,CÔNG TY TÀI CHÍNH NGÂN HÀNG TMCP SÀI GÒN HÀ NỘI (SHBFinance)
1905,AI Prompt Training Specialist,2026-01-02,12.0,Hà Nội,Chương trình Học viện Công nghệ BKACAD
1906,Software operator,2026-01-02,31.2541095890411,Hồ Chí Minh,BETRIMEX Công Ty Xuất Nhập Khẩu Bến Tre
1907,Business Analyst,2026-01-02,23.857142857142858,Hà Nội,BẢO HIỂM NHÂN THỌ MB AGEAS
1908,Senior Data Engineer,2026-01-02,46.600349650349656,Hà Nội,BẢO HIỂM NHÂN THỌ MB AGEAS
1909,DevOps specialist,2026-01-02,46.600349650349656,Hà Nội,LOTTE FINANCE VIETNAM
1910,Data Governance,2026-01-02,46.600349650349656,Hà Nội,BẢO HIỂM NHÂN THỌ MB AGEAS
1911,ERP Technical Leader,2026-01-02,31.2541095890411,Hồ Chí Minh,Tổng công ty Xây dựng số 1 – CTCP
1912,Odoo Developer,2026-01-02,31.2541095890411,Hồ Chí Minh,Tổng công ty Xây dựng số 1 – CTCP
1913,Data Analyst,2026-01-02,23.25,Hà Nội,BẢO HIỂM NHÂN THỌ MB AGEAS
1914,CV/CVC/CVCC System administrator working at Hanoi Headquarters,2026-01-02,46.600349650349656,Hà Nội,Ngân hàng TMCP Việt Á – VietABank
1915,.NET programmer,2026-01-02,25.0,Hà Nội,Công ty IIG Việt Nam
1916,Data Management Specialist,2026-01-02,46.600349650349656,Hà Nội,NGÂN HÀNG TRÁCH NHIỆM HỮU HẠN MỘT THÀNH VIÊN VIỆT NAM HIỆN ĐẠI
1917,Software Testing Specialist Tester,2026-01-02,20.0,Hà Nội,Tổng Công ty Công trình Viettel
1918,Application Deployment Specialist,2025-12-31,40.0,Hồ Chí Minh,CÔNG TY EPLUS RESEARCH
1919,IT OPERATION LEAD,2026-01-03,31.2541095890411,Hồ Chí Minh,PG GROUP
1920,IT Helpdesk,2026-01-01,29.7,Hà Nội,THIỀN
1921,IT Risk & Compliance Chief,2026-01-01,25.0,Hồ Chí Minh,Công Ty Tài Chính Một Thành Viên Quốc Tế Việt Nam JACCS
1922,"Talent Acquisition Specialist, Technology Sector Specialist",2026-01-01,18.0,Hà Nội,Tập Đoàn Karofi Holding
1923,IT Project Coordinator,2026-01-01,16.444444444444443,Bình Dương,Wanek Furniture
1924,Senior BackEnd Developer,2026-01-01,46.600349650349656,Hà Nội,LOTTE FINANCE VIETNAM
1925,Marketing Staff,2025-11-26,46.600349650349656,Hà Nội,Viettel CHT
1926,Developer intern,2025-12-20,31.2541095890411,Hồ Chí Minh,LacViet Computing Corporation
1927,Head of Information Technology Department Go to work immediately,2026-01-31,40.0,Hồ Chí Minh,Công Ty Đầu Tư IMG
1928,Deputy Director of Infrastructure at Phu Nhuan,2025-12-31,31.2541095890411,Hồ Chí Minh,Công Ty Vacxin Việt Nam
1929,Vision Engineer,2025-12-31,30.0,Hà Nội,CÔNG TY CÔNG NGHIỆP WELDCOM
1930,Senior Data Engineer,2025-12-31,31.2541095890411,Hồ Chí Minh,HSC Chứng Khoán Thành Phố Hồ Chí Minh
1931,Business analyst,2025-12-31,35.0,Hà Nội,Công ty thực phẩm và đồ uống Barett
1932,Business Intelligence Analyst Retail Banking Hanoi TA139,2025-12-31,46.600349650349656,Hà Nội,Ngân Hàng TMCP Việt Nam Thịnh Vượng VPBANK
1933,Project Manager,2025-12-31,46.600349650349656,Hà Nội,Công Ty Cổ Phần Tập Đoàn Golden Gate Chi nhánh Miền Nam
1934,IT Leader,2025-12-20,35.0,Hồ Chí Minh,CÔNG TY THƯƠNG MẠI DỊCH VỤ SẢN XUẤT HƯƠNG THỦY
1935,Test Engineer,2025-12-30,15.0,Hà Nội,TECOTEC Technology
1936,Technical Staff Executing Network and Camera Systems,2025-12-30,13.0,Hồ Chí Minh,THƯƠNG MẠI DỊCH VỤ KỸ THUẬT TẦM NHÌN
1937,Deputy Manager of Data Analytics,2025-12-30,46.600349650349656,Hà Nội,BẢO HIỂM NHÂN THỌ MB AGEAS
1938,Software Engineer,2025-12-30,25.0,Hồ Chí Minh,Archetype Việt Nam
1939,System Engineer,2025-12-30,31.2541095890411,Hồ Chí Minh,Archetype Việt Nam
1940,CVCC Hanoi Human Resources System Administration TA163,2025-12-30,46.600349650349656,Hà Nội,Ngân Hàng TMCP Việt Nam Thịnh Vượng VPBANK
1941,Metal Casting Technology Management,2025-12-30,94.5,Hà Nam,Headhunter HRchannels Group
1942,IT Application Team Lead,2025-12-30,31.2541095890411,Hồ Chí Minh,HD SAISON Finance
1943,IT specialist,2025-12-30,15.0,Tây Ninh,COCREATION GRASS CORPORATION VIỆT NAM
1944,Information Technology Staff,2025-12-30,12.0,Phú Thọ,CÔNG TY TẬP ĐOÀN ONSEN FUJI
1945,Senior Data Engineer,2025-12-30,31.2541095890411,Hồ Chí Minh,HSC Chứng Khoán Thành Phố Hồ Chí Minh
1946,Head of Project Management Office,2025-12-30,31.2541095890411,Hồ Chí Minh,HSC Chứng Khoán Thành Phố Hồ Chí Minh
1947,Product Owner,2025-12-30,45.0,Hồ Chí Minh,Công Ty Tập Đoàn KIDO
1948,Middle Tester/QC Software Testing Staff,2025-12-30,20.0,Hà Nội,Công ty Cố phần giải pháp công nghệ ITE
1949,Flutter Developer,2025-12-30,25.0,Hà Nội,Tổng Công ty Công trình Viettel
1950,Team Leader & Trainer,2025-12-30,31.2541095890411,Hồ Chí Minh,Công Ty Kỹ Thuật Môi Trường Việt An
1951,DevOps Engineer,2025-12-30,31.2541095890411,Hồ Chí Minh,Công Ty Công Nghệ Sen Đỏ
1952,Data Analyst,2025-12-31,31.2541095890411,Hồ Chí Minh,Công Ty TEECOM
1953,FE DEVELOPER,2025-12-31,18.0,Hồ Chí Minh,CÔNG TY CÔNG NGHỆ NƯỚC NĂNG LƯỢNG
1954,Senior IT Security,2025-12-29,40.0,Hà Nội,CÔNG TY KINH DOANH F88
1956,Product Owner,2025-12-29,30.0,Hà Nội,CÔNG TY KINH DOANH F88
1957,Senior Business Intelligence Analyst Retail Banking Hanoi TA139,2025-12-29,46.600349650349656,Hà Nội,Ngân Hàng TMCP Việt Nam Thịnh Vượng VPBANK
1958,ELECTRICAL CONSTRUCTION ENGINEER,2025-12-29,20.0,Hà Nội,NETMARKS VIỆT NAM
1959,Data Analyst,2025-12-29,22.0,Đồng Nai,Công Ty Tân Vĩnh Cửu (Tavico group)
1960,Senior Finance System Analyst,2025-12-29,31.2541095890411,Hồ Chí Minh,Công Ty Tập Đoàn Đầu Tư Địa Ốc No Va
1961,Senior IT Security Officer,2025-12-29,46.600349650349656,Hà Nội,LOTTE FINANCE VIETNAM
1962,Information Security Solution Consulting Engineer,2025-12-29,46.600349650349656,Hà Nội,Viettel CHT
1963,Insurance Professional Digitization Specialist,2025-12-29,46.600349650349656,Hà Nội,Tổng công ty Bảo hiểm Bưu điện
1964,Network Administration Infrastructure Specialist,2025-12-29,46.600349650349656,Hà Nội,Chứng khoán Ngân hàng TMCP Ngoại thương Việt Nam (VCBS Vietcombank Securities)
1965,Pos Odoo Python Programmer,2025-12-29,19.0,Hà Nội,Công ty CANIFA
1966,ERP user support staff,2025-12-29,16.0,Hà Nội,Công ty CANIFA
1967,Security Compliance & Data Protection Specialist,2025-12-29,31.2541095890411,Hồ Chí Minh,GALAXY DIGITAL HOLDINGS
1968,ERP BUSINESS ANALYST SPECIALIST,2025-12-29,30.0,Hà Nội,Công ty CANIFA
1969,AI Technology Product Quality Control Expert,2025-12-29,31.2541095890411,Hồ Chí Minh,Công Ty Vàng Bạc Đá Quý Phú Nhuận PNJ
1970,Middle Software Engineer,2025-12-29,35.0,Hà Nội,MindX Technology School
1971,Product Owner,2025-12-29,45.0,Hồ Chí Minh,GALAXY DIGITAL HOLDINGS
1972,PYTHON ODOO PROGRAMMER,2025-12-29,30.0,Hà Nội,Công ty CANIFA
1973,Phone Repair Technician,2025-12-28,31.2541095890411,Hồ Chí Minh,AI PAY
1974,IT Support,2025-12-28,46.600349650349656,Hà Nội,Viettel CHT
1975,TECHNICAL STAFF,2025-12-28,15.0,Bình Dương,Sài Gòn Stec
1976,Embedded Engineer,2025-12-28,15.0,Hà Nội,TECOTEC Technology
1977,Application Engineer,2025-12-28,15.0,Hà Nội,TECOTEC Technology
1978,Mechanical engineer,2025-12-28,15.0,Hà Nội,TECOTEC Technology
1979,Electronic engineer,2025-12-28,8.0,Hà Nội,TECOTEC Technology
1980,Automation Tester,2025-12-28,35.0,Hà Nội,CÔNG TY KINH DOANH F88
1981,PYTHON ODOO PROGRAMMER,2025-12-28,30.0,Hà Nội,Công ty CANIFA
1982,Application Operations Specialist,2025-12-28,46.600349650349656,Hà Nội,NGÂN HÀNG TMCP KỸ THƯƠNG VIỆT NAM (TECHCOMBANK)
1983,Database Operations Specialist,2025-12-28,46.600349650349656,Hà Nội,NGÂN HÀNG TMCP KỸ THƯƠNG VIỆT NAM (TECHCOMBANK)
1984,Business Analysis Process Automation,2025-12-28,30.0,Hà Nội,Công ty CANIFA
1985,ERP BUSINESS ANALYST SPECIALIST,2025-12-28,30.0,Hà Nội,Công ty CANIFA
1986,AI Engineer,2025-12-28,35.0,Hà Nội,Công ty CANIFA
1987,Senior Data Governance Specialist Hanoi TA139,2025-12-28,46.600349650349656,Hà Nội,Ngân Hàng TMCP Việt Nam Thịnh Vượng VPBANK
1988,Database Administrator Expert,2025-12-28,46.600349650349656,Hà Nội,LOTTE FINANCE VIETNAM
1989,Senior Designer,2025-12-28,18.0,Hà Nội,Tập Đoàn Karofi Holding
1990,Software testing specialist,2025-12-28,20.0,Hà Nội,Công ty IIG Việt Nam
1991,Data Analyst and Reporting Specialist,2025-12-28,46.600349650349656,Hà Nội,LOTTE FINANCE VIETNAM
1992,Product Owner Digital Solution,2025-12-28,46.600349650349656,Hà Nội,Công Ty Chứng Khoán VNDIRECT
1993,Specialist in Deploying and Operating CRM and SCM systems,2025-12-28,31.2541095890411,Hồ Chí Minh,Công ty Tập đoàn Hoa Sen
1994,Deputy Director of Center for Architecture Management and IT Portfolio,2025-12-28,46.600349650349656,Hà Nội,Ngân hàng TMCP Đại Chúng Việt Nam PVcomBank
1995,Deputy General Director of Sales,2025-12-28,46.600349650349656,Hà Nội,Công ty Tập đoàn Meey Land
1996,Senior Engineer – O365 / Messaging & Collaboration Hanoi TA174,2025-12-28,46.600349650349656,Hà Nội,Ngân Hàng TMCP Việt Nam Thịnh Vượng VPBANK
1997,Senior Data Engineer HN TA133,2025-12-28,46.600349650349656,Hà Nội,Ngân Hàng TMCP Việt Nam Thịnh Vượng VPBANK
1998,Binh Duong IT staff,2025-12-31,18.0,Bình Dương,Cty Yakult Việt Nam
1999,Chief Technology Officer SAAS,2025-12-27,135.0,Hồ Chí Minh,DREAM TALENT
2000,Senior Operations Management Specialist,2025-12-27,46.600349650349656,Hà Nội,Công Ty Chứng Khoán VNDIRECT
2001,DIGITAL TRANSFORMATION SPECIALIST,2025-12-27,31.2541095890411,Hồ Chí Minh,Công Ty Acecook Việt Nam
2002,Backend Developer,2025-12-27,37.5,Hà Nội,Tổng Công Ty Bảo Hiểm Ngân Hàng TMCP Công Thương Việt Nam
2003,"Senior Expert, Business Finance Analysis",2025-12-27,46.600349650349656,Hà Nội,NGÂN HÀNG TMCP KỸ THƯƠNG VIỆT NAM (TECHCOMBANK)
2004,HO Specialist/Main expert/Senior expert in Financial data management,2025-12-27,46.600349650349656,Hà Nội,Ngân hàng TMCP Lộc Phát Việt Nam (LPBank)
2005,Senior Backend Developer Hanoi TA174,2025-12-27,46.600349650349656,Hà Nội,Ngân Hàng TMCP Việt Nam Thịnh Vượng VPBANK
2006,Data Engineer,2025-12-27,40.0,Hồ Chí Minh,HD SAISON Finance
2007,Mechanical Engineer,2025-12-27,15.0,Hà Nội,TECOTEC Technology
2008,IT Infrastructure & Security Supervisor,2025-12-06,31.2541095890411,Hồ Chí Minh,CÔNG TY NGUYÊN LIỆU Á CHÂU
2009,Embedded System Developer,2025-12-26,30.0,Hà Nội,Tập Đoàn Karofi Holding
2010,Head of SAP Development Department,2025-12-26,46.600349650349656,Hà Nội,Công Ty Eurowindow
2011,Assistant to the President,2025-12-26,46.600349650349656,Hà Nội,Công ty Tập đoàn Meey Land
2012,"IT Helpdesk Staff at Long Bien, Hanoi",2025-12-26,13.0,Hà Nội,CÔNG TY CÔNG NGHIỆP WELDCOM
2013,CONSTRUCTION DIGITAL CONVERSION SPECIALIST,2025-12-26,31.2541095890411,Hồ Chí Minh,Tổng công ty Xây dựng số 1 – CTCP
2014,Java Programmer / Java Developer,2025-12-26,46.600349650349656,Hà Nội,Hệ thống Y tế Thu Cúc
2015,Business Analyst Next Gen,2025-12-26,46.600349650349656,Hà Nội,Công Ty Chứng Khoán VNDIRECT
2016,Automation Engineer,2025-12-26,25.0,Hà Nội,KỸ THUẬT ASG VIỆT NAM
2017,Mobile Developer,2025-12-26,45.9,Hà Nội,Tổng Công Ty Bảo Hiểm Ngân Hàng TMCP Công Thương Việt Nam
2018,IT staff,2025-12-26,46.600349650349656,Hà Nội,CÔNG TY TẬP ĐOÀN BMK
2020,Backend Engineer,2025-12-26,31.2541095890411,Hồ Chí Minh,Viet Thai International
2021,IT staff,2025-12-26,12.0,Đồng Nai,Hạt Giống C.P Việt Nam
2022,Software Development Engineer Next Gen,2025-12-26,46.600349650349656,Hà Nội,Công Ty Chứng Khoán VNDIRECT
2023,Business Analyst,2025-12-26,15.0,Hà Nội,Công Ty Đầu Tư Và Phát Triển Nhựa Gỗ Châu Âu
2024,Data Analyst,2025-12-26,25.0,Hà Nội,Công ty CANIFA
2025,Sales staff in Ho Chi Minh area,2025-12-25,25.0,Hồ Chí Minh,Công ty Tập đoàn Leeon Group
2026,Senior Data Engineer BIC Hanoi TA139,2025-12-25,46.600349650349656,Hà Nội,Ngân Hàng TMCP Việt Nam Thịnh Vượng VPBANK
2027,Business Analyst International Business Department,2025-12-25,30.0,Hà Nội,Tập Đoàn Karofi Holding
2028,Security Monitoring Specialist,2025-12-25,31.2541095890411,Hồ Chí Minh,Công Ty Tập Đoàn Đầu Tư Địa Ốc No Va
2029,Data Engineer,2025-12-25,30.0,Hà Nội,CÔNG TY SALE PLUS
2030,Senior Security Infrastructure Officer,2025-12-25,46.600349650349656,Hà Nội,LOTTE FINANCE VIETNAM
2031,Expert Solution Architect,2025-12-25,46.600349650349656,Hà Nội,LOTTE FINANCE VIETNAM
2032,Quality Assurance Engineer Financial Systems,2025-12-25,46.600349650349656,Hà Nội,LOTTE FINANCE VIETNAM
2033,HUMAN RESOURCE POLICY SPECIALIST TT. HUMAN RESOURCE MANAGEMENT,2025-12-25,31.2541095890411,Hồ Chí Minh,Ngân Hàng TMCP Sài Gòn Thương Tín (Sacombank)
2034,Business Analyst,2025-12-31,31.2541095890411,Hồ Chí Minh,CÔNG NGHỆ B2B
2035,Java Programmer,2025-12-24,46.600349650349656,Hà Nội,Công Ty Giải Pháp Thanh Toán Việt Nam (VNPAY)
2036,Certification Officer,2025-12-24,10.0,Hà Nội,Công ty sản xuất và xuất khẩu Quế hồi Việt Nam
2037,CVC/CVCC Business Analysis,2025-12-24,46.600349650349656,Hà Nội,CÔNG TY CHỨNG KHOÁN ASEAN
2038,10 Mechanical Design Engineer R&D Mechanical Design Engineer,2025-12-24,35.0,Hà Nội,Tập Đoàn Karofi Holding
2039,Route To Market,2025-12-24,31.2541095890411,Hồ Chí Minh,Cty Thực Phẩm Á Châu
2040,Senior Data Scientist Hanoi TA139,2025-12-24,46.600349650349656,Hà Nội,Ngân Hàng TMCP Việt Nam Thịnh Vượng VPBANK
2041,WAREHOUSE STAFF,2025-12-13,13.0,Hồ Chí Minh,CÔNG TY GIẢI PHÁP CÔNG NGHỆ HQG
2042,Project administration,2025-12-23,35.0,Hà Nội,Công Ty Quản Lý Nợ Và Khai Thác Tài Sản Ngân Hàng TMCP Quân Đội
2043,PRODUCT MANAGER,2025-12-23,31.2541095890411,Hồ Chí Minh,HR Vietnam’s ESS Client
2044,"Information Security Risk Management Specialist, Operational Risk Management Department, Risk Management Division",2025-12-23,46.600349650349656,Hà Nội,Ngân hàng TMCP Đại Chúng Việt Nam PVcomBank
2045,Senior compliance management specialist,2025-12-23,31.2541095890411,Hồ Chí Minh,Công Ty Tập Đoàn Đầu Tư Địa Ốc No Va
2046,IT specialist,2025-12-23,18.0,Hà Nội,Công ty thực phẩm và đồ uống Barett
2047,ERP Engineer,2025-12-23,40.312419700214136,Bình Định,WGR INDUSTRIES
2048,DBA Database Administration Engineer,2025-12-23,30.0,Hà Nội,Tổng Công ty Công trình Viettel
2049,Head of Risk Management Department,2025-12-23,45.0,Hà Nội,Công ty Tập đoàn Meey Land
2050,Expert/Head of software development,2025-12-23,54.0,Hà Nội,Công Ty Quản Lý Nợ Và Khai Thác Tài Sản Ngân Hàng TMCP Quân Đội
2051,HEAD OF HN TECHNICAL SUPPORT GROUP,2025-12-23,15.0,Hà Nội,BellSystem24 Việt Nam
2052,User Support Specialist,2025-12-23,46.600349650349656,Hà Nội,Ngân hàng Thương mại Đông Nam Á (SeABank)
2053,Java programmer,2025-12-23,30.0,Hà Nội,Tổng Công ty Công trình Viettel
2054,Head of Java Programming Team,2025-12-23,32.0,Hà Nội,Tổng Công ty Công trình Viettel
2055,Software Solution Development Specialist,2025-12-23,31.2541095890411,Hồ Chí Minh,OMN1 Solution
2056,IT Staff,2025-12-23,16.444444444444443,Bình Dương,DP Systems Electronic Mechanical Technology Vietnam
2057,CVCC Business Analysis Debt Collection Segment Hanoi TA139,2025-12-23,46.600349650349656,Hà Nội,Ngân Hàng TMCP Việt Nam Thịnh Vượng VPBANK
2058,Senior Business Intelligence Analyst Collection Hanoi TA139,2025-12-23,46.600349650349656,Hà Nội,Ngân Hàng TMCP Việt Nam Thịnh Vượng VPBANK
2059,Network administration and security specialist,2025-12-23,22.0,Đồng Nai,Công Ty Tân Vĩnh Cửu (Tavico group)
2060,Infrastructure and hardware staff,2025-12-23,22.0,Đồng Nai,Công Ty Tân Vĩnh Cửu (Tavico group)
2061,Fullstack Software Development Specialist,2025-12-22,46.600349650349656,Hà Nội,Ngân Hàng Thương Mại Bảo Việt
2062,Senior specialist in project management office transformation,2025-12-22,46.600349650349656,Hà Nội,Ngân hàng TMCP Đại Chúng Việt Nam PVcomBank
2063,Application Development Specialist Working at TSC Ha Dong,2025-12-22,46.600349650349656,Hà Nội,Ngân hàng TMCP Việt Á – VietABank
2064,Senior Low Code Developer,2025-12-22,31.2541095890411,Hồ Chí Minh,Công Ty Vàng Bạc Đá Quý Phú Nhuận PNJ
2065,Head of Embedded Software Development Department,2025-12-22,40.0,Hà Nội,Tập Đoàn Karofi Holding
2066,Sales Director,2025-12-22,35.0,Hà Nội,Tập Đoàn Karofi Holding
2067,Senior Data Scientist Hanoi TA139,2025-12-22,46.600349650349656,Hà Nội,Ngân Hàng TMCP Việt Nam Thịnh Vượng VPBANK
2068,CVCC Business analysis and data system Hanoi TA139,2025-12-22,46.600349650349656,Hà Nội,Ngân Hàng TMCP Việt Nam Thịnh Vượng VPBANK
2069,Business Intelligence,2025-12-22,25.0,Hồ Chí Minh,MTV CHẾ TÁC VÀ KINH DOANH TRANG SỨC PNJ
2070,Odoo Python POS programming,2025-12-22,20.0,Hà Nội,Công ty CANIFA
2071,Head of software solutions department,2025-12-22,40.0,Hà Nội,EuP Group
2072,System Administration Specialist,2025-12-22,25.0,Hà Nội,CÔNG TY CÔNG NGHIỆP WELDCOM
2073,Light Electrical Engineer,2025-12-22,46.600349650349656,Hà Nội,GTEL ICT
2074,Electrical engineer,2025-12-22,46.600349650349656,Hà Nội,GTEL ICT
2075,Devops Engineer,2025-12-22,30.0,Hà Nội,GTEL ICT
2076,AI Prompt Engineer,2025-12-22,16.0,Hồ Chí Minh,Công ty Mỹ phẩm Quốc tế Thùy Dung
2077,Head of Customer Success,2025-12-22,31.2541095890411,Hồ Chí Minh,GALAXY DIGITAL HOLDINGS
2078,Network & Security Engineer,2025-12-22,37.0,Hà Nội,GTEL ICT
2079,System engineer,2025-12-22,37.0,Hà Nội,GTEL ICT
2080,SYSTEM DESIGN ANALYST SPECIALIST,2025-12-22,31.2541095890411,Hồ Chí Minh,Công Ty Du lịch và Tiếp Thị GTVT Việt Nam Vietravel
2081,Java Developer,2025-12-22,34.0,Hà Nội,GTEL ICT
2082,Tester staff,2025-12-22,18.0,Hà Nội,Công Ty Giải Pháp Thanh Toán Việt Nam (VNPAY)
2083,Business Analyst,2025-12-22,30.0,Hà Nội,GTEL ICT
2084,"Senior Specialist in Data Management, Tool Operation Department HN TA139",2025-12-21,46.600349650349656,Hà Nội,Ngân Hàng TMCP Việt Nam Thịnh Vượng VPBANK
2085,Main CV/CVCC Data Scientist,2025-12-21,46.600349650349656,Hà Nội,CÔNG TY CHỨNG KHOÁN ASEAN
2086,Java programming,2025-12-21,46.600349650349656,Hà Nội,CÔNG TY CHỨNG KHOÁN ASEAN
2087,Information Technology System Operations Specialist,2025-12-21,46.600349650349656,Hà Nội,CÔNG TY CHỨNG KHOÁN ASEAN
2088,ASSISTANT DIRECTOR,2025-12-21,31.2541095890411,Hồ Chí Minh,Công ty Ứng dụng Công nghệ Logistics (LTA)
2089,Golang Developer Intermediate,2025-12-21,25.0,Hà Nội,CÔNG TY SALE PLUS
2090,Business Analyst,2025-12-21,18.0,Hà Nội,CÔNG TY SALE PLUS
2091,DevOps Engineer,2025-12-21,25.0,Hà Nội,CÔNG TY SALE PLUS
2092,Hanoi Information Security Expert TA084,2025-12-21,46.600349650349656,Hà Nội,Ngân Hàng TMCP Việt Nam Thịnh Vượng VPBANK
2093,Senior Software Engineer,2025-12-21,46.600349650349656,Hà Nội,Viettel CHT
2094,IT specialist,2025-12-21,40.312419700214136,An Giang,Công Ty Vacxin Việt Nam
2095,IT specialist,2025-12-21,40.312419700214136,Khánh Hòa,Công Ty Vacxin Việt Nam
2096,IT specialist,2025-12-21,40.312419700214136,Đồng Tháp,Công Ty Vacxin Việt Nam
2097,Product Development Solution,2025-12-21,31.2541095890411,Hồ Chí Minh,Công Ty Kỹ Thuật Môi Trường Việt An
2098,Software tester,2025-12-21,18.0,Hà Nội,Chương trình Học viện Công nghệ BKACAD
2099,Technical Staff,2025-12-21,17.0,Hà Nội,Kỹ thuật BENTA
2100,B2B Sales Executive/ B2B Sales Specialist,2025-12-21,46.600349650349656,Hà Nội,SOLID & SOFT
2101,Victoria Institute Technical Administrator,2025-12-21,30.0,Hồ Chí Minh,Ngân hàng TMCP Phát triển TP.HCM (HDBank)
2102,Head of Victoria Institute Business Analysis Team,2025-12-21,45.0,Hồ Chí Minh,Ngân hàng TMCP Phát triển TP.HCM (HDBank)
2103,Cantavil IT Specialist,2025-12-28,31.2541095890411,Hồ Chí Minh,Công Ty Vacxin Việt Nam
2104,IT Helpdesk staff,2025-12-20,15.0,Hồ Chí Minh,Công Ty Interlink
2105,Business Analyst,2025-12-20,35.0,Hồ Chí Minh,CÔNG TY EPLUS RESEARCH
2106,Technical Support Engineer,2025-12-27,60.0,Hà Nội,Bảo mật
2107,.Net/Golang Programmer,2025-12-25,46.600349650349656,Hà Nội,Microtec Việt Nam
2108,QC intern,2026-01-31,31.2541095890411,Hồ Chí Minh,LacViet Computing Corporation
2109,SAP CONSULTING INTERN,2025-12-19,31.2541095890411,Hồ Chí Minh,CÔNG TY CÔNG NGHỆ CITEK
2110,Data Analyst Intern,2026-01-31,6.0,Hà Nội,Công ty Công nghệ UpBase
2111,Process Quality Assurance Intern,2026-01-31,6.0,Hà Nội,Công ty Công nghệ UpBase
2112,Consultant/Sales Marketing Web,2026-01-02,25.0,Hồ Chí Minh,TM DV Web Ideas
2113,Information Technology Management Collaborator,2026-01-12,6.0,Hà Nội,NGÂN HÀNG TRÁCH NHIỆM HỮU HẠN MỘT THÀNH VIÊN VIỆT NAM HIỆN ĐẠI
2114,Quantitative Trading Intern,2026-01-31,24.0,Hồ Chí Minh,Phu Hung Securities Corporation
2115,Business Analyst Internship,2026-01-12,2.0,Hồ Chí Minh,Levinci
2116,DevOps Internship,2026-01-09,40.312419700214136,Prey Veng,Springer Capital
2117,Technical Support Staff,2026-01-07,12.0,Hồ Chí Minh,NETNAM CORP.
2118,Data Collection Officer Part time Online,2025-12-21,46.600349650349656,Hà Nội,"Văn phòng đại diện Cazoodle, Inc tại thành phố Hà Nội"
2119,Back end Developer intern,2025-12-31,7.0,Hà Nội,Công ty Công nghệ UpBase
2120,IT intern,2026-01-31,31.2541095890411,Hồ Chí Minh,CT Tập Đoàn Thái Tuấn
2121,Business Intern,2025-12-31,5.0,Hồ Chí Minh,Công ty Đầu Tư TM và Phát Triển Công Nghệ FSI
2122,IT support,2026-01-02,14.0,Bà Rịa - Vũng Tàu,CÔNG TY DỊCH VỤ CẢNG THỊ VẢI
2123,PHP Developer Intern,2025-12-31,2.0,Hồ Chí Minh,Lửa Á Châu
2124,Business analyst,2026-01-02,15.0,Hà Nội,Công ty Giải pháp Công nghệ Bzisoft
2125,Intern Business Analyst,2025-12-31,31.2541095890411,Hồ Chí Minh,CÔNG NGHỆ PHẦN MỀM DUDI
2126,Fresher Business Analysis,2025-12-31,15.0,Hà Nội,Công ty Công nghệ UpBase
2127,B2B Customer Care Intern,2025-12-31,20.0,Hà Nội,Công ty Công nghệ UpBase
2128,SEO&ASO intern,2025-12-31,5.0,Hà Nội,CÔNG TY CÔNG NGHỆ RIVERNET VIỆT NAM
2129,QA Intern,2025-12-31,31.2541095890411,Hồ Chí Minh,CÔNG TY CÔNG NGHỆ FINVIET
2130,Backend Developer Intern,2025-12-31,24.0,Hồ Chí Minh,Phu Hung Securities Corporation
2132,AI Engineer Intern,2025-12-31,2.0,Hồ Chí Minh,Lửa Á Châu
2133,Business intern,2025-12-25,2.0,Hồ Chí Minh,TM DV Web Ideas
2134,SEO Intern,2025-12-11,4.0,Hồ Chí Minh,CÔNG NGHỆ & TRUYỀN THÔNG FOOGLE
2135,QA Game Tester,2026-01-07,122.91466666666668,Hồ Chí Minh,"Nexon Networks Vina ,"
2136,Data and Analytics Supervisor,2025-12-24,122.91466666666668,Hồ Chí Minh,Amway Vietnam .
2137,AI Engineer Information Technology Division,2025-12-27,168.56821428571428,Hà Nội,Ngân Hàng Thương Mại Quân Đội MB
2138,FullStack Developer Information Technology Division,2025-12-27,168.56821428571428,Hà Nội,Ngân Hàng Thương Mại Quân Đội MB
2139,IT Staff,2025-12-24,15.0,Hải Phòng,Đường Biển Container Sinotrans (Hải Nam)
2140,System Integration Engineer,2026-01-08,168.56821428571428,Hà Nội,Trường Đại Học CMC
2141,Software Implementation Specialist,2026-01-11,122.91466666666668,Hồ Chí Minh,FUJIFILM Business Innovation Vietnam
2142,"Software Project Leader Up to $2,500 Hybrid Working Relocation Bonus",2026-01-16,60.042857142857144,Đà Nẵng,LG Electronics R&D Vietnam
2143,Information Security Policy Specialist,2025-12-27,168.56821428571428,Hà Nội,Ngân Hàng TMCP Ngoại Thương Việt Nam Vietcombank
2144,Software Project Leader Project Manager,2025-12-27,67.5,Hà Nội,LG Electronics R&D Vietnam
2147,Mobile Developer Information Technology Division,2025-12-27,168.56821428571428,Hà Nội,Ngân Hàng Thương Mại Quân Đội MB
2149,Back end Developer,2026-01-02,40.5,Hồ Chí Minh,CÔNG TY VINSMART FUTURE
2150,AI Engineer,2026-01-02,35.0,Hà Nội,Toshiba Software Development
2151,Backend Developer,2026-01-08,32.4,Hồ Chí Minh,Navigos Group
2152,Head of Digital Technology Department,2025-12-27,168.56821428571428,Hà Nội,Công Ty Dịch Vụ Kỹ Thuật MobiFone
2153,Head of Telecommunications Infrastructure Department,2025-12-27,168.56821428571428,Hà Nội,Công Ty Dịch Vụ Kỹ Thuật MobiFone
2154,Head Of VPBank Enterprise Data And Analytics Division Id671,2026-01-08,168.56821428571428,Hà Nội,VPBank Https://tuyendung.vpbank.com.vn/
2155,Software Architect Salary Up to 2500$ Hybrid Working Relocation Bonus Sign On Bonus,2026-01-10,67.5,Đà Nẵng,LG Electronics Development Vietnam
2156,Cyber ​​Security Feature Test,2026-01-10,67.5,Đà Nẵng,LG Electronics Development Vietnam
2157,C / C++ Software Engineer Salary Up to 2500$ Hybrid Working,2026-01-10,67.5,Đà Nẵng,LG Electronics Development Vietnam
2158,PMO,2025-12-26,168.56821428571428,Hà Nội,Công Ty Vinsmart Future
2159,Group Chief Data Scientist Id661,2026-01-08,168.56821428571428,Hà Nội,VPBank Https://tuyendung.vpbank.com.vn/
2160,Backend Developer,2025-12-24,31.599999999999998,Hồ Chí Minh,Công Ty Vinsmart Future
2161,"Specialist, Business Analyst",2026-01-02,122.91466666666668,Hồ Chí Minh,Công Ty Đầu Tư Nam Long
2162,"Team Leader, Service Delivery",2026-01-02,122.91466666666668,Hồ Chí Minh,Công Ty Đầu Tư Nam Long
2163,Compliance Management Specialist,2026-01-02,168.56821428571428,Hà Nội,CÔNG TY VINSMART FUTURE
2164,TMO Senior Cloud Technology Specialist,2026-01-14,122.91466666666668,Hồ Chí Minh,Ngân Hàng TMCP Á Châu (ACB)
2165,Product Manager,2026-01-16,168.56821428571428,Hà Nội,MISA Jointstock Company
2166,ERP Support Engineer,2026-01-12,18.9,Hải Dương,Ajax Systems Việt Nam
2167,Software Deployment Officer,2025-12-27,168.56821428571428,Hà Nội,Thiết Bị Minh Tâm (Mitalab )
2168,Senior Full Stack Developer,2025-12-27,122.91466666666668,Hồ Chí Minh,CÔNG TY VINSMART FUTURE
2169,IT Developer,2026-01-14,122.91466666666668,Hồ Chí Minh,Family Medical Practice
2170,Director of System Architecture,2026-01-08,168.56821428571428,Hà Nội,CÔNG TY VINSMART FUTURE
2171,TMO Data Science Manager,2026-01-14,122.91466666666668,Hồ Chí Minh,Ngân Hàng TMCP Á Châu (ACB)
2172,TMO Data Analytics Manager,2026-01-14,122.91466666666668,Hồ Chí Minh,Ngân Hàng TMCP Á Châu (ACB)
2173,TMO Data Architect Manager,2026-01-14,122.91466666666668,Hồ Chí Minh,Ngân Hàng TMCP Á Châu (ACB)
2174,TMO Data Engineer Manager,2026-01-14,122.91466666666668,Hồ Chí Minh,Ngân Hàng TMCP Á Châu (ACB)
2175,Security Engineer,2026-01-18,54.0,Hà Nội,LG Electronics Development Vietnam
2176,Senior/middle QC Engineer/ Tester,2025-12-28,168.56821428571428,Hà Nội,CÔNG TY VINSMART FUTURE
2177,Project Coordinator,2025-12-27,122.91466666666668,Hồ Chí Minh,TPF Group
2178,HUMAN RESOURCE POLICY SPECIALIST TT. HUMAN RESOURCE MANAGEMENT,2025-12-26,122.91466666666668,Hồ Chí Minh,Sacombank – Ngân Hàng TMCP Sài Gòn Thương Tín
2179,Senior Project Manager,2025-12-27,122.91466666666668,Hồ Chí Minh,Vietnamworks' Client
2180,Solution Architect,2025-12-24,122.91466666666668,Hồ Chí Minh,Công Ty Vinsmart Future
2181,TMO Solution Design Expert,2025-12-24,122.91466666666668,Hồ Chí Minh,Ngân Hàng TMCP Á Châu (ACB)
2182,Senior IT Infrastructure Specialist,2026-01-08,143.4177253218884,Ninh Bình,Gentherm Vietnam
2183,Director of AI products,2026-01-08,168.56821428571428,Hà Nội,CÔNG TY VINSMART FUTURE
2184,"Expert, Site Reliability Engineering",2026-01-04,168.56821428571428,Hà Nội,Techcombank
2185,Senior Business Analyst,2025-12-27,168.56821428571428,Hà Nội,Công Ty Vinsmart Future
2186,Data Product Owner – Data Platform & Analytics,2025-12-27,168.56821428571428,Hà Nội,CÔNG TY VINSMART FUTURE
2187,SAP PLM Method Developer,2026-01-08,122.91466666666668,Hồ Chí Minh,Hella Vietnam
2188,Senior Back End Developer,2025-12-27,122.91466666666668,Hồ Chí Minh,Shinhan Securities Vietnam
2189,IT Manager,2025-12-24,143.4177253218884,Bình Dương,Spartronics Vietnam
2190,Senior Project Manager / Product Manager,2025-12-24,168.56821428571428,Hà Nội,CÔNG TY VINSMART FUTURE
2191,Senior Backend Engineer,2025-12-24,122.91466666666668,Hồ Chí Minh,CÔNG TY VINSMART FUTURE
2192,Backend Developer,2026-01-02,32.4,Hồ Chí Minh,Navigos Group
2193,HR Data Analyst,2025-12-26,122.91466666666668,Hồ Chí Minh,Vietnam Australia International School (Vas)
2194,SAP Senior Consultant SAP SD Implementation,2025-12-25,122.91466666666668,Hồ Chí Minh,Deloitte Consulting SEA
2195,Ho Chi Minh Portfolio Management Expert Id471,2026-01-07,122.91466666666668,Hồ Chí Minh,VPBank Https://tuyendung.vpbank.com.vn/
2196,Senior Devops Engineer,2025-12-27,168.56821428571428,Hà Nội,CÔNG TY VINSMART FUTURE
2197,Product Owner,2025-12-21,55.0,Hà Nội,Công Ty Vinsmart Future
2198,Senior Data Security Specialist Data Division Senior Data Security Data Division Data Division,2026-01-04,168.56821428571428,Hà Nội,Ngân Hàng Thương Mại Quân Đội MB
2199,Senior ERP Functional Consultant,2026-01-02,122.91466666666668,Hồ Chí Minh,Dezan Shira & Cộng Sự Việt Nam
2200,Backend Engineer,2026-01-02,70.0,Hồ Chí Minh,Navigos Group
2201,Senior Product Owner,2026-01-01,168.56821428571428,Hà Nội,Techcombank
2202,Quality Assurance Information Technology Division,2026-01-16,168.56821428571428,Hà Nội,Ngân Hàng Thương Mại Quân Đội MB
2203,Data Science Development Specialist Data Scientist Information Technology Department,2026-01-16,168.56821428571428,Hà Nội,Ngân Hàng Thương Mại Quân Đội MB
2204,AD – Application Developer,2025-12-21,168.56821428571428,Hà Nội,Fubon Life Insurance
2205,Information Security Team Leader,2026-01-04,168.56821428571428,Hà Nội,Eup Group
2206,Senior IT Risk/Vendor Management,2026-01-04,168.56821428571428,Hà Nội,Techcombank
2207,Senior IT Security,2026-01-04,168.56821428571428,Hà Nội,Techcombank
2208,IT Infrastructure Engineer,2026-01-04,168.56821428571428,Hà Nội,BIDV MetLife
2209,TMO Testing & Innovation Specialist,2026-01-07,122.91466666666668,Hồ Chí Minh,Ngân Hàng TMCP Á Châu (ACB)
2210,"TMO Director of Solution Design Functions, Technology Platform for Asset Management",2026-01-07,122.91466666666668,Hồ Chí Minh,Ngân Hàng TMCP Á Châu (ACB)
2211,Product Manager AI,2026-01-07,168.56821428571428,Hà Nội,MISA Jointstock Company
2212,Accounting/Auditing Good English to Work as a Software Business Analyst,2026-01-11,168.56821428571428,Hà Nội,MISA Jointstock Company
2213,IT Staff MES,2026-01-09,18.9,Hải Dương,"Nikkiso Vietnam, Inc"
2214,Head Of Data Platform Center Id672,2026-01-07,168.56821428571428,Hà Nội,VPBank Https://tuyendung.vpbank.com.vn/
2215,"Expert in Digital Payment Products and Services, Online Payment",2026-01-11,168.56821428571428,Hà Nội,Công Ty Thanh Toán Quốc Gia Việt Nam
2216,ERP System Staff,2025-12-28,37.0,Thái Nguyên,DOWOOINSYS VINA
2219,Scrum Master,2025-12-28,94.5,Hà Nội,One Mount
2220,Test Leader Fuel Level Sensor Design,2025-12-28,168.56821428571428,Hà Nội,Soji Electronics
2221,Information Technology Audit Specialist Internal Audit Division Id669,2025-12-28,168.56821428571428,Hà Nội,VPBank Https://tuyendung.vpbank.com.vn/
2222,Operations Engineer,2026-01-11,17.0,Hà Nội,Công Ty HTC Viễn Thông Quốc Tế
2223,SAP Support & Development Specialist Asia,2026-01-11,122.91466666666668,Hồ Chí Minh,J. Wagner
2224,Smart Vista Card Development Expert K.IT PVcomBank,2026-01-11,168.56821428571428,Hà Nội,Ngân Hàng TMCP Đại Chúng Việt Nam
2225,Standardization Management,2026-01-11,40.5,Thái Nguyên,"Sunny Opotech Viet Nam Co.,."
2226,Software Application Officer,2026-01-11,40.5,Thái Nguyên,"Sunny Opotech Viet Nam Co.,."
2227,Senior SAP Consultant,2026-01-11,81.0,Hồ Chí Minh,Legatcy
2228,Digital Transformation and Process Management Specialist,2026-01-11,54.0,Hà Nội,Tập Đoàn Công Nghiệp Viễn Thông Quân Đội (Viettel Group)
2229,Head of IT Technology Architecture Management Department,2026-01-11,168.56821428571428,Hà Nội,Ngân Hàng TMCP Đại Chúng Việt Nam
2230,Software Project Manager Japanese OR Chinese Speaking,2026-01-11,122.91466666666668,Hồ Chí Minh,Bosch Global Software Technologies
2231,Product Quality and Process Improvement Staff,2026-01-11,15.0,Bắc Ninh,Foster Electric (Bac Ninh)
2232,Database Developer,2026-01-11,168.56821428571428,Hà Nội,Công Ty Rikkeisoft
2233,Data Engineer Information Technology Division,2025-12-26,168.56821428571428,Hà Nội,Ngân Hàng Thương Mại Quân Đội MB
2234,Senior Fullstack Developer Information Technology Division,2025-12-26,168.56821428571428,Hà Nội,Ngân Hàng Thương Mại Quân Đội MB
2235,Director of Information Technology,2026-01-03,122.91466666666668,Hồ Chí Minh,Công Ty Gemadept
2236,Software Programmer,2026-01-10,122.91466666666668,Hồ Chí Minh,Thiết Bị Minh Tâm (Mitalab )
2237,Wecamp Training Program,2026-01-17,122.91466666666668,Hồ Chí Minh,NAB Innovation Centre Vietnam
2238,Business Analyst,2026-01-03,28.0,Hà Nội,MISA Jointstock Company
2239,Head of Information Technology Department,2026-01-18,81.0,Hà Nội,Công Ty Tập Đoàn Vinatech Việt Nam
2240,.NET Developer,2025-12-28,40.5,Hà Nội,Panasonic System Networks Vietnam . (PSNV)
2241,Test Automation Engineer,2026-01-04,143.4177253218884,Cần Thơ,FPT Software
2242,Business Analyst,2026-01-04,67.5,Hồ Chí Minh,FPT Software
2243,Senior Database Administrator,2026-01-04,122.91466666666668,Hồ Chí Minh,NAB Innovation Centre Vietnam
2244,IT Staff,2026-01-04,32.4,Hưng Yên,Panasonic Appliances Vietnam
2245,MB Trainee BackEnd Engineer Fresher Information Technology Division,2026-01-09,168.56821428571428,Hà Nội,Ngân Hàng Thương Mại Quân Đội MB
2246,Senior BackEnd Engineer Information Technology Department,2026-01-09,35.0,Hà Nội,Ngân Hàng Thương Mại Quân Đội MB
2247,Data Engineer Information Technology Division,2026-01-15,168.56821428571428,Hà Nội,Ngân Hàng Thương Mại Quân Đội MB
2248,Solution development engineer Oracle Database Developer Information Technology Department,2026-01-15,168.56821428571428,Hà Nội,Ngân Hàng Thương Mại Quân Đội MB
2250,Customer Management & Development Specialist,2026-01-18,168.56821428571428,Hà Nội,Công Ty Chứng Khoán MB
2251,Senior Automation Tester,2026-01-18,67.5,Hà Nội,Techcombank
2252,IT Staff,2026-01-18,32.4,Hưng Yên,Sản Xuất Phụ Tùng Ô Tô Xe Máy Việt Nam (Vap)
2253,Senior Mobile Developer,2025-12-28,122.91466666666668,Hồ Chí Minh,LOTTE C&F Vietnam
2254,Project Coordinator,2025-12-28,122.91466666666668,Hồ Chí Minh,Athena Studio
2255,Software Deployment Officer,2025-12-28,25.0,Hồ Chí Minh,Công Ty Phần Mềm Bravo
2256,AI Engineer Signing Bonus Up to 60M,2025-12-28,13.5,Hồ Chí Minh,FPT Software
2257,Senior AI Expert Information Technology Department,2026-01-09,168.56821428571428,Hà Nội,Ngân Hàng Thương Mại Quân Đội MB
2258,Senior AI Engineer Information Technology Department,2026-01-09,168.56821428571428,Hà Nội,Ngân Hàng Thương Mại Quân Đội MB
2259,Head of Computer Vision Technology Department Computer Vision Technology Department Head of Computer Vision Technology Department Information Technology Department,2026-01-09,168.56821428571428,Hà Nội,Ngân Hàng Thương Mại Quân Đội MB
2260,AI Expert Information Technology Sector,2026-01-09,168.56821428571428,Hà Nội,Ngân Hàng Thương Mại Quân Đội MB
2261,Data Model Analyst and Designer Data Cube Data Analyst,2026-01-09,168.56821428571428,Hà Nội,Ngân Hàng Thương Mại Quân Đội MB
2262,Data Policy And Quality Specialist Data Policy And Quality Specialist Data Block,2026-01-09,168.56821428571428,Hà Nội,Ngân Hàng Thương Mại Quân Đội MB
2263,Data Engineer Data Engineer Data Engineer Data Block,2026-01-09,168.56821428571428,Hà Nội,Ngân Hàng Thương Mại Quân Đội MB
2264,Senior Data Science Specialist Data Scientist Data Block,2026-01-09,168.56821428571428,Hà Nội,Ngân Hàng Thương Mại Quân Đội MB
2265,Fullstack Software Development Specialist,2026-01-18,168.56821428571428,Hà Nội,Ngân Hàng Thương Mại Bảo Việt
2266,Senior Backend Developer,2026-01-18,143.4177253218884,Bình Định,Kurz Việt Nam
2267,Plant IT Support Engineer,2025-12-25,122.91466666666668,Hồ Chí Minh,"Siemens Co,."
2269,Dong Da HN Urgently Recruits BrSE Bridge Engineers Attractive Bonus and Benefits,2025-12-31,81.0,Hà Nội,Neos Vietnam International
2270,IT Infrastructure Supervisor,2026-01-11,168.56821428571428,Hà Nội,Kintetsu World Express Việt Nam
2271,Head Of Website Solution,2026-01-11,122.91466666666668,Hồ Chí Minh,Ngân Hàng TMCP Quốc Tế Việt Nam (VIB)
2272,Quality Engineer | 岗位名称,2026-01-18,168.56821428571428,Hà Nội,Olympia Tools International INC
2273,Security Engineer,2026-01-17,54.0,Hà Nội,Ngân Hàng Công Nghiệp Hàn Quốc Chi Nhánh Hà Nội ( IBK Hanoi Branch)
2274,Sales Director,2026-01-18,168.56821428571428,Hà Nội,Công Ty Tập Đoàn Công Nghệ CMC
2275,Head of Information Technology Department,2025-12-28,81.0,Hà Nội,Tập Đoàn Vàng Bạc Đá Quý DOJI
2276,Senior Software Developer,2026-01-03,122.91466666666668,Hồ Chí Minh,Netcompany
2277,Head of IT Security Department,2025-12-27,168.56821428571428,Hà Nội,Tập Đoàn Vàng Bạc Đá Quý DOJI
2278,Backend Developer,2025-12-27,60.0,Hà Nội,CÔNG TY SÁNG TẠO & GIẢI PHÁP TRUYỀN THÔNG SỐ Á CHÂU
2279,Manager PLM & MES,2025-12-27,122.91466666666668,Hồ Chí Minh,Crystal Martin
2280,Database Administration Specialist Database Administrator Information Technology Department,2025-12-27,168.56821428571428,Hà Nội,Ngân Hàng Thương Mại Quân Đội MB
2281,Senior Business Analyst,2025-12-27,168.56821428571428,Hà Nội,FPT Software
2282,IT Staff,2025-12-27,12.15,Hà Nội,Công ty Thông minh MK
2283,Data Engineer Executive,2025-12-27,22.0,Hà Nội,Công Ty Chuỗi Thực Phẩm TH
2284,Software Development Officer,2026-01-10,35.0,Vĩnh Phúc,CÔNG TY TRÁCH NHIỆM HỮU HẠN TOP ENGINEERING VINA
2285,CVC Builds an Interest Rate Forecasting Model,2026-01-10,168.56821428571428,Hà Nội,Ngân Hàng TMCP Công Thương Việt Nam (VietinBank)
2286,Deputy Head of IT Risk Management Department,2026-01-10,168.56821428571428,Hà Nội,Ngân Hàng TMCP Công Thương Việt Nam (VietinBank)
2287,User Support – French Speaking,2026-01-10,25.0,Hồ Chí Minh,Bouygues Construction Information Technologies Vietnam
2288,Senior C Developer,2026-01-10,168.56821428571428,Hà Nội,Dasan Vietnam
2289,Tech Lead,2026-01-10,59.4,Hồ Chí Minh,Công Ty Bán Lẻ Kỹ Thuật Số FPT
2290,Solution Architect/ Technical Lead,2026-01-10,168.56821428571428,Hà Nội,FPT Corporation
2291,Business Intelligence Analyst,2026-01-03,122.91466666666668,Hồ Chí Minh,Home Credit Vietnam Explore Your Dream Team
2292,"System Development and Operation Specialist, Payment Gateway Professional Group",2026-01-03,168.56821428571428,Hà Nội,Công Ty Thanh Toán Quốc Gia Việt Nam
2293,Network Administration Specialist connects Network Administrator Information Technology Department,2026-01-15,168.56821428571428,Hà Nội,Ngân Hàng Thương Mại Quân Đội MB
2294,Edtech Product Owner,2026-01-18,40.0,Hồ Chí Minh,VUS The English Center
2295,Junior Tester Software Tester,2025-12-31,168.56821428571428,Hà Nội,Vietnamworks' Client
2296,Bosch Internship Program 2026,2025-12-31,122.91466666666668,Hồ Chí Minh,Bosch Global Software Technologies
2297,Software Engineer,2025-12-27,81.0,Hồ Chí Minh,Sony Electronics Vietnam
2299,K.IT Technology Transformation Specialist,2026-01-11,168.56821428571428,Hà Nội,Ngân Hàng TMCP Đại Chúng Việt Nam
2300,Securities System Management and Operation Specialist,2026-01-17,20.0,Hồ Chí Minh,Công Ty Chứng Khoán Yuanta Việt Nam
2301,Manual Tester,2026-01-17,72.9,Đà Nẵng,FPT Software
2302,Embedded Software Development Engineer,2025-12-21,60.042857142857144,Đà Nẵng,Đà Nẵng Nippon Seiki
2303,Software Development Officer,2025-12-21,18.9,Hải Dương,Brother Industries .
2304,Senior Front End ReactJS,2026-01-10,168.56821428571428,Hà Nội,FPT Corporation
2305,Operating System and Platform Specialist,2025-12-26,168.56821428571428,Hà Nội,Công Ty Công Nghệ Công Nghiệp Bưu Chính Viễn Thông VNPT Technology
2306,"Information Security Engineer Working in Mozambique Salary From 2,000$/month",2025-12-26,54.0,Quốc tế,Movitel S.A
2307,Information Security Expert,2025-12-26,168.56821428571428,Hà Nội,Công Ty Công Nghệ Công Nghiệp Bưu Chính Viễn Thông VNPT Technology
2308,Product Director Vnpt Qualcomm Excellence Center,2025-12-26,168.56821428571428,Hà Nội,Công Ty Công Nghệ Công Nghiệp Bưu Chính Viễn Thông VNPT Technology
2309,Senior Process Improvement and Digitization Specialist,2025-12-26,168.56821428571428,Hà Nội,Ngân Hàng TMCP Quốc Dân ( NCB )
2310,Enterprise Network System Solution Engineer Network Solution Engineer,2025-12-26,27.0,Hà Nội,Công Ty Netnam
2311,Senior Data Security Data Division Data Division Senior Data Security Specialist,2025-12-26,168.56821428571428,Hà Nội,Ngân Hàng Thương Mại Quân Đội MB
2312,Software Engineering Software Engineer,2026-01-09,168.56821428571428,Hà Nội,Cresyn Hà Nội
2314,Data Architecture,2026-01-09,122.91466666666668,Hồ Chí Minh,FPT Software
2315,Automation Engineer,2026-01-09,122.91466666666668,Hồ Chí Minh,Profectus Vietnam .
2316,Full Stack Developer,2026-01-09,67.5,Hà Nội,FPT Software
2317,– Java Developer,2026-01-09,143.4177253218884,Khánh Hòa,FPT Software
2318,Tester Korean,2026-01-09,122.91466666666668,Hồ Chí Minh,Snow Việt Nam
2319,Business Analyst Signing Bonus Up to 35M,2026-01-09,122.91466666666668,Hồ Chí Minh,FPT Software
2320,Staff Developing Product Technical Standards,2026-01-09,122.91466666666668,Hồ Chí Minh,Công ty Trang (TrangCorp)
2321,Project Manager Signing Bonus Up to 35M,2026-01-09,122.91466666666668,Hồ Chí Minh,FPT Software
2322,Senior DevSecOps Engineer Up to 30 Months Salary,2026-01-17,168.56821428571428,Hà Nội,Crossian Việt Nam
2323,Full Stack / DevOps Developer Working Remotely / Remotely,2026-01-16,118.8,Hà Nội,Ebit
2324,Embedded SW Architect,2026-01-16,122.91466666666668,Hồ Chí Minh,Bosch Global Software Technologies
2325,Senior Back End Developer,2026-01-16,122.91466666666668,Hồ Chí Minh,Công Ty Công Nghệ Sen Đỏ
2326,B2B Sales Enterprise,2026-01-02,54.0,Hồ Chí Minh,Netnam Corp.
2327,Tech Lead,2026-01-16,59.4,Hồ Chí Minh,EMESOFT
2328,Visual Designer,2026-01-16,122.91466666666668,Hồ Chí Minh,Saitex International Dong Nai (VN)
2329,Information Security Engineer,2026-01-16,32.4,Hồ Chí Minh,Công Ty Chứng Khoán Yuanta Việt Nam
2330,Senior QA Engineer,2026-01-16,122.91466666666668,Hồ Chí Minh,Virtuos Studios In Vietnam
2331,Senior Embedded Security Engineer,2026-01-02,122.91466666666668,Hồ Chí Minh,Bosch Global Software Technologies
2332,Global Reporting Analyst,2026-01-02,122.91466666666668,Hồ Chí Minh,SPS Vietnam Company .
2333,ERP Application Engineer,2026-01-16,40.5,Hải Phòng,VDL ETG VIETNAM
2334,Senior Technology Risk Consultant in HCMC Office,2026-01-16,122.91466666666668,Hồ Chí Minh,Ernst & Young Vietnam Limited (EY Vietnam)
2335,Developer,2025-12-25,168.56821428571428,Hà Nội,BIP Systems Vietnam
2336,Unit Head of Data Science,2025-12-25,122.91466666666668,Hồ Chí Minh,FE CREDIT
2337,3D Artist,2025-12-25,122.91466666666668,Hồ Chí Minh,Shuttlerock Vietnam
2338,Head of Data Management & BI Department,2025-12-25,67.5,Hà Nội,Công Ty Vàng Bạc Đá Quý Bảo Tín Mạnh Hải
2339,R&D Software Senior Engineer/ Supervisor,2025-12-25,32.4,Hưng Yên,Panasonic Appliances Vietnam
2340,Cloud Network Administration Engineer,2026-01-08,35.0,Hà Nội,Công Ty Sunteco
2341,Head Of Data Architecture & Governance Department,2026-01-08,122.91466666666668,Hồ Chí Minh,FE CREDIT
2342,SAP Logistic Consultant,2026-01-08,40.0,Hà Nội,Công Ty Chuỗi Thực Phẩm TH
2343,System Engineer – System Engineer,2026-01-08,50.0,Hà Nội,Công Ty Sunteco
2344,DataOps Engineer,2026-01-09,122.91466666666668,Hồ Chí Minh,Profectus Vietnam .
2345,"Hardware Design Engineer Salary Up to $2,000",2026-01-16,54.0,Bắc Ninh,Cresyn Hà Nội
2346,Information Security Monitoring Expert,2026-01-16,168.56821428571428,Hà Nội,Ngân Hàng Thương Mại Thịnh Vượng Và Phát Triển (PGBANK)
2347,Software Developer,2026-01-02,122.91466666666668,Hồ Chí Minh,ISV Vietnam
2348,Consumer Innovation Center Supervisor Senior Market Research Specialist,2025-12-26,122.91466666666668,Hồ Chí Minh,Masan Consumer Holdings
2349,Front End Specialist,2026-01-01,27.0,Hà Nội,Công Ty Chứng Khoán KB Việt Nam
2350,.NET Programmer,2025-12-25,168.56821428571428,Hà Nội,Công ty Tập đoàn Bảo hiểm DBV
2351,Database Administration Officer H.O,2026-01-08,122.91466666666668,Hồ Chí Minh,Ngân Hàng Indovina – Hội Sở
2352,UI/UX Interface Design Specialist,2026-01-15,168.56821428571428,Hà Nội,Công Ty Tin Học – Viễn Thông Hàng Không ( AITS)
2353,Account Manager,2025-12-25,122.91466666666668,Hồ Chí Minh,Megazone Vietnam
2354,Senior Data Engineer,2026-01-15,81.0,Hà Nội,CÔNG NGHỆ CODERPUSH
2355,Senior Fullstack Java Engineer,2026-01-15,108.0,Hồ Chí Minh,CÔNG NGHỆ CODERPUSH
2356,Network Engineer,2025-12-25,122.91466666666668,Hồ Chí Minh,CT NEXT WAVE ENERGY MONITORING
2357,QA/QC Tester,2025-12-25,122.91466666666668,Hồ Chí Minh,CT NEXT WAVE ENERGY MONITORING
2358,Lecturer/Researcher in Information Security,2026-01-15,168.56821428571428,Hà Nội,Tổ Chức Giáo Dục FPT
2359,Technical Leader,2026-01-15,168.56821428571428,Hà Nội,ICT4DVIETNAM
2360,Product Manager Assistant,2026-01-15,122.91466666666668,Hồ Chí Minh,Olympia Tools International INC
2361,Product Owner,2026-01-15,70.0,Hà Nội,Công ty Khoa học Dữ liệu
2362,Data Engineer,2026-01-15,122.91466666666668,Hồ Chí Minh,FPT Software
2363,Java Technical Lead,2026-01-15,72.9,Đà Nẵng,FPT Software
2364,Senior Analyst and Tester of Corebanking Solutions,2026-01-15,122.91466666666668,Hồ Chí Minh,Ngân Hàng TMCP Quốc Tế Việt Nam (VIB)
2365,Head of IT Infrastructure & Services Department and Head of System Security Department,2025-12-25,168.56821428571428,Hà Nội,Công Ty Vàng Bạc Đá Quý Bảo Tín Mạnh Hải
2366,Senior Data Engineer,2026-01-08,55.0,Hồ Chí Minh,LOTTE C&F Vietnam
2367,Performance Optimization Wowsuite,2026-01-15,122.91466666666668,Hồ Chí Minh,WOWSUITE SOFTWARE
2368,Vision Machine and System Programmer,2026-01-15,15.0,Bắc Ninh,Foster Electric (Bac Ninh)
2369,Information Technology Lecturer,2026-01-15,122.91466666666668,Hồ Chí Minh,Đại Học FPT TP.HCM
2370,AI/ Deep Learning Engineer,2025-12-24,35.0,Vĩnh Phúc,CÔNG TY TRÁCH NHIỆM HỮU HẠN TOP ENGINEERING VINA
2372,Senior Quality Engineer,2025-12-24,168.56821428571428,Hà Nội,Crossian Việt Nam
2373,ERP Developer F&O,2025-12-24,122.91466666666668,Hồ Chí Minh,ILA Vietnam
2374,Expert Backend Engineer,2025-12-24,122.91466666666668,Hồ Chí Minh,Công Ty Vàng Bạc Đá Quý Phú Nhuận (PNJ)
2375,Systems Analysis and Development Officer,2025-12-24,20.0,Hà Nội,Foster Electric (Bac Ninh)
2376,R&D Software Design Engineer,2025-12-24,32.4,Hưng Yên,Panasonic Appliances Vietnam
2378,ERP Programmer,2026-01-07,28.0,Hà Nội,Công Ty Tập Đoàn An Phát Holdings
2379,Technical Staff,2026-01-07,18.0,Hà Nội,Công Ty Biển Bạc
2380,IT Solutions Sales Officer,2026-01-07,15.0,Hồ Chí Minh,CÔNG TY I.P.L
2381,Backend Java Developer Id732,2026-01-07,168.56821428571428,Hà Nội,VPBank Https://tuyendung.vpbank.com.vn/
2382,Senior IT Business Analyst cum Product Manager,2026-01-07,122.91466666666668,Hồ Chí Minh,Dai Ichi Life Vietnam
2383,Senior SAP SD Consultant,2026-01-07,122.91466666666668,Hồ Chí Minh,Bosch Global Software Technologies
2384,Senior Allegro PCB Layout Design Engineer,2026-01-07,70.2,Hồ Chí Minh,"Interface Masters Technologies, Inc."
2385,Portfolio Management Expert Id428,2026-01-07,168.56821428571428,Hà Nội,VPBank Https://tuyendung.vpbank.com.vn/
2386,IT Specialized Korean–Vietnamese Interpreter / Translator Contract 6 Months,2026-01-07,40.0,Hồ Chí Minh,LOTTE C&F Vietnam
2387,Data Science Specialist,2026-01-01,122.91466666666668,Hồ Chí Minh,FE CREDIT
2388,Senior UI/UX Designer,2026-01-15,37.0,Thái Nguyên,Văn Phòng Đại Diện Max Biocare Tại Hà Nội
2389,Business Solution Specialist,2026-01-15,70.0,Hà Nội,Tập Đoàn Công Nghiệp Viễn Thông Quân Đội (Viettel Group)
2390,Business Solution Engineer,2026-01-15,40.0,Hà Nội,Tập Đoàn Công Nghiệp Viễn Thông Quân Đội (Viettel Group)
2391,Data Engineer and Dashboard Senior Staff,2026-01-15,143.4177253218884,Long An,Japfa Comfeed Việt Nam
2392,iOS Dev,2026-01-15,54.0,Hà Nội,Neos Vietnam International
2393,IT Helpdesk Staff,2025-12-31,168.56821428571428,Hà Nội,B.Braun Vietnam Company .
2394,IT Senior Officer,2026-01-07,122.91466666666668,Hồ Chí Minh,China Construction Bank Corporation – HCMC Branch
2396,Senior IT Infrastructure,2026-01-14,168.56821428571428,Hà Nội,Công Ty Chứng Khoán Guotai Junan
2397,Delivery Manager,2025-12-31,108.0,Hồ Chí Minh,ISB VIETNAM
2398,"Specialist, IT Solution Delivery",2026-01-07,122.91466666666668,Hồ Chí Minh,FWD Vietnam Life Insurance
2399,Application Service Engineer,2026-01-14,168.56821428571428,Hà Nội,"Panasonic Vietnam Co.,"
2400,School Systems & Cloud Administrator,2026-01-14,122.91466666666668,Hồ Chí Minh,Hệ Thống Giáo Dục Victoria School
2401,QA/ QC Da Lat 2025,2026-01-14,6.0,Lâm Đồng,Cubicasa Việt Nam Chi Nhánh Thừa Thiên Huế
2402,IT Networking Technical Executive,2026-01-07,122.91466666666668,Hồ Chí Minh,Panasonic Electric Works Việt Nam
2403,IT Specialist,2026-01-07,168.56821428571428,Hà Nội,"Trường Quản Trị Và Kinh Doanh, ĐHQGHN"
2404,Senior Data Processing & Visualization Specialist,2026-01-07,122.91466666666668,Hồ Chí Minh,FE CREDIT
2405,Data Processing & Visualization Specialist,2026-01-07,122.91466666666668,Hồ Chí Minh,FE CREDIT
2406,Technical Specialist,2026-01-07,30.0,Hải Phòng,Công Ty Thiết Bị Và Giải Pháp Cơ Khí AUTOMECH
2407,Leader After – Service,2026-01-14,40.5,Hồ Chí Minh,Tín Bảo Lan
2408,Sustainability Data Analyst Manager,2026-01-14,122.91466666666668,Hồ Chí Minh,Olam Việt Nam
2409,Business Analyst,2026-01-07,41.85,Hồ Chí Minh,Ahamove Công Ty Dịch Vụ Tức Thời
2410,Microsoft 365 Technical Support,2026-01-14,60.042857142857144,Đà Nẵng,FPT Software
2411,Automation Software Developer,2025-12-21,143.4177253218884,Long An,Avery Dennison Vietnam
2413,AI Engineer,2025-12-21,25.0,Hà Nội,Công Ty Giáo Dục American Study
2414,Project Manager Technical Platform Developer/ Information Technology Department,2025-12-21,40.0,Hà Nội,Tập Đoàn Công Nghiệp Viễn Thông Quân Đội (Viettel Group)
2415,Technical Leader,2025-12-21,122.91466666666668,Hồ Chí Minh,FPT Software
2416,IT Business Analyst,2025-12-21,168.56821428571428,Hà Nội,FPT Software
2417,Business Analyst,2025-12-21,17.55,Hồ Chí Minh,Wilmar CLV
2418,IT Executive,2026-01-03,32.4,Hưng Yên,Prym Intimates VIetnam
2420,Head of Systems Department,2026-01-03,168.56821428571428,Hà Nội,Công Ty HTC Viễn Thông Quốc Tế
2421,IT Supervisor,2026-01-03,168.56821428571428,Hà Nội,Panasonic Appliances Vietnam
2422,Junior Full Stack .NET Developer,2026-01-11,168.56821428571428,Hà Nội,Công Ty HTC Viễn Thông Quốc Tế
2423,Junior Developer Back End,2026-01-10,18.0,Hà Nội,Công Ty Hàng Hải Vsico
2424,Sales Operation Intern,2026-01-10,122.91466666666668,Hồ Chí Minh,Mondelēz Kinh Đô Việt Nam
2425,Head Of Data,2026-01-01,122.91466666666668,Hồ Chí Minh,Onpoint
2426,Security and Privacy Specialist,2025-12-31,168.56821428571428,Hà Nội,Công Ty Chứng Khoán Agribank
2427,Information Technology Lecturer,2025-12-31,122.91466666666668,Hồ Chí Minh,Đại Học FPT TP.HCM
2428,PC Programmer,2025-12-31,168.56821428571428,Hà Nội,CÔNG TY TRÁCH NHIỆM HỮU HẠN TOP ENGINEERING VINA
2429,R&D Specialist,2026-01-07,122.91466666666668,Hồ Chí Minh,Vietnam Intersnack Cashew
2430,Senior Operations Manager,2026-01-05,168.56821428571428,Hà Nội,Công Ty Thanh Toán Số Mobifone
2431,Business Intelligence & AI Analyst,2026-01-03,122.91466666666668,Hồ Chí Minh,Tsarsi
2432,Full Stack Developer,2026-01-03,122.91466666666668,Hồ Chí Minh,Parapex
2433,Electronic Banking Product Development Specialist,2026-01-02,168.56821428571428,Hà Nội,Ngân Hàng Thương Mại Thịnh Vượng Và Phát Triển (PGBANK)
2434,Business Analyst Lead Upto 2000Usd,2026-01-01,81.0,Hồ Chí Minh,Công Ty Bán Lẻ Kỹ Thuật Số FPT
2435,Project Management Expert,2026-01-01,168.56821428571428,Hà Nội,Ngân Hàng Thương Mại Thịnh Vượng Và Phát Triển (PGBANK)
2436,Server API Engineer,2025-12-31,122.91466666666668,Hồ Chí Minh,MCGAAW
2437,Customer Service Manager,2025-12-31,50.0,Hồ Chí Minh,ITECHWX
2438,Junior Network Security & IT Support Engineer,2025-12-21,168.56821428571428,Hà Nội,Delta Electronics
2439,Business Analyst and Application Testing Specialist,2025-12-28,122.91466666666668,Hồ Chí Minh,NGÂN HÀNG TRÁCH NHIỆM HỮU HẠN MỘT THÀNH VIÊN SỐ VIKKI
2440,Assistant Tester,2025-12-28,12.15,Hồ Chí Minh,Asia Plus Inc. (Q&me)
2441,Design Specialist,2025-12-28,40.5,Hà Nội,Hệ thống Giáo dục Vinschool
2442,"Senior Specialist, Digital Product Solution Department, Digital Banking Division",2025-12-28,168.56821428571428,Hà Nội,Ngân hàng MTV Việt Nam Hiện Đại (Modern Bank of Vietnam MBV)
2443,IT Solutions Intern,2025-12-27,4.05,Hồ Chí Minh,Tech Data Apac
2444,Project Administrator,2025-12-26,122.91466666666668,Hồ Chí Minh,Ben Line Agencies
2445,Application Development Specialist,2025-12-25,122.91466666666668,Hồ Chí Minh,NGÂN HÀNG TRÁCH NHIỆM HỮU HẠN MỘT THÀNH VIÊN SỐ VIKKI
2446,IT Helpdesk,2025-12-25,168.56821428571428,Hà Nội,Grant Thornton Limited
2447,Business Analyst,2025-12-25,40.0,Hà Nội,Tập Đoàn Công Nghiệp Viễn Thông Quân Đội (Viettel Group)
2448,Strategic & Planning Lead,2025-12-24,122.91466666666668,Hồ Chí Minh,Onpoint
2449,Senior Business Analyst Specialist,2025-12-24,27.0,Hồ Chí Minh,FE CREDIT
2450,Business Analyst AI,2025-12-24,47.0,Hồ Chí Minh,CÔNG TY TRÁCH NHIỆM HỮU HẠN MỘT THÀNH VIÊN ZYNERIC SOLUTION
2451,AI Engineer,2025-12-24,120.0,Hồ Chí Minh,CÔNG TY TRÁCH NHIỆM HỮU HẠN MỘT THÀNH VIÊN ZYNERIC SOLUTION
2452,ERP Business Analyst and Application Specialist,2026-01-14,143.4177253218884,Cà Mau,Công Ty Tổng Công Ty Phân Bón Dầu Khí Cà Mau
2454,Senior Software Engineer,2025-12-25,122.91466666666668,Hồ Chí Minh,Công Ty Tài Chính Ngân Hàng TMCP Sài Gòn Hà Nội (SHBFinance)
2455,IT Infrastructure Solution Consulting,2025-12-28,168.56821428571428,Hà Nội,Công Ty Tập Đoàn HiPT
2456,Computer Technician,2025-12-28,32.4,Hưng Yên,Trường Trung Cấp Nghề Châu Hưng
2457,IT Staff,2025-12-28,12.15,Hà Nội,Canon Việt Nam
2458,IT Staff,2025-12-28,13.5,Bắc Ninh,Canon Việt Nam
2459,Senior AI QA/QC Engineer,2025-12-28,122.91466666666668,Hồ Chí Minh,Công Ty Vàng Bạc Đá Quý Phú Nhuận (PNJ)
2460,IT Staff,2025-12-28,12.15,Bắc Ninh,Canon Việt Nam
2461,Expert System Architect,2025-12-28,108.0,Hà Nội,Công Ty Tập Đoàn Sunshine
2462,Senior Backend Developer,2025-12-28,37.0,Hồ Chí Minh,GoCode Pte
2463,"Unity, Unreal, Python Programming Engineer",2025-12-28,20.0,Hà Nội,Hexogon Việt Nam
2464,Business Analyst,2025-12-28,30.0,Hà Nội,Công Ty Canifa
2465,Character / Style Guide Artist,2025-12-28,122.91466666666668,Hồ Chí Minh,HAHA GROUP
2466,MES Engineer MES工程师,2025-12-28,30.0,Thái Nguyên,RQ TECHNOLOGY ELECTRONICS VIỆT NAM
2467,Technical Management & Product Development,2025-12-28,50.0,Hồ Chí Minh,Tín Bảo Lan
2468,"Manager of Transaction Banking, E Channels & Services Department, Head Office",2025-12-28,54.0,Hà Nội,Public Bank Vietnam
2469,"Recruiting Computer, Printer, Photo Technical Staff",2026-01-11,18.0,Hà Nội,THƯƠNG MẠI DỊCH VỤ VMP VIỆT NAM
2470,Information Technology Application Operations Specialist,2026-01-11,168.56821428571428,Hà Nội,Ngân Hàng Thương Mại Thịnh Vượng Và Phát Triển (PGBANK)
2471,Mobile iOS Developer,2026-01-11,54.0,Đà Nẵng,090 Bravo
2472,.NET Developer,2026-01-11,20.0,Hà Nội,Công ty Viễn thông Intercom việt nam
2473,Transmission Technical Staff,2026-01-11,15.0,Hồ Chí Minh,Công ty Viễn thông Intercom việt nam
2474,Data Engineer Juniors,2026-01-11,168.56821428571428,Hà Nội,Outcubator Việt Nam
2475,Digital Payment Engagement Manager,2026-01-11,122.91466666666668,Hồ Chí Minh,United Overseas Bank Limited (UOB)
2476,Product Owner,2026-01-11,40.0,Hà Nội,Sonat Game
2477,Information and Communication Technology Assistant,2026-01-11,29.7,Hà Nội,International Organization For Migration
2478,Senior IT Consultant,2026-01-11,54.0,Hồ Chí Minh,Bosch Global Software Technologies
2479,ServiceNow Technical Lead,2026-01-11,122.91466666666668,Hồ Chí Minh,Bosch Global Software Technologies
2480,Application Architecture Specialist Solution Architect Information Technology Department,2025-12-26,168.56821428571428,Hà Nội,Ngân Hàng Thương Mại Quân Đội MB
2481,System Administration Specialist,2026-01-12,168.56821428571428,Hà Nội,Công Ty Tập Đoàn Mcst
2482,"Manual Tester Software Testing Specialist, Information Technology Department",2026-01-04,168.56821428571428,Hà Nội,Ngân Hàng Thương Mại Quân Đội MB
2483,RPA Developer,2026-01-04,122.91466666666668,Hồ Chí Minh,Würth Industry Vietnam
2484,Data Engineer,2026-01-18,122.91466666666668,Hồ Chí Minh,Cartrack Vietnam
2485,Senior Frontend Developer,2026-01-18,34.5,Hồ Chí Minh,Cartrack Vietnam
2486,Administrative Officer and IT System Administrator,2026-01-18,25.0,Hà Nội,Công Ty Trung Chính
2487,Full Stack Remote Job Programmer,2025-12-28,67.5,Hồ Chí Minh,Transportme
2488,Cloud Operations Engineer,2026-01-18,122.91466666666668,Hồ Chí Minh,Ngân Hàng TMCP Quốc Tế Việt Nam (VIB)
2489,Back end Developer,2025-12-28,40.5,Hồ Chí Minh,Clever Creations Tech
2490,Procurement Investment Officer,2026-01-04,25.0,Hà Nội,TCT Đầu tư Quốc tế Viettel
2491,Production & Process Technician,2026-01-18,122.91466666666668,Hồ Chí Minh,PVEP CUU LONG
2492,Sr. Asset Integrity Engineer,2026-01-18,122.91466666666668,Hồ Chí Minh,PVEP CUU LONG
2493,Infrastructure Staff,2026-01-18,122.91466666666668,Hồ Chí Minh,CÔNG TY PHÂN PHỐI QUỐC TẾ
2494,ERP Project Director,2025-12-27,168.56821428571428,Hà Nội,Công Ty Chứng Khoán SSI
2495,"Senior Developer, Digital Platform Delivery",2025-12-27,54.0,Hồ Chí Minh,Sun Life Vietnam (Sun Life)
2497,RPA Developer,2025-12-27,122.91466666666668,Hồ Chí Minh,Bosch Global Software Technologies
2498,Information Security Officer,2025-12-27,122.91466666666668,Hồ Chí Minh,Shinhan Vietnam Finance
2499,D365 Functional Consultant,2025-12-27,122.91466666666668,Hồ Chí Minh,Bosch Global Software Technologies
2500,System Administration Supervisor,2026-01-10,122.91466666666668,Hồ Chí Minh,Shinhan Vietnam Finance
2501,Odoo Developer,2026-01-10,122.91466666666668,Hồ Chí Minh,CÔNG TY PHÂN PHỐI QUỐC TẾ
2502,QC Intern Intern Rice quality inspection,2026-01-10,3.0,Tây Ninh,Olam Global Agri Việt Nam
2503,IT Staff,2026-01-10,17.55,Nam Định,Top Textiles
2504,Devops Engineer,2026-01-10,30.0,Hồ Chí Minh,Công Ty Bán Lẻ Kỹ Thuật Số FPT
2505,AI Engineer,2026-01-10,43.2,Hà Nội,Outcubator Việt Nam
2506,Website Management Technical Specialist,2026-01-10,168.56821428571428,Hà Nội,Công Ty Tập Đoàn Sunshine
2507,Java Developer,2026-01-10,168.56821428571428,Hà Nội,Ngân Hàng MTV Woori Việt Nam
2508,Data Engineer,2026-01-10,122.91466666666668,Hồ Chí Minh,Công Ty Bán Lẻ Kỹ Thuật Số FPT
2509,Unreal Developer,2026-01-10,54.0,Hồ Chí Minh,Dreamchasers Interactive Vietnam
2510,Tester Staff,2026-01-10,20.0,Hà Nội,TM Và PT Công Nghệ Phần Mềm Tcsoft
2511,Manual Tester,2026-01-10,40.5,Hà Nội,Công Ty Tập Đoàn Sunshine
2512,Mobile Developer,2026-01-10,122.91466666666668,Hồ Chí Minh,Công Ty Bán Lẻ Kỹ Thuật Số FPT
2513,Data Engineer,2026-01-10,168.56821428571428,Hà Nội,CÔNG TY CAPELLA GROUP
2514,Administrative IT Specialist | IT Administration,2025-12-28,122.91466666666668,Hồ Chí Minh,CÔNG TY THƯƠNG MẠI VÀ DỊCH VỤ KỸ THUẬT KHOAN DẦU KHÍ PVD
2515,Remotely QA Team Leader,2026-01-04,122.91466666666668,Hồ Chí Minh,Transportme
2516,Head of IT Department,2026-01-18,168.56821428571428,Hà Nội,Tập Đoàn VINASEED
2517,"Senior Clerk IT Infrastructure, Operations & Support",2026-01-04,168.56821428571428,Hà Nội,"Mizuho Bank, ."
2518,Assistant Manager IT Infrastructure & Operations,2026-01-04,168.56821428571428,Hà Nội,"Mizuho Bank, ."
2519,Quality Validation Assistant Manager,2026-01-18,22.15,Đồng Nai,Terumo BCT Viet Nam
2520,IT Helpdesk Specialist,2025-12-27,168.56821428571428,Hà Nội,Công ty Tập đoàn Golden Gate
2521,Factory IT & Digitalization Manager,2026-01-17,143.4177253218884,Gia Lai,Navigos Search
2522,Software Engineer Windows Desktop,2026-01-17,168.56821428571428,Hà Nội,Navigos Search's Client
2523,Quality Management Supervisor,2026-01-17,168.56821428571428,Hà Nội,Asia Chemical Corporation
2524,Head of Department/Application and Digital Transformation Specialist,2026-01-17,168.56821428571428,Hà Nội,Công Ty Thương Mại Cổng Vàng
2525,Service Operations Engineer,2026-01-17,168.56821428571428,Hà Nội,Công Nghệ Leeon
2526,Field Service Engineer,2026-01-17,122.91466666666668,Hồ Chí Minh,Ascenx Technologies
2527,Head of Development Department,2026-01-08,25.0,Hà Nội,K&M Holdings
2528,"Solution Engineer, Information Technology System Integration",2026-01-03,168.56821428571428,Hà Nội,Chi Nhánh Giải Pháp Và Tích Hợp Hệ Thống Một Thành Viên Thanh Bình BCA
2529,Head of Information Technology Department,2026-01-17,35.0,Vĩnh Phúc,Công Ty Dược Phẩm Vĩnh Phúc
2530,Staff,2026-01-17,122.91466666666668,Hồ Chí Minh,Trường Đại Học Kinh Tế Tài Chính TPHCM
2531,Data Analyst,2026-01-17,30.0,Hồ Chí Minh,Welcome Debt Trading
2532,IT Risk Management Expert,2026-01-17,168.56821428571428,Hà Nội,Công Ty Tài Chính Trách Nhiệm Hữu Hạn MB Shinsei (Mcredit)
2533,Data Analyst,2026-01-17,30.0,Hồ Chí Minh,Deliveree On Demand Logistics (Southeast Asia)
2534,Technical Product Specialist,2025-12-27,122.91466666666668,Hồ Chí Minh,Wall Street English
2535,Head of Technology Department,2026-01-17,35.0,Hà Nội,THƯƠNG MẠI VÀ DỊCH VỤ OZOVN
2536,Data Engineer,2026-01-17,67.5,Hà Nội,Công Ty Tài Chính Trách Nhiệm Hữu Hạn MB Shinsei (Mcredit)
2537,Solution Engineer,2025-12-26,168.56821428571428,Hà Nội,Công Ty Công Nghệ Công Nghiệp Bưu Chính Viễn Thông VNPT Technology
2538,Technical Solutions,2025-12-26,27.0,Hà Nội,Công Ty Đầu Tư Và Công Nghệ DHA
2539,Network and Connection Expert,2025-12-26,168.56821428571428,Hà Nội,Công Ty Công Nghệ Công Nghiệp Bưu Chính Viễn Thông VNPT Technology
2540,Edge Expert Ai,2025-12-26,168.56821428571428,Hà Nội,Công Ty Công Nghệ Công Nghiệp Bưu Chính Viễn Thông VNPT Technology
2541,Product Owner,2025-12-26,55.0,Hà Nội,BSS Group
2542,Data Science Development Specialist Data Scientist Information Technology Department,2025-12-26,168.56821428571428,Hà Nội,Ngân Hàng Thương Mại Quân Đội MB
2543,Digital Transformation Consultant,2025-12-26,122.91466666666668,Hồ Chí Minh,GEEK Up
2544,Solution Development Engineer Oracle Database Developer Information Technology Department,2025-12-26,168.56821428571428,Hà Nội,Ngân Hàng Thương Mại Quân Đội MB
2545,Network Administration Specialist Network Connection Administrator Information Technology Department,2025-12-26,168.56821428571428,Hà Nội,Ngân Hàng Thương Mại Quân Đội MB
2546,Mechatronics Engineer Deploys Camera & Traffic Control System,2025-12-26,15.0,Hà Nội,Công ty Đầu tư công nghệ và giải pháp TFS
2547,Information Technology Staff,2025-12-26,15.0,Hà Nội,Công ty Đầu tư công nghệ và giải pháp TFS
2548,Data Analysis Team Leader BI Analysis Leader,2025-12-26,168.56821428571428,Hà Nội,GELEX Group
2549,Government Business Analyst,2025-12-26,168.56821428571428,Hà Nội,FPT IS
2550,BA Sales System Process Enhancement Management Specialist,2025-12-26,122.91466666666668,Hồ Chí Minh,FE CREDIT
2551,Senior/Lead NodeJS Backend Developer,2025-12-26,45.0,Hồ Chí Minh,CÔNG TY CÔNG NGHỆ FINVIET
2552,Senior AI Engineer / Data Scientist,2025-12-26,122.91466666666668,Hồ Chí Minh,Bosch Global Software Technologies
2553,Quality Assurance Specialist for Information Technology Services Quality Assurance Information Technology Department,2025-12-26,168.56821428571428,Hà Nội,Ngân Hàng Thương Mại Quân Đội MB
2554,"Senior Specialist, Data Solution Architecture, Data Architect, Data Block",2026-01-09,168.56821428571428,Hà Nội,Ngân Hàng Thương Mại Quân Đội MB
2555,Senior Specialist Technology Model Machine Learning Operations Data Block,2026-01-09,168.56821428571428,Hà Nội,Ngân Hàng Thương Mại Quân Đội MB
2556,Senior Software Engineer,2026-01-09,122.91466666666668,Hồ Chí Minh,MiTek Việt Nam
2557,UX/UI Designer,2026-01-09,16.0,Hà Nội,Tập Đoàn Apec (Apec Group)
2558,IoT Engineering Lead,2026-01-09,122.91466666666668,Hồ Chí Minh,HEINEKEN Vietnam
2559,Head of Control Department Attractive Income Upto 55 Million/month,2026-01-09,50.0,Hà Nội,PHÁT TRIỂN CÔNG NGHỆ ĐIỆN TỬ BÌNH ANH
2560,"Senior Specialist, Personal Customer Analysis, Data Analyst, Data Block",2026-01-09,168.56821428571428,Hà Nội,Ngân Hàng Thương Mại Quân Đội MB
2561,Software Development Officer,2026-01-09,143.4177253218884,Bình Dương,Rochdale Spears .
2562,Business Analyst,2026-01-09,28.0,Hà Nội,CÔNG TY CAPELLA GROUP
2563,DevOps Engineer,2026-01-09,168.56821428571428,Hà Nội,Công ty Tập đoàn Bảo hiểm DBV
2564,Mobile Developer,2026-01-09,67.5,Hà Nội,Công Ty Tập Đoàn Sunshine
2565,Data Engineer,2026-01-17,67.5,Hà Nội,Công Ty Chứng Khoán SSI
2566,Senior Tech Business Analyst,2026-01-17,122.91466666666668,Hồ Chí Minh,Pizza 4P's
2567,Senior Outsystems Developer,2026-01-17,122.91466666666668,Hồ Chí Minh,Bosch Global Software Technologies
2568,ERP Developer Urgent,2026-01-17,122.91466666666668,Hồ Chí Minh,Alliance Construction & Fine Furniture Company
2569,Project Manager Securities Trading Platform,2026-01-02,70.0,Hà Nội,CÔNG NGHỆ CODERPUSH
2570,Security Engineer / ML / Data Working Remotely / Remote,2026-01-16,118.8,Hà Nội,Ebit
2571,Digital Transformation Specialist,2026-01-16,122.91466666666668,Hồ Chí Minh,Ngân hàng TMCP Nam Á
2572,Quality Management Officer,2026-01-16,13.0,Hải Phòng,Vật Liệu Nam Châm Shin Etsu Việt Nam
2573,Mobile Developer Intern,2026-01-16,122.91466666666668,Hồ Chí Minh,Bosch Global Software Technologies
2574,UI/UX Designer Intern,2026-01-16,122.91466666666668,Hồ Chí Minh,Bosch Global Software Technologies
2575,Automation Tester Intern,2026-01-16,122.91466666666668,Hồ Chí Minh,Bosch Global Software Technologies
2576,Automotive Cybersecurity Engineer,2026-01-16,122.91466666666668,Hồ Chí Minh,Bosch Global Software Technologies
2577,Head of Information Technology Department,2026-01-16,81.0,Hà Nội,Công Ty Đầu Tư Infinity Group
2578,Senior Front End Developer,2026-01-16,35.0,Hà Nội,Unstatic
2579,IT Staff,2026-01-16,20.0,Đồng Nai,Samkwang CF Vina
2580,Software Programmer,2026-01-16,30.0,Hà Nội,Công ty công nghệ Nanosoft
2581,Developing And Sourcing 01 Vietnamese person,2026-01-02,122.91466666666668,Hồ Chí Minh,Mizuno Viet Nam
2582,IT Project Management,2026-01-16,50.0,Hà Nội,Công ty Devyt
2583,.NET Developer,2026-01-02,122.91466666666668,Hồ Chí Minh,CÔNG TY PHÂN PHỐI QUỐC TẾ
2584,Senior QA Engineer,2026-01-16,122.91466666666668,Hồ Chí Minh,Pizza 4P's
2585,SAP Systems Analyst,2026-01-16,18.9,Hải Dương,Ajax Systems Việt Nam
2586,IT Helpdesk & Support,2026-01-16,143.4177253218884,Long An,Aucontech
2587,AI Hardware Systems Engineer,2025-12-26,121.5,Hồ Chí Minh,AI Home and Business Solutions
2588,AI Software and UI Developer,2025-12-26,121.5,Hồ Chí Minh,AI Home and Business Solutions
2589,Regional Information Security Officer,2025-12-25,122.91466666666668,Hồ Chí Minh,Shiseido Cosmetics Vietnam
2590,IT Analyst,2025-12-25,122.91466666666668,Hồ Chí Minh,Sản Xuất First Solar Việt Nam
2591,Senior Information Security Specialist Tntech 4B025,2025-12-25,168.56821428571428,Hà Nội,Tập Đoàn ROX (ROX Group)
2592,Supply Service Management CG,2025-12-25,45.0,Hà Nội,Công Ty Tài Chính Trách Nhiệm Hữu Hạn Một Thành Viên TNEX
2593,Senior MySQL DBA,2025-12-25,30.0,Hồ Chí Minh,Salary.com
2594,Technical Staff in Hanoi 10 Million 15 Million VND/month,2025-12-25,15.0,Hà Nội,Công Nghệ Zkteco Việt Nam
2595,Product Manager,2025-12-25,30.0,Hồ Chí Minh,Salary.com
2596,Service Desk Analyst,2026-01-08,168.56821428571428,Hà Nội,HS Analytics
2597,IT Fullstack,2026-01-08,122.91466666666668,Hồ Chí Minh,ROOT ROTATION
2598,Junior QC Engineer,2026-01-08,122.91466666666668,Hồ Chí Minh,Pizza 4P's
2600,Prompt Engineer / AI Editor,2026-01-16,122.91466666666668,Hồ Chí Minh,Vietcetera
2601,Mid Senior Software Engineer,2026-01-16,122.91466666666668,Hồ Chí Minh,Vietcetera
2602,Senior Data Analyst,2026-01-16,122.91466666666668,Hồ Chí Minh,Vietcetera
2603,Backend Developer,2026-01-16,35.0,Hà Nội,Unstatic
2604,IT Specialist,2026-01-16,22.15,Đồng Nai,Vietnamworks' Client
2605,"Officer, Solutions Delivery",2026-01-16,32.4,Hưng Yên,British University Vietnam (Buv)
2606,Quality Engineer/ Supervisor,2026-01-16,32.4,Hưng Yên,V Trust Inspection Service
2607,Software Engineering Specialist,2026-01-09,122.91466666666668,Hồ Chí Minh,RT Holdings
2608,Business Analyst,2026-01-15,27.0,Hà Nội,Công Ty Tin Học – Viễn Thông Hàng Không ( Aits)
2609,AI & Machine Learning Engineer,2026-01-01,122.91466666666668,Hồ Chí Minh,Deuba Vietnam Representative Office
2610,Senior Test Engineer,2026-01-15,70.39,Bắc Ninh,Navigos Search's Client
2611,Information Technology Specialist,2025-12-25,143.4177253218884,Bà Rịa - Vũng Tàu,Công Ty EGS
2612,AI Product Manager,2026-01-15,122.91466666666668,Hồ Chí Minh,Công Ty Vàng Bạc Đá Quý Phú Nhuận (PNJ)
2613,Sales Force Effectiveness Manager,2026-01-15,122.91466666666668,Hồ Chí Minh,Abbott
2614,Engineering Lead,2026-01-15,78.3,Hồ Chí Minh,MTV CONVERTECH SOLUTIONS
2615,Business Analyst,2026-01-15,32.4,Hà Nội,GSM
2616,Business Analyst,2026-01-15,60.042857142857144,Đà Nẵng,Navigos Search's Client
2617,"Assistant Manager, Sales Force Automation",2026-01-15,37.0,Hồ Chí Minh,DKSH Vietnam .
2618,B2B Business Support Officer,2026-01-15,21.6,Hồ Chí Minh,Sti Simple Tech Investment
2619,Customer Group Specialist Through Pool and Health Insurance Board Data,2026-01-15,168.56821428571428,Hà Nội,Tổng Công Ty Bảo Hiểm Bảo Việt
2620,Senior AI Engineer,2026-01-15,122.91466666666668,Hồ Chí Minh,Công Ty Vàng Bạc Đá Quý Phú Nhuận (PNJ)
2621,Innovation Project Management,2026-01-15,122.91466666666668,Hồ Chí Minh,KPMG Việt Nam
2636,Senior SAP MM Consultant,2025-12-24,122.91466666666668,Hồ Chí Minh,Bosch Global Software Technologies
2637,Senior IT Executive,2025-12-24,168.56821428571428,Hà Nội,Public Bank Securities Vietnam (PBSV)
2638,Senior Technology Risk Consultant in Hanoi Office,2025-12-24,168.56821428571428,Hà Nội,Ernst & Young Vietnam Limited (EY Vietnam)
2639,Systems Engineer,2025-12-24,30.0,Hà Nội,Công Ty Ứng Dụng Khoa Học Và Công Nghệ Mitec
2640,SAP ABAP Senior Specialist,2025-12-24,143.4177253218884,Bình Dương,TM DV Tân Hiệp Phát
2641,Industrial AI Scientist,2025-12-24,122.91466666666668,Hồ Chí Minh,Bosch Global Software Technologies
2642,Embedded Software Engineering,2025-12-24,122.91466666666668,Hồ Chí Minh,Bosch Global Software Technologies
2643,Head of Digital Transformation Department,2025-12-24,35.0,Bắc Ninh,Công Ty Công Nghiệp Kimsen
2644,IT Security Consultant,2025-12-24,122.91466666666668,Hồ Chí Minh,Bosch Global Software Technologies
2648,QA Manager,2025-12-24,43.2,Lâm Đồng,Chi Nhánh Công Ty May Bình Thuận Nhà Bè Xí Nghiệp May Tuy Phong
2650,Oracle Based Erp/mes Developer,2026-01-07,24.3,Đồng Nai,TKG Taekwang VINA
2651,Automation Test,2026-01-07,54.0,Hà Nội,Công Ty Tập Đoàn Sunshine
2652,Cloud Architects Engineer,2026-01-07,122.91466666666668,Hồ Chí Minh,Ben Line Agencies
2653,Product Manager EVO,2026-01-07,122.91466666666668,Hồ Chí Minh,Trusting Social
2654,AI Engineer,2026-01-07,30.0,Hà Nội,K&M Holdings
2655,AI Engineer,2026-01-07,60.042857142857144,Đà Nẵng,HI TECH VIỆT NAM APPAREL
2656,IT Executive,2026-01-07,168.56821428571428,Hà Nội,Gloria Jeans Vietnam
2657,Barcode Control Officer,2026-01-15,143.4177253218884,Bình Dương,Công Ty Sữa Việt Nam (Vinamilk)
2658,Data Operations Engineer,2026-01-15,168.56821428571428,Hà Nội,HS Analytics
2659,Product Development Specialist – Credit Card Product,2026-01-15,168.56821428571428,Hà Nội,Trusting Social
2660,QMS Engineer Medical Devices,2026-01-15,22.15,Đồng Nai,SharkNinja Vietnam
2661,Python Engineer,2026-01-15,122.91466666666668,Hồ Chí Minh,Geniebook Vietnam
2662,Business Analyst,2026-01-15,41.85,Hồ Chí Minh,RMIT University Vietnam
2663,Database Administrator,2026-01-15,40.0,Hà Nội,Ngân Hàng MTV Woori Việt Nam
2664,E-commerce employee,2025-12-24,168.56821428571428,Hà Nội,Công ty Tập đoàn Golden Gate
2665,Senior Quality Assurance Specialist,2025-12-24,168.56821428571428,Hà Nội,Công ty Tập đoàn Golden Gate
2666,HOME Platform Development Specialist Level 2,2025-12-31,168.56821428571428,Hà Nội,Ngân Hàng TMCP Đầu Tư Và Phát Triển Việt Nam (BIDV)
2667,Project Management,2026-01-07,168.56821428571428,Hà Nội,CÔNG TY MK VISION
2668,Information Security Specialist,2026-01-14,122.91466666666668,Hồ Chí Minh,United Overseas Bank Limited (UOB)
2669,Senior Quality Engineer,2026-01-14,122.91466666666668,Hồ Chí Minh,Sun Life Vietnam (Sun Life)
2670,Embedded Systems Engineer,2026-01-14,122.91466666666668,Hồ Chí Minh,MINIT CHARGER L.L.C.
2671,Programmer,2025-12-24,168.56821428571428,Hà Nội,CHI NHÁNH DỊCH VỤ VÀ CÔNG NGHỆ HOÀNG VIỆT TẠI HÀ NỘI
2672,Data Engineer,2026-01-14,67.5,Hà Nội,CÔNG TY TECHX
2673,Senior .NET System Engineer,2026-01-14,81.0,Hồ Chí Minh,CÔNG TY ONETECH ASIA
2674,IT Solution Consulting Engineer,2026-01-14,122.91466666666668,Hồ Chí Minh,Viettel CHT (Viettel Idc)
2675,System Development Engineer,2026-01-14,54.0,Hà Nội,PNK
2676,Head of Department,2026-01-14,54.0,Hà Nội,PNK
2677,Senior Business Analyst,2026-01-14,168.56821428571428,Hà Nội,Công ty Tập đoàn Golden Gate
2678,Software Developer Income Upto 30M,2026-01-14,40.5,Hòa Bình,Công Ty Coasia CM Vina
2679,Solution Consulting Engineer,2025-12-31,168.56821428571428,Hà Nội,Công ty công nghệ An ninh mạng quốc gia Việt Nam
2680,IT Staff,2026-01-14,12.825,Bắc Ninh,Cova TEC Việt Nam
2681,Director of Quality Management,2026-01-14,143.4177253218884,Hà Nam,Q P
2682,Senior Technology Assurance Hanoi Office,2025-12-23,168.56821428571428,Hà Nội,Ernst & Young Vietnam Limited (EY Vietnam)
2683,Assistant General Director,2026-01-14,168.56821428571428,Hà Nội,Công Ty Công Nghệ Sapo
2684,Deputy Director of Service and Customer Experience,2026-01-14,168.56821428571428,Hà Nội,Công Ty Công Nghệ Sapo
2685,Operations Analyst,2026-01-14,122.91466666666668,Hồ Chí Minh,Trusting Social
2686,Senior Data Analyst,2026-01-14,122.91466666666668,Hồ Chí Minh,Trusting Social
2687,Data/Software Engineer,2026-01-05,168.56821428571428,Hà Nội,Casal Corporate Advisory Pty
2688,DevOps Engineer,2025-12-21,54.0,Hà Nội,Medicia Vietnam
2689,Software Engineer,2025-12-21,33.63,Bắc Ninh,Cresyn Hà Nội Nhà Máy Bắc Ninh
2690,Backend Developer,2026-01-04,54.166666666666664,Hà Nội,Công Ty Tập Đoàn Sunshine
2691,Devops Specialist,2026-01-04,40.0,Hà Nội,Công Ty Tập Đoàn Sunshine
2692,Senior Demand Analyst,2025-12-21,122.91466666666668,Hồ Chí Minh,Công Ty Vàng Bạc Đá Quý Phú Nhuận (PNJ)
2693,ICT Technician ICT Technician,2025-12-21,168.56821428571428,Hà Nội,Pegasus International College
2694,Data Testing Specialist Data Block Data Tester,2025-12-21,168.56821428571428,Hà Nội,Ngân Hàng Thương Mại Quân Đội MB
2695,E-Commerce Specialist,2025-12-21,168.56821428571428,Hà Nội,Công ty Tập đoàn Golden Gate
2696,UX UI Designer,2026-01-04,18.0,Đà Nẵng,DO&BE VIET NAM
2697,Project Assistant,2026-01-04,168.56821428571428,Hà Nội,Công Ty Tư Vấn Chuyển Giao Công Nghệ ITC
2698,Senior Frontend Developer,2026-01-04,34.5,Hồ Chí Minh,GoCode Pte
2699,IP Engineer in Da Nang,2026-01-04,60.042857142857144,Đà Nẵng,Tập Đoàn Công Nghiệp Viễn Thông Quân Đội (Viettel Group)
2700,Financial Information Management & Data Engineering,2026-01-04,122.91466666666668,Hồ Chí Minh,United Overseas Bank Limited (UOB)
2701,Senior IT Business Analyst,2026-01-04,168.56821428571428,Hà Nội,Công Ty Tài Chính Ngân Hàng TMCP Sài Gòn Hà Nội (Shbfinance)
2702,Industrial Engineer,2026-01-04,168.56821428571428,Hà Nội,Công Ty Công Nghệ Công Nghiệp Bưu Chính Viễn Thông VNPT Technology
2703,Senior Data Engineer,2026-01-04,81.0,Hà Nội,Công Ty Tài Chính Ngân Hàng TMCP Sài Gòn Hà Nội (Shbfinance)
2705,Senior Product Owner,2025-12-21,168.56821428571428,Hà Nội,Công Ty Giải Pháp Thanh Toán Việt Nam (VNPAY)
2706,Associate Consumer Intelligent Analysis Manager,2026-01-11,122.91466666666668,Hồ Chí Minh,Reckitt
2707,QC Engineer,2026-01-11,122.91466666666668,Hồ Chí Minh,HEINEKEN Vietnam
2708,IT Business Analyst Assistant Manager,2026-01-11,122.91466666666668,Hồ Chí Minh,Marico South East Asia Corporation
2709,Data Analyst,2026-01-11,122.91466666666668,Hồ Chí Minh,Chứng Khoán ACB
2710,BI/Data Solutions Architect,2026-01-03,70.0,Hà Nội,Công ty Khoa học Dữ liệu
2711,AI/ML Developer,2026-01-03,168.56821428571428,Hà Nội,Công Ty Tập Đoàn Sunshine
2712,Senior Data Scientist Credit Insight,2026-01-03,122.91466666666668,Hồ Chí Minh,Trusting Social
2713,"Network Engineer, IT Department, Head Office",2026-01-03,67.5,Hà Nội,Public Bank Vietnam
2714,"Officer, Software And Application Support",2026-01-03,27.0,Hà Nội,British University Vietnam (Buv)
2715,Senior IT Audit in HCMC Office,2026-01-03,122.91466666666668,Hồ Chí Minh,Ernst & Young Vietnam Limited (EY Vietnam)
2716,Finance Officer,2026-01-03,122.91466666666668,Hồ Chí Minh,Công Ty Anne Hill
2717,Business Analyst,2026-01-03,27.0,Hà Nội,IIG Việt Nam
2718,Java Developer,2026-01-03,25.65,Hồ Chí Minh,Shinhan Vietnam Finance
2719,Senior Data Analyst,2026-01-03,168.56821428571428,Hà Nội,Công Ty Chứng Khoán SSI
2720,UX/UI Designer,2026-01-11,122.91466666666668,Hồ Chí Minh,Pizza 4P's
2721,Automation Software Engineer,2026-01-11,33.63,Bắc Ninh,Navigos Search
2722,Frontend Programmer HN HCM,2026-01-10,108.0,Hồ Chí Minh,Difisoft Vietnam
2723,Backend Developer,2026-01-10,30.0,Hồ Chí Minh,Công Ty Bán Lẻ Kỹ Thuật Số FPT
2724,Frontend Developer,2026-01-10,34.5,Hồ Chí Minh,Công Ty Bán Lẻ Kỹ Thuật Số FPT
2725,Business Analyst,2026-01-10,41.85,Hồ Chí Minh,Công Ty Bán Lẻ Kỹ Thuật Số FPT
2726,AMS System Administration and Operation Service Staff,2026-01-10,122.91466666666668,Hồ Chí Minh,Công Ty Bán Lẻ Kỹ Thuật Số FPT
2727,IT/Helpdesk Specialist,2026-01-10,122.91466666666668,Hồ Chí Minh,Công Ty Uniben
2728,Head of Technology Department,2026-01-10,81.0,Hà Nội,Navigos Search
2729,SQE,2026-01-10,40.5,Hải Phòng,Navigos Search
2730,ERP Application Engineer,2026-01-10,40.5,Hải Phòng,Navigos Search
2731,Data Analytics Supervisor,2026-01-10,122.91466666666668,Hồ Chí Minh,Masan Consumer Holdings
2732,Business Analyst,2026-01-10,45.9,Hà Nội,Công Ty Tập Đoàn Sunshine
2733,IT Manager – Working Independently,2026-01-10,122.91466666666668,Hồ Chí Minh,Ecu Worldwide Vietnam
2735,Developer,2026-01-09,122.91466666666668,Hồ Chí Minh,KPMG Việt Nam
2736,IT Manager,2026-01-09,122.91466666666668,Hồ Chí Minh,Ngân Hàng Kookmin Chi Nhánh Thành Phố Hồ Chí Minh
2737,Test Engineer,2026-01-09,33.63,Bắc Ninh,Navigos Search's Client
2738,Frontend Developer,2026-01-09,48.6,Hà Nội,Công Ty Tập Đoàn Sunshine
2739,Telecommunications Procurement and Bidding Specialist,2026-01-09,29.7,Hà Nội,Tập Đoàn Apec (Apec Group)
2740,Paygate Product Development Specialist Level 2,2025-12-26,168.56821428571428,Hà Nội,Ngân Hàng TMCP Đầu Tư Và Phát Triển Việt Nam (BIDV)
2741,System Expert,2026-01-09,22.15,Đồng Nai,Navigos Search
2742,Backend Developer,2026-01-01,67.5,Hà Nội,Skydata Việt Nam
2743,Odoo Developer Vietnam,2026-01-01,168.56821428571428,Hà Nội,ATT Group
2744,"Automation Specialist, AI",2026-01-01,25.0,Hà Nội,Công Ty Elmich
2745,Senior Software Engineer,2026-01-01,122.91466666666668,Hồ Chí Minh,TECH JDI
2746,Debt Collection Analysis and Solutions Expert,2026-01-01,168.56821428571428,Hà Nội,Công Ty Tài Chính Trách Nhiệm Hữu Hạn MB Shinsei (Mcredit)
2747,Quality Assurance Specialist,2026-01-01,60.042857142857144,Đà Nẵng,Lovepop Việt Nam
2748,MB Trainee AI Engineer Fresher Information Technology Division,2026-01-09,35.0,Hà Nội,Ngân Hàng Thương Mại Quân Đội MB
2749,Product Management Specialist Product Management Specialist Product and Marketing Department,2026-01-09,168.56821428571428,Hà Nội,Ngân Hàng Thương Mại Quân Đội MB
2750,Business Analyst Business Analyst,2026-01-09,168.56821428571428,Hà Nội,Công Ty Tập Đoàn BRG
2751,Techlead Python,2026-01-09,67.5,Hà Nội,Navigos Search
2752,NodeJS Lead,2026-01-09,67.5,Hà Nội,Navigos Search
2753,HR Intern Employer Branding & UX/UI Support,2026-01-09,122.91466666666668,Hồ Chí Minh,Mitsubishi Electric Vietnam .
2754,System & Security Engineer,2025-12-25,122.91466666666668,Hồ Chí Minh,Wide Viet Nam .
2755,Specialist IT Security,2026-01-08,122.91466666666668,Hồ Chí Minh,Sabeco Tổng Công Ty Bia Rượu Nước Giải Khát Sài Gòn
2756,Senior Deep Learning Engineer,2026-01-08,122.91466666666668,Hồ Chí Minh,Navigos Search's Client
2757,Data Analyst / Digital Marketing Analyst,2026-01-08,24.0,Hồ Chí Minh,Metasource
2758,Senior Python Developer,2025-12-31,122.91466666666668,Hồ Chí Minh,Bosch Global Software Technologies
2759,Order Entry,2025-12-31,143.4177253218884,Long An,Avery Dennison Vietnam
2760,Senior Full Stack Developer,2025-12-31,122.91466666666668,Hồ Chí Minh,Siraya Technology
2761,Senior Fullstack Developer,2025-12-31,54.0,Hà Nội,CÔNG TY TQC SOLUTION
2762,Master Data Lead,2025-12-31,143.4177253218884,Bình Dương,Rochdale Spears .
2764,IT Manager/Supervisor,2026-01-08,143.4177253218884,Bình Định,Vietnamworks' Client
2765,IT Specialist,2026-01-08,122.91466666666668,Hồ Chí Minh,Kuehne + Nagel Vietnam
2766,Sales Manager,2026-01-08,94.5,Hồ Chí Minh,Vietnamworks' Client
2767,Software Engineer,2026-01-07,81.0,Hồ Chí Minh,Vietnamworks' Client
2768,Java Software Engineer,2026-01-07,122.91466666666668,Hồ Chí Minh,Vietnamworks' Client
2770,Application Development & Support Manager,2026-01-07,122.91466666666668,Hồ Chí Minh,United Overseas Bank Limited (UOB)
2771,Product Marketing Senior Specialist Mobile Experienxe Business,2026-01-07,122.91466666666668,Hồ Chí Minh,Samsung Vina Electronics (Savina S)
2773,Graphic Designer,2026-01-04,122.91466666666668,Hồ Chí Minh,GKIM Digital
2774,Designer UI/UX,2025-12-21,20.0,Hồ Chí Minh,Công Ty Giáo Dục American Study
2775,IT Solutions Consultant,2026-01-04,168.56821428571428,Hà Nội,Tập Đoàn Công Nghiệp Viễn Thông Quân Đội (Viettel Group)
2776,Python Backend Engineer,2026-01-04,37.0,Hồ Chí Minh,GoCode Pte
2777,Frontend Developer,2026-01-03,34.5,Hồ Chí Minh,GoCode Pte
2778,"IT Helpdesk IT Department, Head Office",2026-01-03,27.0,Hà Nội,Public Bank Vietnam
2779,System Administration Specialist,2025-12-26,122.91466666666668,Hồ Chí Minh,Tổng Công Ty Phát Điện 3 EVNGENCO3
2780,IT Staff,2025-12-26,15.0,Hải Phòng,CÔNG TY KHO VẬN VIỆT THÁI
2781,IT Business Analyst,2026-01-03,122.91466666666668,Hồ Chí Minh,Shinhan Vietnam Finance
2782,IT Staff,2026-01-02,15.0,Hải Phòng,FUJIFILM Manufacturing Hải Phòng
2783,Technical Engineer,2026-01-02,32.4,Hồ Chí Minh,"Zhejiang Uniview Technologies Co.,"
2784,Engineering Manager AI for RAN and 6G Wireless Systems,2026-01-02,122.91466666666668,Hồ Chí Minh,Navigos Search
2785,Senior Deep Learning Engineer AI for Wireless Systems,2026-01-02,122.91466666666668,Hồ Chí Minh,Navigos Search
2786,AI Thermal and Mechanical Engineer,2025-12-26,122.91466666666668,Hồ Chí Minh,AI Home and Business Solutions
2787,Vision Engineer,2026-01-01,54.0,Bắc Ninh,Navigos Search's Client
2788,Operations Analyst,2026-01-01,122.91466666666668,Hồ Chí Minh,Geniebook Vietnam
2789,"Senior Associate, Business Product Management, SPX Express",2026-01-01,43.2,Hồ Chí Minh,SPX EXPRESS
2792,Digital Solution and Project Manager,2026-01-01,122.91466666666668,Hồ Chí Minh,Abbott
2793,IT Staff / IT Engineer,2026-01-01,25.0,Hồ Chí Minh,Công Ty Thương Mại Xăng Dầu Tân Sơn Nhất
2794,Senior Business Analyst,2026-01-01,122.91466666666668,Hồ Chí Minh,Novaland
2795,Middle PHP Developer,2026-01-01,35.1,Hồ Chí Minh,Rakus Vietnam
2796,IT ERP,2026-01-01,122.91466666666668,Hồ Chí Minh,Mitsubishi Electric Vietnam .
2797,IT Staff IT Support / IT Staff / IT Helpdesk,2026-01-01,15.39,Hà Nội,Legacy Voyages Việt Nam
2798,Full Stack Developer / Frontend Configurator,2025-12-31,54.0,Hồ Chí Minh,Abiaka Software .
2799,Full Stack Developer,2025-12-31,60.0,Hà Nội,Velosi Vietnam
2800,Business Analyst,2025-12-31,40.5,Hồ Chí Minh,Công Ty Giải Pháp Tự Động Hóa Kỹ Thuật Việt Nam
2801,Business Analyst cum Tester,2025-12-31,16.2,Hồ Chí Minh,The One Digi Corp
2802,IT Manager,2025-12-31,168.56821428571428,Hà Nội,Công Ty One Capital Hospitality
2803,ISO Training Auditor,2025-12-31,40.0,Hồ Chí Minh,Chứng Nhận Kna
2804,QA Engineer,2025-12-31,122.91466666666668,Hồ Chí Minh,Geniebook Vietnam
2805,Senior AI Product Manager Payment Authentication And Digital Identity,2025-12-21,122.91466666666668,Hồ Chí Minh,Trusting Social
2806,Experienced Security Engineer,2025-12-21,168.56821428571428,Hà Nội,First Trust ACPA Vietnam
2807,AI Lesson Creator,2025-12-21,122.91466666666668,Hồ Chí Minh,FlexOS Vietnam
2808,System Administrator,2025-12-28,54.0,Hải Phòng,Navigos Search's Client
2809,Machine Vision Engineer,2025-12-28,33.63,Bắc Ninh,Navigos Search's Client
2810,Web Designer,2025-12-28,122.91466666666668,Hồ Chí Minh,Thương Mại Và Dịch Vụ Aflex
2811,Product Management Executive,2025-12-28,122.91466666666668,Hồ Chí Minh,M Village
2812,Software Configuration Engineer,2025-12-28,122.91466666666668,Hồ Chí Minh,Trelleborg Việt Nam
2813,Operations / IT Support,2025-12-28,122.91466666666668,Hồ Chí Minh,VILAF
2814,ERP Specialist,2025-12-27,40.5,Hải Phòng,Navigos Search's Client
2815,.Net Developer / Software Engineer,2025-12-27,54.0,Hải Phòng,Navigos Search's Client
2816,Product Owner,2025-12-27,122.91466666666668,Hồ Chí Minh,MIRROR FUTURE DIAMOND
2817,Customer Quality Engineer,2025-12-27,32.4,Hưng Yên,Navigos Search's Client
2818,Operation Planning Specialist,2025-12-26,122.91466666666668,Hồ Chí Minh,Công Ty Bảo Hiểm Nhân Thọ Cathay
2819,Business Data Analyst BI Analyst,2025-12-26,168.56821428571428,Hà Nội,GELEX Group
2820,Senior Product Manager,2025-12-26,122.91466666666668,Hồ Chí Minh,Geniebook Vietnam
2821,IT Staff/Executive,2025-12-26,122.91466666666668,Hồ Chí Minh,Bank of India Ho Chi Minh City Branch
2822,Typescript Backend Engineer,2025-12-26,89.1,Hồ Chí Minh,Sports Inference Inc
2824,Senior Inspector,2025-12-25,122.91466666666668,Hồ Chí Minh,Navigos Search
2825,Testing Intern,2025-12-25,168.56821428571428,Hà Nội,Công Ty Chứng Khoán SSI
2826,Lead/Senior Backend Engineer,2025-12-25,135.0,Hồ Chí Minh,Vietnamworks' Client
2827,Oracle EBS System Development and User Support Specialist,2025-12-25,122.91466666666668,Hồ Chí Minh,Tổng Công Ty Phát Điện 3 EVNGENCO3
2828,Business Analyst,2025-12-25,39.43333333333333,Hà Nội,Tập Đoàn Tân Á Đại Thành
2829,IT Infrastructure,2025-12-24,122.91466666666668,Hồ Chí Minh,Shinhan Bank Vietnam
2830,Head of IT Department,2025-12-24,143.4177253218884,Đắk Nông,Trần Hồng Quân Holdings
2836,Risk Analyst,2025-12-24,122.91466666666668,Hồ Chí Minh,Trusting Social
2837,Global Service Desk,2025-12-24,27.0,Hồ Chí Minh,SPS Vietnam Company .
2838,Database Reliability Engineer,2025-12-21,80.0,Hồ Chí Minh,Vietnamworks' Client
2839,IT Security & Support Engineer,2025-12-21,168.56821428571428,Hà Nội,Navigos Search's Client
2840,ERP Application Engineer,2025-12-21,40.5,Hải Phòng,Navigos Search's Client
2841,Java Developer,2025-12-21,25.65,Hồ Chí Minh,Datawings
2842,Quality Assurance Manager,2026-01-13,29.210659898477157,Hồ Chí Minh,Công Ty Dược Phẩm Pharmacity
2843,"B2B Sales Leader/Software Sales Team Leader, Income 15 40 Million, Off Saturday & Sunday",2025-12-17,40.0,Hồ Chí Minh,CNV HOLDINGS
2844,Senior Telecom Operation Specialist,2025-12-21,40.5,Hồ Chí Minh,FE CREDIT
2845,Cloud System Operations,2025-12-21,54.0,Hồ Chí Minh,FE CREDIT
2846,Senior Data Analyst,2025-12-20,40.5,Hồ Chí Minh,Công Ty Việt Tinh Anh
2847,Senior Technical Consultant,2026-01-09,29.210659898477157,Hồ Chí Minh,CANDYLIO
2848,Business Solutions & Information System Director,2026-01-11,29.210659898477157,Hồ Chí Minh,CÔNG TY TRÁCH NHIỆM HỮU HẠN FM SUPPLY CHAIN VIỆT NAM
2849,Senior IT Network Engineer,2025-12-18,29.210659898477157,Hồ Chí Minh,CÔNG TY GIẢI PHÁP GENE GENE SOLUTIONS
2850,IT technical staff,2025-12-17,29.210659898477157,Hồ Chí Minh,Shinpoong Daewoo Pharma
2851,ERP software implementation consultant,2025-12-17,30.0,Hồ Chí Minh,Công nghệ và Giải pháp Omega
2852,RM English Specialist,2025-12-26,29.210659898477157,Hồ Chí Minh,NGÂN HÀNG TMCP NGOẠI THƯƠNG VIỆT NAM (VIETCOMBANK)
2853,Sales Director,2025-12-26,29.210659898477157,Hồ Chí Minh,Công Ty Netcab
2854,Senior SAP ABAP Developer,2025-12-15,29.210659898477157,Hồ Chí Minh,Teamwork Vietnam
2855,Application Development Specialist - Mobile & Web Full Stack Developer,2025-12-10,35.0,Hồ Chí Minh,Tập Đoàn Đất Xanh
2856,ERP Application Supervisor,2025-12-10,29.210659898477157,Hồ Chí Minh,MINTHACARE
2857,Account Manager,2025-12-09,30.0,Hồ Chí Minh,Công ty Đầu Tư TM và Phát Triển Công Nghệ FSI
2858,Application Development Manager/ Java Lead,2026-01-07,29.210659898477157,Hồ Chí Minh,Công Ty Uniben
2859,SAP SALES MANAGER,2026-01-03,29.210659898477157,Hồ Chí Minh,CÔNG TY CÔNG NGHỆ CITEK
2860,Ho Chi Minh City Sales Officer Income up to 25 million,2025-11-27,25.0,Hồ Chí Minh,CÔNG TY GIẢI PHÁP VÀ CÔNG NGHỆ VIETNIX
2861,SAP Sales Executive,2026-01-13,42.932460732984296,Hà Nội,CÔNG TY CÔNG NGHỆ CITEK
2862,Senior Backend Developer,2025-12-21,31.5,Hồ Chí Minh,HD SAISON Finance
2863,SOC ENGINEER,2025-12-21,29.210659898477157,Hồ Chí Minh,Công Ty Vacxin Việt Nam
2864,IT Helpdesk staff Japanese N3,2025-12-20,17.0,Hồ Chí Minh,CADIAN VIETNAM
2865,Solution Consulting,2025-12-27,29.210659898477157,Hồ Chí Minh,QTSC MTV PHÁT TRIỂN CÔNG VIÊN PHẦN MỀM QUANG TRUNG
2866,IT Solution Consulting Engineer,2025-12-19,29.210659898477157,Hồ Chí Minh,Viettel CHT
2867,Software Sales Executive,2026-01-13,29.210659898477157,Hồ Chí Minh,OMN1 Solution
2868,IT Helpdesk,2025-12-17,14.0,Hồ Chí Minh,DIGI TEXX VIETNAM
2869,HEAD OF DATA DEPARTMENT,2026-01-15,29.210659898477157,Hồ Chí Minh,Bảo mật
2870,ERP ADMINISTRATOR,2026-01-09,29.210659898477157,Hồ Chí Minh,Bodynits Tiền Giang
2871,HEAD OF AI DEPARTMENT,2026-01-15,29.210659898477157,Hồ Chí Minh,Tập Đoàn CT Group Việt Nam
2872,IT team leader,2025-12-29,30.0,Hồ Chí Minh,CÔNG TY THƯƠNG MẠI DỊCH VỤ SẢN XUẤT HƯƠNG THỦY
2873,Platform Engineering,2025-12-15,29.210659898477157,Hồ Chí Minh,Công Ty Vàng Bạc Đá Quý Phú Nhuận PNJ
2874,SAP system operations specialist,2026-01-14,29.210659898477157,Hồ Chí Minh,BETRIMEX Công Ty Xuất Nhập Khẩu Bến Tre
2875,Software Deployment Operations Officer,2025-12-15,15.0,Hồ Chí Minh,BETRIMEX Công Ty Xuất Nhập Khẩu Bến Tre
2876,ATS Software Development Engineer,2025-12-10,29.210659898477157,Hồ Chí Minh,CÔNG NGHIỆP MINDA VIỆT NAM
2877,Senior Data Analyst,2025-11-22,40.5,Hồ Chí Minh,CÔNG TY DI CHUYỂN VÀ THÔNG MINH GSM
2878,Software Implementation Consultant / Senior Software Consultant,2026-01-13,29.210659898477157,Hồ Chí Minh,OMN1 Solution
2879,Instructional Designer,2026-01-13,29.210659898477157,Hồ Chí Minh,Simpson Strong Tie Viet Nam
2880,Data Engineer ISC,2025-12-21,29.210659898477157,Hồ Chí Minh,CÔNG TY DƯỢC PHẨM FPT LONG CHÂU
2881,DevOps,2025-12-21,29.210659898477157,Hồ Chí Minh,CÔNG TY DƯỢC PHẨM FPT LONG CHÂU
2882,Data Engineer Information Technology Division,2026-01-05,42.932460732984296,Hà Nội,Ngân Hàng TMCP Quân Đội
2883,Solution development engineer Oracle Database Developer Information Technology Department,2026-01-05,42.932460732984296,Hà Nội,Ngân Hàng TMCP Quân Đội
2884,IT staff,2025-12-15,15.0,Hưng Yên,Công Ty XNK Hóa Chất & Thiết Bị Kim Ngưu
2885,System Operations Specialist,2025-12-15,42.932460732984296,Hà Nội,Tổng Công Ty Bảo Hiểm Ngân Hàng TMCP Công Thương Việt Nam
2886,IT NETWORK ENGINEER,2025-12-15,18.615384615384617,Bình Dương,CRYSTAL ELEGANCE TEXTILES VIỆT NAM
2887,Head of Computer Vision Technology Department Head of Computer Vision Technology Department IT Department,2025-12-15,42.932460732984296,Hà Nội,Ngân Hàng TMCP Quân Đội
2888,Data Scientist Expert Hanoi,2025-12-15,42.932460732984296,Hà Nội,Ngân Hàng TMCP Việt Nam Thịnh Vượng VPBANK
2889,"Manual Tester Software Testing Specialist, Information Technology Department",2025-12-29,42.932460732984296,Hà Nội,Ngân Hàng TMCP Quân Đội
2890,Data center director of IT Department,2025-12-14,42.932460732984296,Hà Nội,Ngân hàng TMCP Đại Chúng Việt Nam PVcomBank
2891,Senior AI Expert Information Technology Division,2025-12-14,42.932460732984296,Hà Nội,Ngân Hàng TMCP Quân Đội
2892,AI Expert Information Technology Division,2025-12-14,42.932460732984296,Hà Nội,Ngân Hàng TMCP Quân Đội
2893,IT staff,2025-12-13,33.333333333333336,Bắc Ninh,Chi nhánh Công ty ITL Logistics tại phía Bắc
2894,Senior AI Engineer Information Technology Department,2025-12-13,42.932460732984296,Hà Nội,Ngân Hàng TMCP Quân Đội
2895,Business Analyst,2025-12-13,25.0,Hà Nội,CÔNG TY TIN HỌC VIỄN THÔNG HÀNG KHÔNG AITS
2896,Basel project PMO team specialist,2025-12-22,42.932460732984296,Hà Nội,NGÂN HÀNG TMCP NGOẠI THƯƠNG VIỆT NAM (VIETCOMBANK)
2897,Product Owner Web3,2025-12-07,55.0,Hà Nội,Công ty Tập đoàn Meey Land
2898,Product Management and Coordination Officer,2025-12-07,42.932460732984296,Hà Nội,Công Ty Giải Pháp Thanh Toán Việt Nam (VNPAY)
2899,Test Leader Fuel Level Sensor Design,2026-01-01,35.0,Hà Nội,CÔNG TY ĐIỆN TỬ SOJI
2900,Market Sales/Direct Sales Officer,2025-12-22,50.0,Hồ Chí Minh,FINAN (Sổ Bán Hàng)
2901,Application Administration and Data Mining Specialist,2025-12-20,42.932460732984296,Hà Nội,Chứng khoán Ngân hàng TMCP Ngoại thương Việt Nam (VCBS Vietcombank Securities)
2902,SAP Operations Support Specialist,2025-12-20,42.932460732984296,Hà Nội,Công Ty Quốc Tế Sơn Hà
2903,Business Analyst,2025-12-19,20.0,Hà Nội,Công Ty Giải Pháp Thanh Toán Việt Nam (VNPAY)
2904,AI ENGINEER,2025-12-19,42.932460732984296,Hà Nội,Công Ty Giải Pháp Thanh Toán Việt Nam (VNPAY)
2905,IT HELPDESK,2025-12-19,42.932460732984296,Hà Nội,Saint Gobain Vietnam
2906,Digital Transformation & Process Optimization Specialist,2025-12-19,18.615384615384617,Bình Dương,DỆT LIÊN CHÂU
2907,"Specialist/Expert/Director of Business Planning & Analysis, Personal Banking Division",2026-01-08,42.932460732984296,Hà Nội,Ngân Hàng TMCP Tiên Phong (TPBank)
2908,Software system administrator/Software system administrator and database administrator,2025-12-16,42.932460732984296,Hà Nội,Chứng khoán Ngân hàng TMCP Ngoại thương Việt Nam (VCBS Vietcombank Securities)
2909,Specialist in Automation software development and AI applications,2025-12-16,42.932460732984296,Hà Nội,Chứng khoán Ngân hàng TMCP Ngoại thương Việt Nam (VCBS Vietcombank Securities)
2910,Business Analyst,2025-12-15,35.0,Hà Nội,Công ty Mỹ phẩm Quốc tế Thùy Dung
2911,IT infrastructure engineer,2026-01-14,37.18351822503962,Quảng Nam,ĐIỆN KHÍ QUỐC QUANG
2912,Software system administrator/Software system administrator and database administrator,2026-01-14,42.932460732984296,Hà Nội,Chứng khoán Ngân hàng TMCP Ngoại thương Việt Nam (VCBS Vietcombank Securities)
2913,SEO Staff and Website Administrator,2026-01-11,15.0,Dak Lak,Trần Văn Châu
2914,Network Administration Specialist,2025-12-07,42.932460732984296,Hà Nội,Ngân Hàng Thương Mại Bảo Việt
2915,Infrastructure Management Specialist,2025-12-07,42.932460732984296,Hà Nội,Ngân Hàng Thương Mại Bảo Việt
2916,Product management specialist,2026-01-06,40.0,Hà Nội,Công Ty Giải Pháp Thanh Toán Việt Nam (VNPAY)
2917,System Administration Specialist,2026-01-06,40.0,Hà Nội,Công Ty Giải Pháp Thanh Toán Việt Nam (VNPAY)
2918,UX UI Designer,2025-12-26,42.932460732984296,Hà Nội,Microtec Việt Nam
2919,Advertising Designer,2026-01-13,15.0,Hà Nội,Công ty giải pháp NHK
2920,Business Analyst CRM,2025-12-21,42.932460732984296,Hà Nội,Công ty Chứng khoán DNSE
2921,IT Staff,2025-12-21,18.615384615384617,Bình Dương,HUMAN POWER
2922,Head of Sales Department,2025-12-21,25.0,Hồ Chí Minh,THƯƠNG MẠI DỊCH VỤ KỸ THUẬT TẦM NHÌN
2923,"IT project manager with Japanese 27096 Thanh My Tay, HCM",2025-12-20,50.0,Hồ Chí Minh,Reeracoen Việt Nam
2924,Digital Channel Operations Management & Data Analysis Specialist,2025-12-20,25.0,Hà Nội,TẬP ĐOÀN Y TẾ VIỆT NGA
2925,Head of Sales Team,2026-01-06,40.0,Hồ Chí Minh,Tập Đoàn CT Group Việt Nam
2926,AI Content Creator,2025-12-20,30.0,Hồ Chí Minh,HQ SING
2927,IT department CV/CVC/CVCC Information security testing,2026-01-03,42.932460732984296,Hà Nội,Ngân hàng TMCP Lộc Phát Việt Nam (LPBank)
2928,Senior Product Owner,2026-01-09,29.210659898477157,Hồ Chí Minh,Công Ty Tập Đoàn KIDO
2929,PROCESS ANALYST SPECIALIST,2025-12-26,29.210659898477157,Hồ Chí Minh,Liên Hiệp HTX Thương Mại TPHCM SAIGON CO.OP
2930,CO.OPMART COMPUTER STAFF NEEDED HOURS,2026-01-09,29.210659898477157,Hồ Chí Minh,Liên Hiệp HTX Thương Mại TPHCM SAIGON CO.OP
2931,DEPUTY DIRECTOR OF LIGHT ELECTRICAL MAINTENANCE,2025-12-29,25.0,Hồ Chí Minh,CÔNG TY THƯƠNG MẠI DỊCH VỤ SAO NAM AN
2932,BUSINESS ANALYST SPECIALIST,2025-12-29,25.0,Hà Nội,Công ty đầu tư phát triển máy Việt Nam
2933,"Team Lead, DevOps Engineer",2026-01-05,29.210659898477157,Hồ Chí Minh,California Wellness Group
2934,"Team Lead, Database Management & Data Analytics",2026-01-05,29.210659898477157,Hồ Chí Minh,California Wellness Group
2935,Senior Software Engineer – CRM & ERP Systems,2025-12-19,29.210659898477157,Hồ Chí Minh,California Wellness Group
2936,P. CVCC Data Science Data Science,2026-01-05,29.210659898477157,Hồ Chí Minh,Ngân Hàng TMCP Phương Đông OCB
2937,Quality Control Officer – QC,2025-12-19,14.0,Đồng Nai,VĂN PHÒNG ĐẠI DIỆN AMREP VIỆT NAM TẠI THÀNH PHỐ HÀ NỘI
2938,Senior Risk Analytics Specialist,2026-01-12,29.210659898477157,Hồ Chí Minh,FE CREDIT
2939,Senior Data Engineer TNTech 2V047,2026-01-02,45.0,Hà Nội,Tập đoàn ROX (ROX Group)
2940,Senior Business Analyst TNTech 2V045,2026-01-02,45.0,Hà Nội,Tập đoàn ROX (ROX Group)
2941,IT Network employee,2025-12-18,15.0,Hồ Chí Minh,Phan Bách Refrigeration
2942,.NET programmer,2025-12-18,29.210659898477157,Hồ Chí Minh,Phan Bách Refrigeration
2943,Data Engineer Executive,2025-12-28,42.932460732984296,Hà Nội,Công Ty Tập Đoàn TH
2944,Lead Data Engineer,2025-12-28,29.210659898477157,Hồ Chí Minh,Viet Thai International
2945,Mobile Developer Information Technology Division,2025-12-28,42.932460732984296,Hà Nội,Ngân Hàng TMCP Quân Đội
2947,FullStack Developer Information Technology Division,2025-12-28,42.932460732984296,Hà Nội,Ngân Hàng TMCP Quân Đội
2948,Database Administration Specialist Database Administrator Information Technology Department,2025-12-28,42.932460732984296,Hà Nội,Ngân Hàng TMCP Quân Đội
2949,Business Analyst,2026-01-04,42.932460732984296,Hà Nội,CÔNG TY PHÁT TRIỂN BẤT ĐỘNG SẢN VĂN PHÚ
2950,Software engineer – Information Technology Center,2026-01-04,42.932460732984296,Hà Nội,ĐẠI HỌC PHENIKAA
2951,Project Management Officer of IT Project Department,2026-01-04,42.932460732984296,Hà Nội,Tổng Công ty Bảo hiểm Ngân hàng Đầu tư và Phát triển Việt Nam (BIC)
2952,Risk Modeling Operations Senior Specialist,2026-01-04,29.210659898477157,Hồ Chí Minh,FE CREDIT
2953,Full Stack Developer Team Lead,2025-12-18,29.210659898477157,Hồ Chí Minh,California Wellness Group
2954,"Team Leader, Service Delivery",2026-01-11,29.210659898477157,Hồ Chí Minh,Công Ty Đầu Tư Nam Long
2955,IT APPLICATION & OPERATIONS TEAM LEADER,2025-12-27,29.210659898477157,Hồ Chí Minh,Công Ty Avanti Group
2956,CVCC/CVC Digital Banking Products Corporate Customers,2025-12-17,42.932460732984296,Hà Nội,Ngân Hàng TMCP Tiên Phong (TPBank)
2957,Business Analyst,2025-12-27,20.0,Hồ Chí Minh,Bảo mật
2958,SAP BASIS CONSULTANT,2025-12-27,60.0,Hồ Chí Minh,Teamwork Vietnam
2959,R&D Software Senior Engineer/ Supervisor,2025-12-27,58.6,Hưng Yên,Panasonic Appliances Vietnam
2960,R&D Software Design Engineer,2025-12-27,58.6,Hưng Yên,Panasonic Appliances Vietnam
2961,Software Engineering Manager,2025-12-27,29.210659898477157,Hồ Chí Minh,Tập Đoàn CT Group Việt Nam
2962,CyberSecurity Engineer,2025-12-27,29.210659898477157,Hồ Chí Minh,Tập Đoàn CT Group Việt Nam
2963,Data Engineer,2025-12-27,40.0,Hồ Chí Minh,Tập Đoàn CT Group Việt Nam
2964,"Expert, Senior Specialist, Application Architecture, Solution Architect, Information Technology Department",2025-12-27,42.932460732984296,Hà Nội,Ngân Hàng TMCP Quân Đội
2965,MB Trainee AI Engineer Information Technology Division,2025-12-27,42.932460732984296,Hà Nội,Ngân Hàng TMCP Quân Đội
2966,MB Trainee BackEnd Engineer Information Technology Division,2025-12-27,42.932460732984296,Hà Nội,Ngân Hàng TMCP Quân Đội
2967,BackEnd Engineer Information Technology Division,2025-12-27,42.932460732984296,Hà Nội,Ngân Hàng TMCP Quân Đội
2968,FullStack Developer Information Technology Division,2025-12-27,42.932460732984296,Hà Nội,Ngân Hàng TMCP Quân Đội
2969,AI Engineer Information Technology Division,2025-12-27,42.932460732984296,Hà Nội,Ngân Hàng TMCP Quân Đội
2970,BackEend Engineer Information Technology Division,2025-12-27,42.932460732984296,Hà Nội,Ngân Hàng TMCP Quân Đội
2972,Senior Risk Modeling Specialist,2026-01-03,42.932460732984296,Hà Nội,Ngân Hàng TMCP Sài Gòn Hà Nội ( SHB )
2973,CRM MANAGER,2026-01-10,29.210659898477157,Hồ Chí Minh,Thương Mại Dịch Vụ Xuất Nhập Khẩu The Vigo
2974,Test Engineer/ Test Engineer,2025-12-17,29.210659898477157,Hồ Chí Minh,LITETRACE VIET NAM CO.
2975,Mobile APP Developer,2026-01-10,29.210659898477157,Hồ Chí Minh,LITETRACE VIET NAM CO.
2976,MCU Software Engineer,2026-01-10,29.210659898477157,Hồ Chí Minh,LITETRACE VIET NAM CO.
2977,Computer Sales Staff Competitive salary from 12 to 20 million,2025-12-31,20.0,Hà Nội,TMDV & PTTT TÂN PHÁT
2978,IT Service Desk Technician,2025-12-16,33.0,Hà Nội,TALENTNET CORPORATION
2979,Business Analyst,2025-12-16,30.0,Hà Nội,Công ty CANIFA
2980,ERP developer,2025-12-26,18.615384615384617,Bình Dương,Phuc Thang Fine Furniture
2981,Data Engineer Leader,2026-01-02,29.210659898477157,Hồ Chí Minh,Công Ty TARA
2982,Fulltime Odoo Developer with experience,2026-01-02,22.0,Hồ Chí Minh,Nobiware
2983,C++ / C# Talented Developers,2025-12-30,60.0,Hà Nội,Bảo mật
2984,CV/CVC/CVCC Operate the Business Administration application,2025-12-30,42.932460732984296,Hà Nội,Ngân hàng TMCP Lộc Phát Việt Nam (LPBank)
2985,ABAP programming expert,2026-01-15,29.210659898477157,Hồ Chí Minh,Công ty Nông nghiệp BAF Việt Nam
2986,IT Helpdesk,2025-12-31,14.0,Hồ Chí Minh,DỊCH VỤ THỰC PHẨM VÀ GIẢI KHÁT VIỆT NAM VFBS
2987,Devops Engineer,2026-01-15,28.0,Hồ Chí Minh,LacViet Computing Corporation
2988,IT Staff,2026-01-14,58.6,Hưng Yên,Panasonic Appliances Vietnam
2989,Junior Product Specialist,2026-01-14,20.0,Hà Nội,Công ty Phân Phối Việt Nét
2990,Head of Distribution Sales Department No. 2,2026-01-14,42.932460732984296,Hà Nội,Xu hướng Công nghệ số DGT
2991,Sales Staff Distributing Computer Components,2025-12-15,42.932460732984296,Hà Nội,Xu hướng Công nghệ số DGT
2992,Product Manager,2026-01-14,40.0,Hà Nội,Công ty Phân Phối Việt Nét
2993,Head of Market Research and Development Team,2025-12-25,40.0,Hà Nội,Công ty CANIFA
2994,Senior DevOps,2025-12-25,29.210659898477157,Hồ Chí Minh,Tập Đoàn CT Group Việt Nam
2995,QUALITY MANAGEMENT SPECIALIST,2025-12-25,29.210659898477157,Hồ Chí Minh,CÔNG TY CÔNG NGHỆ FINVIET
2996,"Senior Engineer, Electric Motor Control Software",2026-01-01,29.210659898477157,Hồ Chí Minh,Tập Đoàn CT Group Việt Nam
2997,Solution Architect Supervisor,2026-01-01,29.210659898477157,Hồ Chí Minh,HD SAISON Finance
2998,Data Scientist,2025-12-15,29.210659898477157,Hồ Chí Minh,T.M.G
2999,Seasonal sales accountant,2025-12-14,10.0,Hồ Chí Minh,NHÂN SINH PHÚC (NSP .)
3000,AI Engineer,2025-12-14,50.0,Hà Nội,Công ty Tập đoàn Austdoor
3001,Business Analyst,2026-01-12,15.0,Đà Nẵng,Công ty Đầu Tư TM và Phát Triển Công Nghệ FSI
3002,Presale/ IT Solution Consulting Engineer,2026-01-12,29.210659898477157,Hồ Chí Minh,PHÁT TRIỂN CÔNG NGHỆ MIỀN NAM
3003,Scrum Master Transformation Block,2026-01-12,42.932460732984296,Hà Nội,Ngân Hàng TMCP Sài Gòn Hà Nội ( SHB )
3004,Camera Surveillance Officer,2025-12-13,15.0,Hồ Chí Minh,CÔNG TY TRANSIMEX
3005,Northern Distribution Channel Business Management,2026-01-11,15.0,Hà Nội,Acer Việt Nam
3006,Frontend programmer,2025-12-12,25.0,Hà Nội,Công ty IIG Việt Nam
3007,Senior Application Operation Specialist,2026-01-11,40.5,Hồ Chí Minh,FE CREDIT
3008,Senior ERP manager,2026-01-11,29.210659898477157,Hồ Chí Minh,MTV CHẾ TÁC VÀ KINH DOANH TRANG SỨC PNJ
3009,ELECTRICAL CONSTRUCTION TECHNIQUE – LIGHT ELECTRICAL,2025-12-22,17.0,Hồ Chí Minh,TM DV XUẤT NHẬP KHẨU NAM THẮNG
3010,"Motion designer 27027 District 1, HCM",2025-12-22,30.0,Hồ Chí Minh,Reeracoen Việt Nam
3011,IT Web & Automation Specialist,2025-12-11,28.0,Hồ Chí Minh,CÔNG TY INFIPOWER
3012,DEPUTY DIRECTOR OF IT HARDWARE,2025-12-11,29.210659898477157,Hồ Chí Minh,CÔNG TY TRÁCH NHIỆM HỮU HẠN SÀI GÒN PRECISION
3013,"Customer Management 27048 District 4, HCM",2026-01-10,20.0,Hồ Chí Minh,Reeracoen Việt Nam
3014,R&D Engineer,2025-12-11,29.210659898477157,Hồ Chí Minh,CÔNG TY DƯỢC PHẨM FPT LONG CHÂU
3015,Data Intelligence Analyst,2025-12-11,29.210659898477157,Hồ Chí Minh,RED2 DIGITAL
3016,Motion Designer,2025-12-10,50.0,Hồ Chí Minh,QUICK VIỆT NAM
3017,Senior Specialist in Stock Trading Product Development,2025-12-10,42.932460732984296,Hà Nội,Công Ty Chứng Khoán VNDIRECT
3018,Senior/Middle QA/QC Engineer,2025-12-27,29.210659898477157,Hồ Chí Minh,Tập Đoàn CT Group Việt Nam
3019,Scrum Master,2025-12-09,29.210659898477157,Hồ Chí Minh,CÔNG TY DƯỢC PHẨM FPT LONG CHÂU
3020,ERP BUSINESS ANALYST SPECIALIST,2025-12-09,30.0,Hà Nội,Công ty CANIFA
3021,Business Analysis Process Automation,2025-12-09,30.0,Hà Nội,Công ty CANIFA
3022,Head of IT Department Information Technology,2025-12-09,60.0,Hà Nội,Công Ty A25 Hotel
3023,AI Engineer,2025-12-09,18.0,Hồ Chí Minh,Công Ty Tài Việt (Vietstock.vn)
3024,Data Governance Manager,2025-12-08,42.932460732984296,Hà Nội,LOTTE FINANCE VIETNAM
3025,Data Governance Expert,2025-12-08,42.932460732984296,Hà Nội,LOTTE FINANCE VIETNAM
3026,Sales Executive,2026-01-07,40.5,Hồ Chí Minh,"Iconic Co.,"
3027,Information Technology Auditor,2026-01-07,42.932460732984296,Hà Nội,Tổng Công ty Bảo hiểm Quân đội (MIC)
3028,"PLC, ROBOT Programming Engineer",2026-01-07,42.932460732984296,Hà Nội,Công ty Giải pháp Tự động hóa ETEK
3029,Binh Duong Power Platform development engineer,2026-01-07,18.0,Bình Dương,POLYTEX FAR EASTERN
3030,IT Developer,2025-12-08,29.210659898477157,Hồ Chí Minh,T.M.G
3031,Developer staff,2025-12-07,25.0,Hà Nội,Công ty đầu tư phát triển máy Việt Nam
3032,Quality Control LOS,2025-12-07,43.2,Hồ Chí Minh,FE CREDIT
3034,Legal Counsel,2026-01-06,35.0,Hà Nội,Công ty Tập đoàn Meey Land
3035,124001 C# Senior/Tech Leader IT,2025-12-06,100.0,Hồ Chí Minh,RGF HR Agent Vietnam
3036,Product Owner ISC,2026-01-05,29.210659898477157,Hồ Chí Minh,CÔNG TY DƯỢC PHẨM FPT LONG CHÂU
3037,"HO Head of Technology and Card Risk Management, Risk Management Division",2026-01-05,29.210659898477157,Hồ Chí Minh,Ngân Hàng TMCP Phương Đông OCB
3038,ERP BUSINESS ANALYST SPECIALIST,2026-01-05,30.0,Hà Nội,Công ty CANIFA
3039,Senior Specialist/Risk Expert operating in IT Risk Management Division,2026-01-05,42.932460732984296,Hà Nội,Ngân Hàng TMCP Quốc Dân (NCB)
3040,R&D Mechanical Engineer/ Senior Engineer/ Supervisor,2026-01-04,58.6,Hưng Yên,Panasonic Appliances Vietnam
3041,IT Business Analyst,2025-12-05,29.210659898477157,Hồ Chí Minh,Công Ty Tài Chính Mirae Asset
3042,Senior Integration Engineer,2025-12-04,29.210659898477157,Hồ Chí Minh,Công Ty Vàng Bạc Đá Quý Phú Nhuận PNJ
3043,System Engineer,2025-12-04,45.0,Hà Nội,CÔNG TY TÀI CHÍNH NGÂN HÀNG TMCP SÀI GÒN HÀ NỘI (SHBFinance)
3044,Senior specialist in project management office transformation,2026-01-03,42.932460732984296,Hà Nội,Ngân hàng TMCP Đại Chúng Việt Nam PVcomBank
3045,IT ERP,2025-12-04,29.210659898477157,Hồ Chí Minh,Mitsubishi Electric Vietnam
3046,Deputy Chief Information Technology Officer,2025-12-04,29.210659898477157,Hồ Chí Minh,CÔNG TY TÀI CHÍNH NGÂN HÀNG TMCP SÀI GÒN HÀ NỘI (SHBFinance)
3047,Medical Data Operation & Analysis Specialist,2025-12-04,29.210659898477157,Hồ Chí Minh,CÔNG TY GIẢI PHÁP GENE GENE SOLUTIONS
3048,Junior IT staff,2025-12-04,29.210659898477157,Hồ Chí Minh,Công ty Giáo dục Quốc tế Việt Úc
3049,FE React JS,2025-12-04,29.210659898477157,Hồ Chí Minh,CÔNG TY DƯỢC PHẨM FPT LONG CHÂU
3050,Facebook Ads Staff,2025-12-03,42.932460732984296,Hà Nội,Hệ thống Y tế Thu Cúc
3051,Senior Product Manager Saas Applications,2025-12-03,29.210659898477157,Hồ Chí Minh,DREAM TALENT
3052,Senior AI Prompt Engineer,2025-12-03,29.210659898477157,Hồ Chí Minh,Công Ty Vàng Bạc Đá Quý Phú Nhuận PNJ
3053,Middle UI/UX Designer,2025-12-03,29.210659898477157,Hồ Chí Minh,Tập Đoàn CT Group Việt Nam
3054,SOFTWARE APPLICATION DEVELOPMENT PROGRAMMER,2025-12-02,29.210659898477157,Hồ Chí Minh,Tổng công ty Bảo Minh
3055,Frontend Developer,2025-12-02,25.0,Hồ Chí Minh,CÔNG TY GREEN SPEED
3056,IT sales specialist Fixed salary from 8 to 12 million,2025-12-01,20.0,Hồ Chí Minh,THƯƠNG MẠI DỊCH VỤ KỸ THUẬT TẦM NHÌN
3057,Senior Frontend Developer,2025-12-01,29.210659898477157,Hồ Chí Minh,HD SAISON Finance
3058,Data Engineer Information Technology Division,2025-12-31,42.932460732984296,Hà Nội,Ngân Hàng TMCP Quân Đội
3059,IT specialist,2025-12-01,17.0,Hà Nội,CÔNG TY THỰC PHẨM HỮU NGHỊ
3060,Server Administrator,2025-12-31,29.210659898477157,Hồ Chí Minh,Belleza Việt Nam
3061,Software system administrator/Software system administrator and database administrator,2025-11-30,42.932460732984296,Hà Nội,Chứng khoán Ngân hàng TMCP Ngoại thương Việt Nam (VCBS Vietcombank Securities)
3062,CVCC Representative of business unit SI MSB 3K029,2025-11-30,35.0,Hà Nội,Ngân hàng Thương mại Hàng Hải Việt Nam (MSB)
3063,BI Specialist,2025-12-30,42.932460732984296,Hà Nội,CÔNG TY CASPER VIỆT NAM
3064,Senior Data Engineer ID594,2025-12-30,42.932460732984296,Hà Nội,Ngân Hàng TMCP Việt Nam Thịnh Vượng VPBANK
3065,AI Engineer,2025-12-30,35.0,Hà Nội,Công ty CANIFA
3066,Scrum Master/Agile Coach SI MSB 3I119,2025-11-29,42.932460732984296,Hà Nội,Ngân hàng Thương mại Hàng Hải Việt Nam (MSB)
3067,Planning Officer,2025-11-29,30.0,Bắc Ninh,INTELLIGENT MANUFACTURING JUSTECH VIỆT NAM
3068,System engineer in Hanoi,2025-12-29,17.0,Đà Nẵng,TÍCH HỢP HỆ THỐNG NHT
3069,Project Records Officer,2025-11-29,17.0,Đà Nẵng,TÍCH HỢP HỆ THỐNG NHT
3070,Director of the Legal Department Head of Legal,2025-12-29,90.0,Hà Nội,Công ty Tập đoàn Meey Land
3071,Assistant General Director,2025-12-29,30.0,Hà Nội,Công ty Tập đoàn Meey Land
3072,"Field supervision engineer in Hanoi, Vung Tau, Phu Quoc",2025-12-29,17.0,Hà Nội,TÍCH HỢP HỆ THỐNG NHT
3073,Programmer,2025-11-29,15.0,Hồ Chí Minh,Công ty Giải pháp và Truyền thông VTVBroadcom
3074,Expert Backend Developer,2025-11-28,29.210659898477157,Hồ Chí Minh,Công Ty Vàng Bạc Đá Quý Phú Nhuận PNJ
3075,INFORMATION TECHNOLOGY MANAGER,2025-11-27,29.210659898477157,Hồ Chí Minh,Công Ty Vacxin Việt Nam
3076,Senior Data Security Specialist Data Division Senior Data Security Data Division Data Division,2025-12-27,42.932460732984296,Hà Nội,Ngân Hàng TMCP Quân Đội
3077,Product Development Specialist Digital Enterprise Factory Product Development Specialist Digital Enterprise Factory Digital Banking Division,2025-12-27,42.932460732984296,Hà Nội,Ngân Hàng TMCP Quân Đội
3078,Business Development Executive,2025-11-27,29.210659898477157,Hồ Chí Minh,SCRD
3079,Production line leader,2025-11-26,18.615384615384617,Bình Dương,CÔNG TY ZIONCOM
3080,Deputy Market Research and Analysis Department,2025-11-25,30.0,Hồ Chí Minh,ALL VALUE INSIGHT DATA
3081,Business Consulting,2025-11-25,29.210659898477157,Hồ Chí Minh,CyberLogitec Vietnam .
3082,Technology Architecture Specialist HO 2V041,2025-12-24,42.932460732984296,Hà Nội,Tập đoàn ROX (ROX Group)
3083,Information Technology Portfolio Management Specialist HO 2V040,2025-12-24,42.932460732984296,Hà Nội,Tập đoàn ROX (ROX Group)
3084,"Expert, Salesforce Developer",2025-11-23,20.0,Hồ Chí Minh,NGÂN HÀNG TMCP KỸ THƯƠNG VIỆT NAM (TECHCOMBANK)
3085,"Senior Officer, Information Security",2025-11-23,20.0,Hà Nội,NGÂN HÀNG TMCP KỸ THƯƠNG VIỆT NAM (TECHCOMBANK)
3086,Java Developer,2025-11-23,40.5,Hồ Chí Minh,FE CREDIT
3087,IT Presales Supervisor Good English,2025-12-23,29.210659898477157,Hồ Chí Minh,CÔNG TY GENERAL RESOURCES
3088,Head of Digital Lending,2025-12-23,42.932460732984296,Hà Nội,LOTTE FINANCE VIETNAM
3089,Trading Operations Officer,2025-11-22,42.932460732984296,Hà Nội,Công Ty Chứng Khoán VNDIRECT
3090,Data Analysis Team Leader – BI Analysis Leader,2025-12-22,42.932460732984296,Hà Nội,CÔNG TY TẬP ĐOÀN GELEX
3091,Senior Risk Specialist Ho Chi Minh ID447,2025-12-22,29.210659898477157,Hồ Chí Minh,Ngân Hàng TMCP Việt Nam Thịnh Vượng VPBANK
3092,IT training and documentation specialist,2025-12-22,25.0,Hà Nội,EuP Group
3093,District 7 Software Development Officer,2025-11-22,29.210659898477157,Hồ Chí Minh,POLYTEX FAR EASTERN
3094,Software Development Officer,2025-11-22,40.0,Hà Nội,Tổng Công ty Bảo hiểm Ngân hàng Đầu tư và Phát triển Việt Nam (BIC)
3095,"Expert, Site Reliability Engineering",2026-01-13,42.932460732984296,Hà Nội,NGÂN HÀNG TMCP KỸ THƯƠNG VIỆT NAM (TECHCOMBANK)
3096,Senior Frontend Engineer,2025-12-17,29.210659898477157,Hồ Chí Minh,Công Ty Dược Phẩm Pharmacity
3097,Electronics Technician Go to work immediately,2026-01-13,11.0,Hồ Chí Minh,CÔNG TY THIẾT BỊ VÀ ĐẦU TƯ BÁCH KHOA
3098,Data Scientist AI Engineer,2025-12-21,55.0,Hà Nội,SOCOTEC VIỆT NAM
3099,Head of Intelligent Manufacturing Department Chinese or English,2025-12-21,28.0,Bà Rịa - Vũng Tàu,ELECTRONIC TRIPOD VIỆT NAM (CHÂU ĐỨC)
3100,Junior CloudOps / SysOps Unix & Linux,2025-12-21,25.0,Hồ Chí Minh,Teamwork Vietnam
3101,SRE Site Reliability Engineer,2025-12-21,35.0,Hà Nội,Công ty Công nghệ UpBase
3102,Mechanical engineer.,2025-12-21,15.0,Hà Nội,TECOTEC Technology
3103,Head/Deputy Head of Information Security Department,2025-12-21,42.932460732984296,Hà Nội,CÔNG TY CHỨNG KHOÁN ASEAN
3104,Data Engineer CRM,2025-12-21,42.932460732984296,Hà Nội,Công ty Chứng khoán DNSE
3105,IT Sales Executive,2025-12-21,29.210659898477157,Hồ Chí Minh,CyberLogitec Vietnam .
3106,ERP specialist,2025-12-21,21.6,Long An,CÔNG TY NGUYÊN LIỆU Á CHÂU AIG
3107,Business Analysis Engineer,2025-12-21,23.0,Hà Nội,Tổng Công ty Công trình Viettel
3108,Flutter Developer,2025-12-21,24.0,Hà Nội,Công ty IIG Việt Nam
3109,Senior Risk Model Building Specialist Hanoi TA084,2025-12-21,42.932460732984296,Hà Nội,Ngân Hàng TMCP Việt Nam Thịnh Vượng VPBANK
3110,UI/UX Design Specialist,2025-12-21,29.210659898477157,Hồ Chí Minh,Công Ty Du lịch và Tiếp Thị GTVT Việt Nam Vietravel
3111,"Head of Network Engineering, Camera",2025-12-21,30.0,Hồ Chí Minh,THƯƠNG MẠI DỊCH VỤ KỸ THUẬT TẦM NHÌN
3112,"CV/CVCC Management, risk, compliance with information security",2025-12-21,42.932460732984296,Hà Nội,CÔNG TY TÀI CHÍNH NGÂN HÀNG TMCP SÀI GÒN HÀ NỘI (SHBFinance)
3113,mobile Developer,2025-12-21,29.210659898477157,Hồ Chí Minh,LacViet Computing Corporation
3114,Information Technology Engineer,2025-12-21,18.0,Kiên Giang,CÔNG TY SẢN XUẤT VÀ BẢO DƯỠNG THIẾT BỊ HÀNG KHÔNG
3115,Data Engineer – Data Engineer,2025-12-21,29.210659898477157,Hồ Chí Minh,Tập Đoàn CT Group Việt Nam
3116,Cu Mgar IT Specialist,2025-12-21,15.0,Dak Lak,Công Ty Vacxin Việt Nam
3117,Software QA & Testing Officer – Software QA & Testing Officer,2025-12-21,29.210659898477157,Hồ Chí Minh,Tập Đoàn CT Group Việt Nam
3118,ERP Operations Specialist,2025-12-21,37.18351822503962,Nghệ An,CÔNG TY Á CHÂU HOA SƠN
3119,Backend programmer,2025-12-31,29.210659898477157,Hồ Chí Minh,Công Ty Giải Pháp Thanh Toán Việt Nam (VNPAY)
3120,Application Development and Analysis Specialist,2026-01-10,20.0,Hồ Chí Minh,THẨM MỸ QUỐC TẾ LINH ANH
3121,NETWORK ADMINISTRATOR,2026-01-03,18.615384615384617,Bình Dương,TBS Land Công ty Đầu Tư Thái Bình
3122,Business Analyst cum Tester,2025-12-20,23.0,Hà Nội,Tổng Công ty Công trình Viettel
3123,DevOps Engineer,2025-12-20,29.210659898477157,Hồ Chí Minh,CÔNG TY INTEGRATED LOGISTICS VELA
3124,BI Analyst Data Analyst,2025-12-20,37.18351822503962,Cần Thơ,CÔNG TY TRÁCH NHIỆM HỮU HẠN TRUNG SƠN ALPHA (Hệ thống Nhà thuốc Trung Sơn)
3125,Mobile App Programmer,2025-12-20,37.18351822503962,Cần Thơ,CÔNG TY TRÁCH NHIỆM HỮU HẠN TRUNG SƠN ALPHA (Hệ thống Nhà thuốc Trung Sơn)
3126,Senior AI Engineer Hanoi TA139,2025-12-20,42.932460732984296,Hà Nội,Ngân Hàng TMCP Việt Nam Thịnh Vượng VPBANK
3127,Maintenance staff,2025-12-20,12.0,Hồ Chí Minh,CÔNG TY SAIGON INDOCHINE CRUISE
3128,Head of Compliance & Security Management Department,2025-12-20,29.210659898477157,Hồ Chí Minh,Công Ty Tập Đoàn Đầu Tư Địa Ốc No Va
3129,CVCC Hanoi Business Customer Analysis TA139,2025-12-20,42.932460732984296,Hà Nội,Ngân Hàng TMCP Việt Nam Thịnh Vượng VPBANK
3130,Senior Business Intelligence Analyst Corporate Banking Hanoi TA139,2025-12-20,42.932460732984296,Hà Nội,Ngân Hàng TMCP Việt Nam Thịnh Vượng VPBANK
3131,CVCC Business Analysis Hanoi Support Division TA139,2025-12-20,42.932460732984296,Hà Nội,Ngân Hàng TMCP Việt Nam Thịnh Vượng VPBANK
3132,Programming Teacher/Coding Teacher District 9,2025-12-20,65.0,Hồ Chí Minh,Wall Street English
3133,UX/UI Designer,2025-12-20,25.0,Hồ Chí Minh,CÔNG TY CITICS
3134,Ea tam IT Specialist,2025-12-20,15.0,Dak Lak,Công Ty Vacxin Việt Nam
3135,IT Engineering,2025-12-20,26.0,Hà Nội,Công Ty A25 Hotel
3136,IT SUPPORT,2025-12-20,14.0,Bình Dương,CRYSTAL ELEGANCE TEXTILES VIỆT NAM
3137,DATA ENGINEER,2025-12-20,30.0,Hà Nội,SCI Group
3138,Project Engineer,2025-12-20,18.0,Hà Nội,NETMARKS VIỆT NAM
3139,Business Analyst ERP,2025-12-13,25.0,Hà Nội,NHÀ SÁCH TIẾN THỌ
3140,General Human Resources Specialist,2026-01-08,42.932460732984296,Hà Nội,CÔNG TY ĐẦU TƯ VÀ PHÁT TRIỂN BẤT ĐỘNG SẢN HUDLAND
3141,Information Technology Specialist - Digital Transformation,2026-01-08,42.932460732984296,Hà Nội,CÔNG TY ĐẦU TƯ VÀ PHÁT TRIỂN BẤT ĐỘNG SẢN HUDLAND
3142,Data Analyst,2026-01-06,25.0,Hà Nội,Công ty CANIFA
3143,ODoo Python Programmer,2026-01-06,18.0,Hà Nội,Công ty CANIFA
3144,IT support staff,2026-01-06,17.0,Hà Nội,Công ty CANIFA
3145,ODoo Python Programmer,2026-01-06,30.0,Hà Nội,Công ty CANIFA
3146,AI Engineer,2026-01-06,35.0,Hà Nội,Công ty CANIFA
3147,BUSINESS ANALYST,2025-12-13,14.0,Hồ Chí Minh,HQ SING
3148,Web Platform & Tech Solutions Lead,2026-01-03,30.0,Hồ Chí Minh,HQ SING
3149,PROGRAMMING EXPERT,2026-01-03,16.0,Hồ Chí Minh,HQ SING
3150,Senior specialist in IT Application Deployment and Operation,2026-01-12,35.0,Hồ Chí Minh,Nova Service Group Công ty Tập đoàn Nova Services
3151,Technical Document Engineer,2025-12-19,29.210659898477157,Hồ Chí Minh,CÔNG TY GREMSY
3152,Senior specialist in IT Business Analysis Organization,2026-01-12,30.0,Hồ Chí Minh,Nova Service Group Công ty Tập đoàn Nova Services
3153,IT staff supports software operations,2026-01-09,17.0,Hà Nội,CÔNG TY CÔNG NGHIỆP WELDCOM
3154,Expert in organizing network administration of IT department,2026-01-12,20.0,Hồ Chí Minh,Nova Service Group Công ty Tập đoàn Nova Services
3155,Senior specialist in business system management Business Analyst,2026-01-09,29.210659898477157,Hồ Chí Minh,Nova Service Group Công ty Tập đoàn Nova Services
3156,Software Sales Executive,2026-01-09,50.0,Hồ Chí Minh,LacViet Computing Corporation
3157,SAP ABAP Developer Associate,2026-01-09,25.0,Hà Nội,Tập Đoàn Karofi Holding
3158,GAME PROGRAMMING GAME DEVELOPERS,2026-01-09,42.932460732984296,Hà Nội,Koei Tecmo Software Vietnam
3159,Urgently recruiting MKT Ads staff,2026-01-09,20.0,Hà Nội,Viện Thẩm mỹ y khoa Dr Hải Lê
3160,Paint color mixing technician,2026-01-09,14.0,Bình Dương,Sơn Seamaster Việt Nam
3161,Junior Technical Consultant,2026-01-09,29.210659898477157,Hồ Chí Minh,CANDYLIO
3162,Business Data Analyst,2026-01-09,25.0,Hà Nội,CÔNG TY XUẤT NHẬP KHẨU VÀ THƯƠNG MẠI FOREVER
3163,Fullstack Developer,2026-01-09,42.932460732984296,Hà Nội,HR Vietnam’s ESS Client
3164,Digital Banking DevOps Specialist,2026-01-09,42.932460732984296,Hà Nội,Ngân Hàng TMCP Sài Gòn Hà Nội ( SHB )
3165,Business Analyst,2025-12-19,20.0,Hà Nội,Công ty đầu tư phát triển máy Việt Nam
3166,Head of the Digitalization Project Implementation Team,2025-12-19,65.0,Hồ Chí Minh,Công ty Đầu Tư TM và Phát Triển Công Nghệ FSI
3167,Project Team Leader.,2025-12-19,35.0,Hà Nội,Chương trình Học viện Công nghệ BKACAD
3168,Business Analyst BA Business Analyst,2025-12-19,18.0,Hà Nội,Chương trình Học viện Công nghệ BKACAD
3169,ERP BUSINESS ANALYST SPECIALIST,2025-12-19,30.0,Hà Nội,Công ty CANIFA
3170,Product Owner,2025-12-19,31.666666666666668,Hà Nội,NGÂN HÀNG TMCP KỸ THƯƠNG VIỆT NAM (TECHCOMBANK)
3171,ERP user support staff,2025-12-19,16.0,Hà Nội,Công ty CANIFA
3172,Data Analyst,2025-12-19,25.0,Hà Nội,Công ty CANIFA
3173,Professional Specialist,2025-12-19,15.0,Hà Nội,Công ty Tập đoàn Leeon Group
3174,ODoo Python Programmer,2025-12-19,30.0,Hà Nội,Công ty CANIFA
3175,AI Engineer,2025-12-19,35.0,Hà Nội,Công ty CANIFA
3176,IT support staff,2025-12-19,17.0,Hà Nội,Công ty CANIFA
3177,Service Operations Engineer,2025-12-19,15.0,Hà Nội,Công ty Tập đoàn Leeon Group
3178,Mid/Senior Manual Tester,2025-12-19,29.210659898477157,Hồ Chí Minh,Nova Service Group Công ty Tập đoàn Nova Services
3179,Digital Transformation Manager,2025-12-29,29.210659898477157,Hồ Chí Minh,HR Vietnam’s ESS Client
3180,Mobile Developer,2025-12-29,25.0,Hà Nội,Công ty Masscom Việt Nam
3181,System Operations & Maintenance Engineer,2025-12-29,20.0,Hà Nội,GTEL ICT
3182,Front End Developer,2025-12-29,35.0,Hà Nội,THỜI TRANG LINING CÔNG TY QUỐC TẾ HẢI LONG
3183,Business Analyst,2025-12-29,30.0,Hà Nội,THỜI TRANG LINING CÔNG TY QUỐC TẾ HẢI LONG
3184,Backend programmer,2025-12-29,42.932460732984296,Hà Nội,Công Ty Giải Pháp Thanh Toán Việt Nam (VNPAY)
3185,HO Specialist/Main expert/Senior expert in Financial data management,2025-12-29,42.932460732984296,Hà Nội,Ngân hàng TMCP Lộc Phát Việt Nam (LPBank)
3186,Senior DevOps Engineer,2025-12-29,29.210659898477157,Hồ Chí Minh,Công Ty Dược Phẩm Pharmacity
3187,Data Analyst,2025-12-26,15.0,Hà Nội,MANFUSI VIỆT NAM
3192,CVC System Administration,2026-01-05,42.932460732984296,Hà Nội,CÔNG TY TÀI CHÍNH TÍN DỤNG TIÊU DÙNG MTV AEON
3193,Debt Management Specialist Collection Management Officer Debt Collection Department,2026-01-05,42.932460732984296,Hà Nội,Công Ty Tài Chính MB SHINSEI (MCREDIT)
3194,Senior Debt Management Specialist Senior Collection Management Officer Debt Collection Department,2026-01-05,42.932460732984296,Hà Nội,Công Ty Tài Chính MB SHINSEI (MCREDIT)
3195,Data Governance Manager,2026-01-05,42.932460732984296,Hà Nội,LOTTE FINANCE VIETNAM
3196,Backend Developer,2025-12-12,37.46666666666667,Hồ Chí Minh,KDI EDUCATION
3197,Data Analyst,2026-01-05,29.210659898477157,Hồ Chí Minh,Công Ty Tài Chính Mirae Asset
3198,DevOps Engineer,2026-01-05,29.210659898477157,Hồ Chí Minh,Công Ty Tài Chính Mirae Asset
3199,CV/CVC/CVCC Information Technology Risk Management,2026-01-05,42.932460732984296,Hà Nội,Ngân hàng TMCP Việt Á – VietABank
3200,Specialist,2026-01-05,30.0,Hồ Chí Minh,Tập Đoàn CT Group Việt Nam
3201,Database administrator,2026-01-05,42.932460732984296,Hà Nội,Công Ty Giải Pháp Thanh Toán Việt Nam (VNPAY)
3202,SQL programmer,2026-01-05,42.932460732984296,Hà Nội,Công Ty Giải Pháp Thanh Toán Việt Nam (VNPAY)
3203,SRE staff,2026-01-05,42.932460732984296,Hà Nội,Công Ty Giải Pháp Thanh Toán Việt Nam (VNPAY)
3204,Senior AI Engineer,2026-01-12,50.0,Hà Nội,HR Vietnam’s ESS Client
3207,Senior Backend Developer,2025-12-12,33.0,Hồ Chí Minh,Công Ty TEECOM
3209,Programming Specialist,2026-01-12,25.0,Hà Nội,CÔNG TY TIN HỌC VIỄN THÔNG HÀNG KHÔNG AITS
3210,System Administration Specialist,2026-01-12,25.0,Hà Nội,CÔNG TY TIN HỌC VIỄN THÔNG HÀNG KHÔNG AITS
3211,Solution Consultant,2026-01-12,33.0,Hà Nội,CÔNG TY TIN HỌC VIỄN THÔNG HÀNG KHÔNG AITS
3212,Information Technology Service Management Specialist,2026-01-12,42.932460732984296,Hà Nội,CÔNG TY TIN HỌC VIỄN THÔNG HÀNG KHÔNG AITS
3213,Data Intern,2025-12-19,42.932460732984296,Hà Nội,CÔNG TY CHỨNG KHOÁN ASEAN
3214,Senior IT Security Officer,2026-01-12,42.932460732984296,Hà Nội,LOTTE FINANCE VIETNAM
3215,Business Analyst,2026-01-12,42.932460732984296,Hà Nội,SCI Group
3216,AppSec Engineer,2026-01-12,29.210659898477157,Hồ Chí Minh,Concung.com Con Cung Joint Stock Company
3217,GRC Engineer,2026-01-12,29.210659898477157,Hồ Chí Minh,Concung.com Con Cung Joint Stock Company
3218,Senior Devops,2026-01-02,42.932460732984296,Hà Nội,Ngân Hàng TMCP Sài Gòn Hà Nội ( SHB )
3219,Director of TNTech Application Solutions 4B032,2026-01-12,42.932460732984296,Hà Nội,Tập đoàn ROX (ROX Group)
3220,Agile Coach/Scrum Master HO 2V049,2026-01-12,42.932460732984296,Hà Nội,Tập đoàn ROX (ROX Group)
3221,Scrum Master Transformation Block,2025-12-12,42.932460732984296,Hà Nội,Ngân Hàng TMCP Sài Gòn Hà Nội ( SHB )
3222,Director of Information Security TNEX 4B031,2026-01-12,42.932460732984296,Hà Nội,Ngân hàng Thương mại Hàng Hải Việt Nam (MSB)
3223,K.IT Technology Transformation Specialist,2026-01-12,42.932460732984296,Hà Nội,Ngân hàng TMCP Đại Chúng Việt Nam PVcomBank
3224,Information Security Solution and Architecture Expert K.IT,2026-01-12,42.932460732984296,Hà Nội,Ngân hàng TMCP Đại Chúng Việt Nam PVcomBank
3225,Product manager,2026-01-12,42.932460732984296,Hà Nội,Viettel CHT
3226,Business Development,2026-01-12,42.932460732984296,Hà Nội,Viettel CHT
3227,Head of K.IT Technology Architecture Management Department,2026-01-12,42.932460732984296,Hà Nội,Ngân hàng TMCP Đại Chúng Việt Nam PVcomBank
3228,Information Security Solution Consulting Engineer,2026-01-12,42.932460732984296,Hà Nội,Viettel CHT
3229,Expert in Architecture and Infrastructure Solutions K.IT,2026-01-12,42.932460732984296,Hà Nội,Ngân hàng TMCP Đại Chúng Việt Nam PVcomBank
3230,Senior Data Architect TNTech 2V046,2026-01-12,42.932460732984296,Hà Nội,Tập đoàn ROX (ROX Group)
3231,K.IT Data Solution and Architecture Specialist,2026-01-12,42.932460732984296,Hà Nội,Ngân hàng TMCP Đại Chúng Việt Nam PVcomBank
3232,IT Infrastructure Solution Engineer,2026-01-08,30.0,Hà Nội,GTEL ICT
3233,Senior Business Analyst,2026-01-08,29.210659898477157,Hồ Chí Minh,Công Ty Tập Đoàn Đầu Tư Địa Ốc No Va
3234,Programmer,2025-12-25,15.0,Hồ Chí Minh,CÔNG TY PHÁT TRIỂN CÔNG NGHỆ TECHPRO
3235,IT Support,2026-01-08,42.932460732984296,Hà Nội,Alphanam Group
3236,Electromechanical technician,2026-01-08,42.932460732984296,Hà Nội,Viettel CHT
3237,Business Data Analysis,2026-01-08,42.932460732984296,Hà Nội,CÔNG TY MÁY CÔNG TRÌNH PHÚC LONG
3238,Embedded Linux Engineer,2026-01-08,15.0,Hà Nội,TECOTEC Technology
3239,Embedded Engineer,2026-01-08,15.0,Hà Nội,TECOTEC Technology
3240,Devops Information Technology Specialist,2026-01-08,50.0,Hà Nội,Công ty Chứng khoán Sài Gòn Hà Nội
3241,IT specialist,2026-01-08,15.0,Hà Nội,HEXAGON CÔNG TY THIẾT KẾ LỤC GIÁC
3242,Embedded Engineer,2025-12-18,15.0,Hà Nội,TECOTEC Technology
3243,IT Staff,2025-12-18,58.6,Hưng Yên,"CÔNG TY XÂY DỰNG, THƯƠNG MẠI VÀ VẬT LIỆU SÔNG HỒNG"
3244,Network & Security Engineer,2025-12-18,42.932460732984296,Hà Nội,Viettel CHT
3245,Business Promotion Officer,2025-12-18,42.932460732984296,Hà Nội,Viettel CHT
3246,Digital Banking CV/ CVCC Digital Product Development,2025-12-18,29.210659898477157,Hồ Chí Minh,Ngân Hàng TMCP Phương Đông OCB
3247,Technical Application Supervisor,2025-12-18,29.210659898477157,Hồ Chí Minh,CÔNG TY NGUYÊN LIỆU Á CHÂU
3248,Onsite Cabling Technician,2025-12-18,29.210659898477157,Hồ Chí Minh,LacViet Computing Corporation
3249,Technical Product Specialist,2025-12-18,29.210659898477157,Hồ Chí Minh,Wall Street English
3250,Technical Product Support,2025-12-18,29.210659898477157,Hồ Chí Minh,Wall Street English
3251,Backend Developer,2025-12-28,25.0,Hà Nội,Công ty Masscom Việt Nam
3252,Product designer specialist,2025-12-28,15.0,Hà Nội,Công ty Masscom Việt Nam
3253,Construction Digital Conversion QS Engineer,2025-12-28,29.210659898477157,Hồ Chí Minh,Tổng công ty Xây dựng số 1 – CTCP
3254,SAP FICO Specialist,2025-12-28,30.0,Hồ Chí Minh,Công ty Đầu tư Asia Dragon
3255,Network Integration & Security Team Leader,2025-12-28,45.0,Hà Nội,Công ty Công nghệ Mạng và Truyền thông
3256,Project Assistant,2025-12-28,20.0,Hà Nội,Bảo mật
3257,Network and Security Solutions Consulting Engineer,2025-12-28,42.932460732984296,Hà Nội,Công ty Công nghệ Mạng và Truyền thông
3258,Programmer,2025-12-18,20.0,Hà Nội,EuP Group
3259,Business Analyst/BA,2025-12-18,15.0,Hà Nội,EuP Group
3260,Data Scientist,2025-12-18,29.210659898477157,Hồ Chí Minh,CÔNG TY EPLUS RESEARCH
3261,Contact Center System Specialist – CC Solution Support,2025-12-18,15.0,Hồ Chí Minh,TRANSCOSMOS VIỆT NAM
3262,Network Engineer,2025-12-28,42.932460732984296,Hà Nội,Viettel CHT
3263,Android programmer,2025-12-28,42.932460732984296,Hà Nội,Công Ty Giải Pháp Thanh Toán Việt Nam (VNPAY)
3264,Business Executive Officer,2025-12-28,42.932460732984296,Hà Nội,Viettel CHT
3265,Deputy Director of Business Division,2025-12-28,29.8,Đà Nẵng,Công Ty Giải Pháp Thanh Toán Việt Nam (VNPAY)
3266,CV for IT procurement support TA184,2025-12-28,42.932460732984296,Hà Nội,Ngân Hàng TMCP Việt Nam Thịnh Vượng VPBANK
3267,Product Owner,2026-01-04,30.0,Hà Nội,Công ty Masscom Việt Nam
3269,Deputy Manager - In charge of the IT Team in the Administration Department,2026-01-04,28.0,Bà Rịa - Vũng Tàu,Tokuyama Việt Nam
3270,Automation Testing Specialist,2026-01-04,25.0,Hà Nội,Công ty Công nghệ UpBase
3271,Data Analyst and Reporting Specialist,2026-01-04,42.932460732984296,Hà Nội,LOTTE FINANCE VIETNAM
3272,Application Administration Officer of IT Department,2026-01-04,42.932460732984296,Hà Nội,Tổng Công ty Bảo hiểm Ngân hàng Đầu tư và Phát triển Việt Nam (BIC)
3273,SAP Development Officer,2026-01-04,42.932460732984296,Hà Nội,Công Ty Eurowindow
3274,Accounts and Payments Solutions Specialist RB MSB 1O281,2026-01-04,50.0,Hà Nội,Ngân hàng Thương mại Hàng Hải Việt Nam (MSB)
3275,Telecommunications Technical Officer,2026-01-04,20.0,Điện Biên,Tổng Công ty Công trình Viettel
3276,Learning Data Management,2026-01-04,42.932460732984296,Hà Nội,Ngân Hàng TMCP Việt Nam Thịnh Vượng VPBANK
3277,NLP Engineer,2026-01-11,50.0,Đà Nẵng,CÔNG TY CÔNG NGHỆ PREP
3280,Head of Data Management Department,2026-01-01,40.0,Hà Nội,Công ty Tập đoàn Meey Land
3281,Technology project director,2026-01-01,42.932460732984296,Hà Nội,Công ty Tập đoàn Meey Land
3282,SEO,2026-01-11,10.0,Hồ Chí Minh,IN ẤN KỸ THUẬT MỚI TÂN HOA MAI
3283,Head of Embedded Software Development Department,2026-01-11,40.0,Hà Nội,Tập Đoàn Karofi Holding
3284,System Engineer,2026-01-11,45.0,Hà Nội,Viettel CHT
3285,iOS programmer,2026-01-11,29.210659898477157,Hồ Chí Minh,Công Ty Giải Pháp Thanh Toán Việt Nam (VNPAY)
3286,Java Programmer,2025-12-17,45.0,Hồ Chí Minh,CÔNG TY EPLUS RESEARCH
3287,System integration engineer,2026-01-07,25.0,Hà Nội,PNK
3288,Project Construction Techniques,2025-12-17,15.0,Hồ Chí Minh,Bee Next Công ty TM DV Vùng Trời Thông Tin
3289,NORTH TU LIEM BUSINESS ANALYST,2026-01-07,20.0,Hà Nội,CÔNG TY TẬP ĐOÀN DEKKO
3290,SAP FICO Specialist,2026-01-07,18.615384615384617,Bình Dương,Wipro Consumer Care Vietnam
3291,HR Specialist / HRBP,2026-01-07,25.0,Hà Nội,Công ty Công nghệ UpBase
3292,IT Helpdesk Specialist,2025-12-24,29.210659898477157,Hồ Chí Minh,GALAXY DIGITAL HOLDINGS
3293,Data Engineer,2026-01-07,40.0,Hồ Chí Minh,CÔNG TY EPLUS RESEARCH
3294,Machine Learning Engineer,2026-01-07,40.0,Hồ Chí Minh,CÔNG TY EPLUS RESEARCH
3295,Application Deployment and Operations Specialist,2026-01-07,29.210659898477157,Hồ Chí Minh,Nova Service Group Công ty Tập đoàn Nova Services
3296,Business Analyst,2026-01-07,12.0,Hà Nội,Tập Đoàn Tân Á Đại Thành
3297,Senior Technical Editor,2025-12-17,29.210659898477157,Hồ Chí Minh,HR Vietnam’s ESS Client
3298,Software Engineer,2025-12-17,35.0,Bắc Ninh,Headhunter HRchannels Group
3299,Risk Operation Senior Officer,2025-12-17,29.210659898477157,Hồ Chí Minh,HD SAISON Finance
3300,Digital Marketing staff,2025-12-17,15.0,Hà Nội,XNK thương mại và dịch vụ công nghệ HLF
3301,Sales staff,2025-12-17,15.0,Hà Nội,Vinahost
3302,Sales staff,2025-12-17,15.0,Hồ Chí Minh,Vinahost
3303,Hanoi Telecommunications Technical Staff,2025-12-17,18.0,Hà Nội,Tổng Công ty Công trình Viettel
3304,Warranty Specialist,2025-12-27,15.0,Hà Nội,Công ty Mediamart Việt Nam
3305,IT specialist in AI field,2025-12-27,28.0,Bà Rịa - Vũng Tàu,PTSC Offshore Services (POS)
3306,IT Specialist in Information Security Department,2025-12-27,28.0,Bà Rịa - Vũng Tàu,PTSC Offshore Services (POS)
3307,Middle Data Engineer,2025-12-27,29.210659898477157,Hồ Chí Minh,GALAXY DIGITAL HOLDINGS
3308,Senior Data Engineer,2025-12-27,29.210659898477157,Hồ Chí Minh,GALAXY DIGITAL HOLDINGS
3309,IT System management,2025-12-27,17.0,Bình Dương,Sài Gòn Stec
3310,IT Security,2025-12-27,17.0,Bình Dương,Sài Gòn Stec
3311,Sales Staff,2025-12-27,20.0,Hồ Chí Minh,Công ty TS24
3312,Backend & GenAI Integration programmer,2025-12-27,29.210659898477157,Hồ Chí Minh,Công ty Dripcare Global Holding
3313,Product Owner,2025-12-17,45.0,Hồ Chí Minh,Công ty Thời Trang YODY
3314,Full Stack E commerce & Marketplace developer,2025-12-27,29.210659898477157,Hồ Chí Minh,Công ty HaMo Holdings
3315,Power BI Developer,2025-12-27,29.210659898477157,Hồ Chí Minh,Savills Vietnam
3316,Senior specialist in process improvement and digitization,2025-12-27,42.932460732984296,Hà Nội,Ngân Hàng TMCP Quốc Dân (NCB)
3317,Systems Engineer,2026-01-03,42.932460732984296,Hà Nội,CÔNG TY TƯ VẤN CHUYỂN GIAO CÔNG NGHỆ ITC
3321,Microsoft 365 Solutions Specialist,2026-01-03,29.210659898477157,Hồ Chí Minh,Y TẾ VIỆT TIẾN
3323,Sample Plan NV,2026-01-03,11.0,Hồ Chí Minh,", Liên Doanh Vĩnh Hưng (TMI Việt Nam)"
3324,Information Technology Support Staff,2025-12-17,15.0,Hà Nội,EuP Group
3325,System quality management,2026-01-03,42.932460732984296,Hà Nội,Viettel CHT
3326,Data Analyst,2025-12-17,42.932460732984296,Hà Nội,Ngân Hàng TMCP Sài Gòn Hà Nội ( SHB )
3327,Senior Network Engineer,2026-01-03,42.932460732984296,Hà Nội,CÔNG TY TÀI CHÍNH NGÂN HÀNG TMCP SÀI GÒN HÀ NỘI (SHBFinance)
3328,Chief Commercial Officer,2026-01-10,42.932460732984296,Hà Nội,HR Vietnam’s ESS Client
3329,Business analyst,2025-12-31,30.0,Hà Nội,Thương Mại Xuất Nhập Khẩu Fani
3330,AI engineer,2025-12-17,30.0,Hồ Chí Minh,CÔNG TY TẬP ĐOÀN DAT
3331,Senior specialist,2026-01-10,20.0,Hà Nội,PNK
3332,Information Security Specialist,2026-01-10,29.210659898477157,Hồ Chí Minh,ĐẦU TƯ MAI TÂM ANH
3333,Deployed IT Technical Staff,2025-12-24,13.0,Hồ Chí Minh,TMDV & PTTT TÂN PHÁT
3335,BA Business Analyst,2026-01-10,30.0,Hà Nội,Tập Đoàn Karofi Holding
3337,Head of Electronic Design Department,2026-01-10,81.0,Hưng Yên,Tập Đoàn Karofi Holding
3338,10 Mechanical Design Engineer R&D Mechanical Design Engineer,2026-01-10,35.0,Hưng Yên,Tập Đoàn Karofi Holding
3339,GAME PROGRAMMING GAME DEVELOPERS,2026-01-10,42.932460732984296,Hà Nội,Koei Tecmo Software Vietnam
3340,PLANNING FOR GAME DESIGNER,2026-01-10,42.932460732984296,Hà Nội,Koei Tecmo Software Vietnam
3341,IT Helpdesk/ IT Support staff,2025-12-24,42.932460732984296,Hà Nội,Tổng Công Ty Bảo Hiểm Ngân Hàng TMCP Công Thương Việt Nam
3342,ERP System Analyst,2026-01-10,29.210659898477157,Hồ Chí Minh,Onpoint
3343,International Trade Representative,2026-01-10,20.0,Hồ Chí Minh,Tập Đoàn CT Group Việt Nam
3344,Backend Developer,2026-01-10,32.4,Hồ Chí Minh,Ngân hàng TMCP Phát triển TP.HCM (HDBank)
3345,Tester TT PTUD IT Department,2025-12-24,22.0,Hồ Chí Minh,Ngân hàng TMCP Phát triển TP.HCM (HDBank)
3346,Retail Operations Optimization Specialist,2026-01-09,29.210659898477157,Hồ Chí Minh,Công Ty Vàng Bạc Đá Quý Phú Nhuận PNJ
3347,RPA Developer employee,2026-01-06,14.0,Hồ Chí Minh,YKK Việt Nam
3348,Tester,2025-12-30,29.210659898477157,Hồ Chí Minh,Concung.com Con Cung Joint Stock Company
3349,Purchasing Specialist,2026-01-06,13.5,Tây Ninh,Công ty Thành Thành Công Biên Hòa
3350,IT Hardware & Network Specialist,2025-12-16,20.0,Hồ Chí Minh,HQ SING
3351,IT ADMIN STAFF,2026-01-06,10.0,Bình Dương,CRYSTAL ELEGANCE TEXTILES VIỆT NAM
3352,Senior Specialist in Financial Planning and Analysis,2026-01-09,30.0,Hồ Chí Minh,Nova Service Group Công ty Tập đoàn Nova Services
3353,Product Designer,2026-01-06,35.0,Hà Nội,Công ty Tập đoàn Meey Land
3354,CREATIVE WEB3 FRONTEND ENGINEER,2026-01-06,40.0,Hà Nội,Công ty Tập đoàn Meey Land
3355,BACKEND ENGINEER,2026-01-06,40.0,Hà Nội,Công ty Tập đoàn Meey Land
3356,Finance director,2026-01-06,100.0,Hồ Chí Minh,Tập Đoàn CT Group Việt Nam
3357,IT Helpdesk staff,2026-01-06,12.0,Hồ Chí Minh,ĐẦU TƯ ITS
3358,Technician,2026-01-06,7.0,Hà Nội,CÔNG TY PHÁT TRIỂN VIỄN THÔNG VÀ TRUYỀN HÌNH VIỆT NAM
3359,AI Expert/Expert,2025-12-16,108.0,Hà Nội,Công Ty Quản Lý Nợ Và Khai Thác Tài Sản Ngân Hàng TMCP Quân Đội
3360,Business Analyst,2025-12-16,30.0,Hà Nội,Chứng khoán Ngân hàng TMCP Ngoại thương Việt Nam (VCBS Vietcombank Securities)
3361,Software Testing Specialist,2025-12-16,42.932460732984296,Hà Nội,CÔNG TY CHỨNG KHOÁN ASEAN
3362,SPECIALIST /CVC/CVCC BIG DATA TECHNOLOGY,2025-12-16,42.932460732984296,Hà Nội,CÔNG TY CHỨNG KHOÁN ASEAN
3363,Programming Staff,2025-12-16,17.0,Hà Nội,Công ty CANIFA
3364,Master Data Lead,2025-12-16,18.615384615384617,Bình Dương,Rochdale Spears .
3365,Java programming,2025-12-16,42.932460732984296,Hà Nội,CÔNG TY CHỨNG KHOÁN ASEAN
3366,Operations specialist,2025-12-16,29.210659898477157,Hồ Chí Minh,PRIME COMMERCE VIỆT NAM
3367,DESIGN STAFF IN HAI PHONG,2025-12-16,12.0,Hải Phòng,Phát triển BĐS Novasky
3368,Project Marketing Officer,2025-12-16,13.0,Hà Nội,Phát triển BĐS Novasky
3369,Mobile Programmer,2025-12-16,42.932460732984296,Hà Nội,CÔNG TY CHỨNG KHOÁN ASEAN
3370,Angular programming,2025-12-16,42.932460732984296,Hà Nội,CÔNG TY CHỨNG KHOÁN ASEAN
3371,BA Business Analyst,2025-12-16,40.0,Hà Nội,Tập Đoàn Karofi Holding
3372,Director of the Center for Artificial Intelligence,2025-12-16,90.0,Hà Nội,Công ty Tập đoàn Meey Land
3373,Head of IT Department,2026-01-15,40.0,Hà Nội,Công Ty A25 Hotel
3374,Product Specialist,2025-12-26,42.932460732984296,Hà Nội,HR Vietnam’s ESS Client
3375,Programming teacher in Binh Duong,2025-12-26,18.615384615384617,Bình Dương,Wall Street English
3376,IT Engineer,2025-12-26,25.0,Hồ Chí Minh,BEST Logistics Technology
3377,AI/Machine Learning Developer,2025-12-16,42.932460732984296,Hà Nội,Microtec Việt Nam
3378,Account Manager,2025-12-26,42.932460732984296,Hà Nội,GTEL ICT
3379,Senior AI Engineer,2025-12-26,29.210659898477157,Hồ Chí Minh,MOTIVES VIETNAM CORPORATION
3380,Manual Tester Technology & Data Department,2025-12-26,42.932460732984296,Hà Nội,NGÂN HÀNG TRÁCH NHIỆM HỮU HẠN MỘT THÀNH VIÊN VIỆT NAM HIỆN ĐẠI
3381,IT Project Management Specialist/Senior Specialist,2025-12-26,42.932460732984296,Hà Nội,CÔNG TY CHỨNG KHOÁN ASEAN
3382,Lead Specialist in Digital Transformation Project Management,2025-12-26,42.932460732984296,Hà Nội,CÔNG TY PHÁT TRIỂN BẤT ĐỘNG SẢN VĂN PHÚ
3383,ODoo Python Programmer,2025-12-26,18.0,Hà Nội,Công ty CANIFA
3384,Market Insight Team Leader,2025-12-26,40.0,Hà Nội,Công ty CANIFA
3385,Karofi Talent 25 Talent Management Program,2025-12-16,81.0,Hưng Yên,Tập Đoàn Karofi Holding
3386,ERP Specialist,2025-12-26,29.210659898477157,Hồ Chí Minh,Viet Thai International
3387,International market project manager,2025-12-26,42.932460732984296,Hà Nội,Viettel CHT
3388,ACER IMAGE CARE STAFF IN CITY. HANOI,2025-12-26,10.0,Hà Nội,Acer Việt Nam
3389,Bridge Engineer,2026-01-02,42.932460732984296,Hà Nội,HR Vietnam’s ESS Client
3390,R&D Software Supervisor,2026-01-02,42.932460732984296,Hà Nội,HR Vietnam’s ESS Client
3391,Frontend Developer,2026-01-02,42.932460732984296,Hà Nội,CÔNG TY HỌC VIỆN MINH TRÍ THÀNH
3392,Back end Developer,2026-01-02,25.0,Hà Nội,Công ty Masscom Việt Nam
3394,CVCC Hanoi Human Resources System Administration TA163,2026-01-02,42.932460732984296,Hà Nội,Ngân Hàng TMCP Việt Nam Thịnh Vượng VPBANK
3395,Senior Tester/Senior Tester Conversion Block,2025-12-16,42.932460732984296,Hà Nội,Ngân Hàng TMCP Sài Gòn Hà Nội ( SHB )
3396,AI Backend Engineer,2026-01-09,30.0,Hồ Chí Minh,LacViet Computing Corporation
3397,UX/UI Designer,2026-01-09,22.0,Hà Nội,CÔNG TY HỌC VIỆN MINH TRÍ THÀNH
3398,AI / NLP Engineer,2026-01-09,50.0,Đà Nẵng,CÔNG TY CÔNG NGHỆ PREP
3400,Marketing Insights Analyst,2025-12-30,25.0,Hà Nội,Công ty Tập đoàn Meey Land
3403,Marcom Account Executive,2025-12-30,15.0,Hà Nội,Công ty Tập đoàn Meey Land
3404,Business Analyst,2025-12-16,23.125,Hà Nội,CÔNG TY ONEFIN VIỆT NAM
3407,Head of Information Security Department,2026-01-09,42.932460732984296,Hà Nội,EuP Group
3408,Programmer,2025-12-30,20.0,Hà Nội,EuP Group
3409,IT training and documentation specialist,2025-12-30,18.0,Hà Nội,EuP Group
3410,Scrum Master,2026-01-09,42.932460732984296,Hà Nội,Viettel CHT
3411,ERP PROGRAMMER,2026-01-09,28.0,Hà Nội,Tập Đoàn An Phát Holdings
3412,Data Engineer,2025-12-16,40.0,Hồ Chí Minh,Công Ty Dược Phẩm Pharmacity
3413,Network Administration Specialist connects Network Administrator Information Technology Department,2026-01-05,42.932460732984296,Hà Nội,Ngân Hàng TMCP Quân Đội
3414,ERP System Analyst,2026-01-15,29.210659898477157,Hồ Chí Minh,Onpoint
3415,Head of Sales Department,2026-01-15,50.0,Hà Nội,Tập Đoàn Karofi Holding
3416,GIS Specialist,2026-01-15,29.210659898477157,Hồ Chí Minh,CÔNG TY CITICS
3417,Software Architect,2026-01-15,42.932460732984296,Hà Nội,Viettel CHT
3418,Hardware Engineer,2025-12-15,29.210659898477157,Hồ Chí Minh,CÔNG TY GREMSY
3419,Technical Leader/ Head of Programming Department,2026-01-15,42.932460732984296,Hà Nội,CÔNG TY CHỨNG KHOÁN ASEAN
3421,Full stack Developer,2026-01-15,42.932460732984296,Hà Nội,NGÂN HÀNG TRÁCH NHIỆM HỮU HẠN MỘT THÀNH VIÊN VIỆT NAM HIỆN ĐẠI
3422,Senior Camera Surveillance Specialist,2026-01-15,29.210659898477157,Hồ Chí Minh,Nova Service Group Công ty Tập đoàn Nova Services
3423,Senior Back End Developer/Senior Back End Developer Conversion Block,2025-12-15,42.932460732984296,Hà Nội,Ngân Hàng TMCP Sài Gòn Hà Nội ( SHB )
3424,Director of Information Technology,2025-12-15,162.0,Hà Nội,Tập Đoàn Karofi Holding
3425,Information Technology Staff,2025-12-15,15.0,Hà Nội,Công ty Thương Mại Việt Hồng
3426,Mobile Developer,2025-12-15,45.9,Hà Nội,Công Ty Phương Tiện Điện Thông Minh Selex
3427,Vietnam Market Research and Analysis Specialist,2025-12-15,42.932460732984296,Hà Nội,ONE VALUE Việt Nam
3428,Technical Product Owner,2026-01-14,50.0,Hồ Chí Minh,Invest Talent
3429,Senior System Engineer,2026-01-14,42.932460732984296,Hà Nội,Viettel CHT
3430,Deputy Head of High Technology Solutions Department,2026-01-14,40.0,Hà Nội,PNK
3431,Senior Business Analyst,2026-01-14,29.210659898477157,Hồ Chí Minh,Công Ty Tập Đoàn Đầu Tư Địa Ốc No Va
3432,Database Administrator Expert,2026-01-14,42.932460732984296,Hà Nội,LOTTE FINANCE VIETNAM
3433,Sign on Bonus FULL STACK DEVELOPER,2026-01-14,30.0,Hồ Chí Minh,ACS SOFTWARE SOLUTION
3434,WAREHOUSE SYSTEM OPERATION SPECIALIST,2025-12-15,15.0,Hà Nội,XUẤT NHẬP KHẨU RUTOP VIỆT NAM Thương Hiệu Toptotoes
3435,Risk Management Specialist,2025-12-15,35.0,Hà Nội,Công ty Tập đoàn Meey Land
3436,Urgent IT ERP,2025-12-31,29.210659898477157,Hồ Chí Minh,Mitsubishi Electric Vietnam
3437,CUSTOMER SUPPORT SPECIALIST,2025-12-25,12.0,Hồ Chí Minh,CÔNG TY CÔNG NGHỆ NƯỚC NĂNG LƯỢNG
3438,Project Coordinator,2025-12-25,42.932460732984296,Hà Nội,CÔNG TY PHÁT TRIỂN BẤT ĐỘNG SẢN VĂN PHÚ
3439,Head/Deputy Head of Information Security Department,2025-12-25,42.932460732984296,Hà Nội,CÔNG TY CHỨNG KHOÁN ASEAN
3440,Head of Application Development Department,2025-12-25,42.932460732984296,Hà Nội,CÔNG TY CHỨNG KHOÁN ASEAN
3441,Java Backend,2025-12-25,42.932460732984296,Hà Nội,CÔNG TY CHỨNG KHOÁN ASEAN
3442,Project Management Specialist,2025-12-15,25.0,Hà Nội,NHÀ SÁCH TIẾN THỌ
3443,Specialist in supporting the operation and development of SAP systems and financial and accounting subsystems,2025-12-15,20.0,Hà Nội,Tổng công ty Bia Rượu Nước giải khát Hà Nội (HABECO Bia Hà Nội)
3444,Senior IT Security,2025-12-25,40.0,Hà Nội,LOTTE FINANCE VIETNAM
3445,SAP ABAP Senior Specialist,2025-12-25,31.0,Hồ Chí Minh,Tan Hiep Phat Group
3446,Middle/Senior Back End Engineer,2025-12-25,29.210659898477157,Hồ Chí Minh,Tập Đoàn CT Group Việt Nam
3447,Head of System Administration Department,2025-12-25,28.0,Hà Nội,Công ty Chứng khoán Alpha
3448,Information Security Specialist,2025-12-25,18.0,Hà Nội,Công ty Chứng khoán Alpha
3449,Human resources software specialist,2025-12-25,42.932460732984296,Hà Nội,CÔNG TY EUROWINDOW HOLDING
3450,Hanoi Telecommunications Technical Staff,2025-12-25,18.0,Hà Nội,Tổng Công ty Công trình Viettel
3451,Head of Business Analysis Team,2025-12-25,42.932460732984296,Hà Nội,Chứng khoán Ngân hàng TMCP Ngoại thương Việt Nam (VCBS Vietcombank Securities)
3452,Data Testing Specialist Data Block Data Tester,2025-12-15,42.932460732984296,Hà Nội,Ngân Hàng TMCP Quân Đội
3453,Technical Support,2025-12-25,15.0,Hồ Chí Minh,CÔNG TY MAC MARKETING
3454,Senior Mobile Developer,2026-01-01,29.210659898477157,Hồ Chí Minh,GALAXY DIGITAL HOLDINGS
3455,Business Analyst,2026-01-01,25.0,Hà Nội,Chương trình Học viện Công nghệ BKACAD
3456,Alphanam Group Application Development Specialist,2025-12-15,42.932460732984296,Hà Nội,Alphanam Group
3457,Hardware IT technician,2026-01-01,26.0,Hà Nội,Công Ty A25 Hotel
3459,10 Mechanical Design Engineer R&D Mechanical Design Engineer,2026-01-01,35.0,Hà Nội,Tập Đoàn Karofi Holding
3460,Data Science Specialist,2025-12-15,29.210659898477157,Hồ Chí Minh,CÔNG TY EPLUS RESEARCH
3461,Backend Developer,2025-12-15,40.0,Hồ Chí Minh,CÔNG TY EPLUS RESEARCH
3462,Senior Specialist in Smart Vista K.IT Development,2026-01-01,42.932460732984296,Hà Nội,Ngân hàng TMCP Đại Chúng Việt Nam PVcomBank
3463,Smart Vista K.IT Development Specialist,2026-01-01,42.932460732984296,Hà Nội,Ngân hàng TMCP Đại Chúng Việt Nam PVcomBank
3464,Technology Project Support Officer,2026-01-01,42.932460732984296,Hà Nội,Công Ty Giải Pháp Thanh Toán Việt Nam (VNPAY)
3465,Data Engineer Data Center,2026-01-01,42.932460732984296,Hà Nội,Tổng Công ty Bảo hiểm Quân đội (MIC)
3466,Deputy Director of Center for Architecture Management and IT Portfolio,2026-01-01,42.932460732984296,Hà Nội,Ngân hàng TMCP Đại Chúng Việt Nam PVcomBank
3467,Smart Vista K.IT card development expert,2026-01-01,42.932460732984296,Hà Nội,Ngân hàng TMCP Đại Chúng Việt Nam PVcomBank
3468,Senior Specialist/Quality Control Expert after Software Deployment,2026-01-08,42.932460732984296,Hà Nội,TẬP ĐOÀN Y TẾ VIỆT NGA
3469,Employees experience Viettel software,2025-12-29,12.0,Hà Nội,CÔNG TY TRUYỀN THÔNG KIM CƯƠNG
3470,Head of Technical Department of Vinh Phuc Branch,2025-12-29,11.0,Vĩnh Phúc,CÔNG TY PHÁT TRIỂN VIỄN THÔNG VÀ TRUYỀN HÌNH VIỆT NAM
3471,Senior IT Security,2026-01-08,40.0,Hà Nội,LOTTE FINANCE VIETNAM
3472,Software Testing Specialist Tester,2026-01-08,42.932460732984296,Hà Nội,Tổng Công Ty Bảo Hiểm Ngân Hàng TMCP Công Thương Việt Nam
3473,Fullstack Developer Programming Specialist,2026-01-08,42.932460732984296,Hà Nội,Tổng Công Ty Bảo Hiểm Ngân Hàng TMCP Công Thương Việt Nam
3474,System Operations Specialist,2026-01-08,42.932460732984296,Hà Nội,Tổng Công Ty Bảo Hiểm Ngân Hàng TMCP Công Thương Việt Nam
3475,Business Analyst,2026-01-08,30.0,Hà Nội,Tổng Công Ty Bảo Hiểm Ngân Hàng TMCP Công Thương Việt Nam
3476,IT .NET Development Lead,2026-01-08,29.210659898477157,Hồ Chí Minh,THỜI TRANG VÀ MỸ PHẨM ÂU CHÂU
3477,Information Security Specialist,2025-12-14,20.0,Hà Nội,CÔNG TY TIN HỌC VIỄN THÔNG HÀNG KHÔNG AITS
3478,IT SPECIALIST,2025-12-14,12.0,Tây Ninh,COCREATION GRASS CORPORATION VIỆT NAM
3479,Flutter Developer,2025-12-14,20.0,Hà Nội,Chương trình Học viện Công nghệ BKACAD
3480,Embedded Linux Engineer,2025-12-14,15.0,Hà Nội,TECOTEC Technology
3481,Senior Specialist/Principal Specialist in System Administration,2025-12-14,29.210659898477157,Hồ Chí Minh,BVBank Ngân hàng Bản Việt
3482,Data Analytics Assistant Manager,2026-01-13,27.0,Hà Nội,Headhunter HRchannels Group
3483,Mechanical Design Engineer R&D Mechanical Design Engineer,2026-01-13,25.0,Hà Nội,Tập Đoàn Karofi Holding
3484,Project Manager,2026-01-13,32.0,Hà Nội,HR Vietnam’s ESS Client
3485,Embedded Programming Engineer,2026-01-13,42.932460732984296,Hà Nội,CÔNG TY THIẾT BỊ CÔNG NGHIỆP GEIC
3486,Digital Growth Expert,2026-01-13,54.0,Hà Nội,ABBANK Ngân Hàng TMCP An Bình
3487,IT Operations Specialist,2026-01-13,17.0,Hà Nội,Vạn Niên
3488,Test Engineer,2026-01-13,42.932460732984296,Hà Nội,CÔNG TY THIẾT BỊ CÔNG NGHIỆP GEIC
3489,Senior IT Security,2026-01-13,40.0,Hà Nội,BẢO HIỂM NHÂN THỌ MB AGEAS
3490,Senior Financial System Specialist,2026-01-13,29.210659898477157,Hồ Chí Minh,Công Ty Tập Đoàn Đầu Tư Địa Ốc No Va
3491,Head of Data Management and Exploitation Department,2026-01-13,29.210659898477157,Hồ Chí Minh,Công Ty Tập Đoàn Đầu Tư Địa Ốc No Va
3492,Digital transformation application & analysis specialist,2026-01-13,42.932460732984296,Hà Nội,Công Ty Thép Việt Xô Hà Nội
3493,Business Analyst,2026-01-13,42.932460732984296,Hà Nội,CÔNG TY THIẾT BỊ CÔNG NGHIỆP GEIC
3494,Expert Software Engineer,2026-01-13,29.210659898477157,Hồ Chí Minh,Công Ty Vàng Bạc Đá Quý Phú Nhuận PNJ
3495,Product Life Cycle Management Engineer,2026-01-13,29.210659898477157,Hồ Chí Minh,Techtronic Industries Vietnam Manufacturing
3496,Data Science Expert Hanoi TA174,2026-01-13,42.932460732984296,Hà Nội,Ngân Hàng TMCP Việt Nam Thịnh Vượng VPBANK
3497,Business Analyst,2026-01-13,25.0,Hà Nội,BỆNH VIỆN ĐA KHOA PHƯƠNG ĐÔNG
3498,Software Developer Specializing in Frontend,2026-01-13,25.0,Hà Nội,BỆNH VIỆN ĐA KHOA PHƯƠNG ĐÔNG
3499,Software Developer Specializing in Backend,2026-01-13,25.0,Hà Nội,BỆNH VIỆN ĐA KHOA PHƯƠNG ĐÔNG
3500,Tester staff,2026-01-13,18.0,Hà Nội,BỆNH VIỆN ĐA KHOA PHƯƠNG ĐÔNG
3502,Manual QC Engineer,2025-12-13,35.0,Hồ Chí Minh,HSC Chứng Khoán Thành Phố Hồ Chí Minh
3503,Information Technology Project Management Specialist,2025-12-13,18.0,Hà Nội,EuP Group
3504,SAP Engineer/Executive,2025-12-13,40.0,Đồng Nai,HIRA MANUFACTURING
3505,AI implementation specialist,2025-12-13,42.932460732984296,Hà Nội,Công Ty Quốc Tế Sơn Hà
3506,Head of Information Technology Compliance,2025-12-13,29.210659898477157,Hồ Chí Minh,BVBank Ngân hàng Bản Việt
3507,Card Application Operations Specialist,2025-12-13,29.210659898477157,Hồ Chí Minh,BVBank Ngân hàng Bản Việt
3508,Information Technology Compliance Specialist,2025-12-13,29.210659898477157,Hồ Chí Minh,BVBank Ngân hàng Bản Việt
3509,Information Technology Security Specialist,2025-12-13,29.210659898477157,Hồ Chí Minh,BVBank Ngân hàng Bản Việt
3510,Information Technology Support Specialist,2025-12-13,42.932460732984296,Hà Nội,BVBank Ngân hàng Bản Việt
3511,Head of System and Database Administration,2025-12-13,29.210659898477157,Hồ Chí Minh,BVBank Ngân hàng Bản Việt
3512,Business Strategy Specialist,2025-12-13,42.932460732984296,Hà Nội,Viettel CHT
3513,Scrum Master,2026-01-12,29.210659898477157,Hồ Chí Minh,Laidon Consulting Vietnam
3514,Information Security Specialist,2026-01-12,25.0,Hà Nội,ĐẠI HỌC PHENIKAA
3515,System Administration Specialist,2026-01-12,25.0,Hà Nội,ĐẠI HỌC PHENIKAA
3516,Equipment Infrastructure Operational Assurance Specialist,2025-12-13,20.0,Hồ Chí Minh,CÔNG TY TIN HỌC VIỄN THÔNG HÀNG KHÔNG AITS
3517,Database administration engineer,2026-01-12,42.932460732984296,Hà Nội,Viettel CHT
3518,Project Expert,2026-01-12,29.210659898477157,Hồ Chí Minh,CÔNG TY TÀI CHÍNH NGÂN HÀNG TMCP SÀI GÒN HÀ NỘI (SHBFinance)
3519,Senior .NET Full Stack Developer,2025-12-13,29.210659898477157,Hồ Chí Minh,Concung.com Con Cung Joint Stock Company
3520,Department of NS& Internal Services CVCC Administration and Management,2026-01-12,42.932460732984296,Hà Nội,Ngân hàng TMCP Lộc Phát Việt Nam (LPBank)
3521,IT Portfolio Management Specialist,2026-01-12,42.932460732984296,Hà Nội,Ngân hàng TMCP Đại Chúng Việt Nam PVcomBank
3522,Security Operations Center Tier 2 Engineer,2026-01-12,42.932460732984296,Hà Nội,Viettel CHT
3523,IT ADMINISTRATIVE STAFF,2025-12-23,17.857142857142858,Đồng Nai,KAM HING DỆT NHUỘM VÀ IN
3524,Head of information technology department,2025-12-23,35.0,Hà Nội,CÔNG TY ĐẦU TƯ BeNK
3525,IT Business Analyst,2025-12-23,50.0,Hà Nội,Công Ty A25 Hotel
3526,Director of Information Technology Department,2025-12-12,29.210659898477157,Hồ Chí Minh,Nova Service Group Công ty Tập đoàn Nova Services
3527,Embedded Engineer. Embedded Engineer,2026-01-11,35.0,Hà Nội,Tập Đoàn Karofi Holding
3528,General Planning Officer,2026-01-11,20.0,Hà Nội,Tổng Công ty Công trình Viettel
3529,Senior Full stack Developer Odoo,2026-01-11,42.0,Hà Nội,Tập Đoàn Karofi Holding
3530,Automation Testing Specialist,2026-01-11,40.0,Hà Nội,Tập Đoàn Karofi Holding
3531,Head of Quality Department III Chinese,2026-01-11,28.0,Bà Rịa - Vũng Tàu,ELECTRONIC TRIPOD VIỆT NAM (CHÂU ĐỨC)
3532,Planning Department Specialist,2026-01-11,37.18351822503962,Lâm Đồng,DB HOME
3533,SALES ENGINEER,2026-01-11,30.0,Hà Nội,CÔNG TY PHÁT TRIỂN CÔNG NGHỆ TECHPRO
3534,Hanoi Information Security Expert TA084,2026-01-11,42.932460732984296,Hà Nội,Ngân Hàng TMCP Việt Nam Thịnh Vượng VPBANK
3535,IT technical staff,2026-01-11,14.0,Hà Nội,CÔNG TY GIẢI PHÁP CÔNG NGHỆ HQG
3536,Electronic engineer,2026-01-11,15.0,Hà Nội,TECOTEC Technology
3537,Hardware Design Engineer,2026-01-11,42.932460732984296,Hà Nội,Tổng Công ty Sản xuất thiết bị Viettel Tập đoàn Công nghiệp Viễn thông Quân đội (VIETTEL)
3538,Hanoi Risk Analyst TA084,2026-01-11,42.932460732984296,Hà Nội,Ngân Hàng TMCP Việt Nam Thịnh Vượng VPBANK
3539,IT Helpdesk staff,2025-12-12,13.0,Hà Nội,BỆNH VIỆN ĐA KHOA PHƯƠNG ĐÔNG
3540,Chinese Lab Center Engineer,2026-01-11,28.0,Bà Rịa - Vũng Tàu,ELECTRONIC TRIPOD VIỆT NAM (CHÂU ĐỨC)
3541,Software Design Engineer,2026-01-11,42.932460732984296,Hà Nội,Tổng Công ty Sản xuất thiết bị Viettel Tập đoàn Công nghiệp Viễn thông Quân đội (VIETTEL)
3542,Information Technology Service Engineer Chinese,2025-12-12,28.0,Bà Rịa - Vũng Tàu,ELECTRONIC TRIPOD VIỆT NAM (CHÂU ĐỨC)
3543,Chinese Chemical Engineer,2026-01-11,28.0,Bà Rịa - Vũng Tàu,ELECTRONIC TRIPOD VIỆT NAM (CHÂU ĐỨC)
3544,HCM Business Intelligence,2025-12-12,29.210659898477157,Hồ Chí Minh,Công Ty Goody Group
3545,AI Engineer,2025-12-22,18.0,Hồ Chí Minh,Cty Thực Phẩm Á Châu
3546,IT Helpdesk Staff,2025-12-12,15.0,Hà Nội,Thực Phẩm Sạch Thương Mại T&P
3547,IT Business Analyst,2025-12-22,25.0,Hà Nội,Công ty IIG Việt Nam
3548,Head of software development department,2025-12-11,17.857142857142858,Đồng Nai,CÔNG TY THÀNH PHỐ DU LỊCH SINH THÁI SƠN TIÊN
3549,Talent Acquisition Executive Technical Specialist,2026-01-10,20.0,Hà Nội,Tập Đoàn Karofi Holding
3550,Network Development Specialist,2026-01-10,42.932460732984296,Hà Nội,NGÂN HÀNG TMCP KỸ THƯƠNG VIỆT NAM (TECHCOMBANK)
3551,IT Business Analyst Assistant Manager,2026-01-10,29.210659898477157,Hồ Chí Minh,Marico South East Asia Corporation
3552,Card Business Analyst,2026-01-10,29.210659898477157,Hồ Chí Minh,BVBank Ngân hàng Bản Việt
3553,Expert/Senior Specialist in Valuable Paper Business,2026-01-10,29.210659898477157,Hồ Chí Minh,BVBank Ngân hàng Bản Việt
3554,Fullstack Developer,2025-12-11,29.210659898477157,Hồ Chí Minh,Nova Service Group Công ty Tập đoàn Nova Services
3555,IT Support,2025-12-10,29.210659898477157,Hồ Chí Minh,GALAXY DIGITAL HOLDINGS
3556,BUSINESS ANALYST INTERN,2025-12-10,7.0,Hà Nội,Công ty Trách nhiệm hữu hạn Khoa học kỹ thuật và Dịch vụ Genome
3557,Firmware Developer,2025-12-10,40.5,Hà Nội,Công Ty Phương Tiện Điện Thông Minh Selex
3558,Senior Specialist ERP system development,2025-12-10,29.210659898477157,Hồ Chí Minh,Công Ty Vàng Bạc Đá Quý Phú Nhuận PNJ
3559,Business Analyst – Software Development JLPT N`2 and Above,2025-12-10,30.0,Hồ Chí Minh,TRANSCOSMOS VIỆT NAM
3561,Application Operations Manager,2025-12-10,42.932460732984296,Hà Nội,LOTTE FINANCE VIETNAM
3562,Business Analyst,2025-12-27,20.0,Hồ Chí Minh,GALAXY DIGITAL HOLDINGS
3563,Developer,2025-12-10,29.210659898477157,Hồ Chí Minh,Y TẾ VIỆT TIẾN
3564,FINANCIAL EXPERTS ARE TECHNOLOGY UNDERSTANDING,2025-12-09,30.0,Hà Nội,CÔNG NGHỆ VNTRIP
3565,Mechanical and Electrical Automation Engineer,2025-12-09,37.18351822503962,Quốc tế,CÔNG TY CÔNG NGHỆ SOTATEK VIỆT NAM
3566,Fullstack .net programmer,2025-12-09,25.0,Hà Nội,CÔNG TY CÔNG NGHIỆP WELDCOM
3567,IT SUPPORT TEAM HEAD,2025-12-09,15.0,Hà Nội,BellSystem24 Việt Nam
3568,PYTHON ODOO PROGRAMMER,2025-12-09,30.0,Hà Nội,Công ty CANIFA
3569,BA Business Analyst,2025-12-09,35.0,Hà Nội,Tập Đoàn Karofi Holding
3570,Data Analyst,2026-01-08,18.0,Hà Nội,Công ty Chuỗi Nhà Hàng SVN
3571,IT Staff,2026-01-08,18.615384615384617,Bình Dương,DP Systems Electronic Mechanical Technology Vietnam
3572,Backend Developer,2025-12-26,37.46666666666667,Hồ Chí Minh,Nova Service Group Công ty Tập đoàn Nova Services
3573,IT Helpdesk staff,2025-12-08,12.75,Hồ Chí Minh,CÔNG TY DÂY CÁP ĐIỆN VIỆT NAM CADIVI
3574,NAV/Business Central Technical Lead,2025-12-08,18.615384615384617,Bình Dương,Accredo Asia Packaging
3575,IT staff,2025-12-08,20.0,Hà Nội,CÔNG TY ĐẦU TƯ BeNK
3576,Circuit Design Lecturer,2025-12-08,20.0,Hồ Chí Minh,TRƯỜNG ĐẠI HỌC CÔNG NGHỆ THÔNG TIN
3577,Researcher of Multimedia Communication Laboratory,2025-12-08,60.0,Hồ Chí Minh,TRƯỜNG ĐẠI HỌC CÔNG NGHỆ THÔNG TIN
3578,Application Management Specialist of Digital Banking Technology Division,2025-12-08,42.932460732984296,Hà Nội,Ngân hàng Thương mại Đông Nam Á (SeABank)
3579,Information Systems Lecturer,2025-12-08,60.0,Hồ Chí Minh,TRƯỜNG ĐẠI HỌC CÔNG NGHỆ THÔNG TIN
3580,Senior Risk Specialist Ho Chi Minh TA084,2025-12-08,29.210659898477157,Hồ Chí Minh,Ngân Hàng TMCP Việt Nam Thịnh Vượng VPBANK
3581,Automation Testing Specialist,2025-12-08,40.0,Hà Nội,Tập Đoàn Karofi Holding
3582,Instructor of Embedded Systems and Robotics,2025-12-08,60.0,Hồ Chí Minh,TRƯỜNG ĐẠI HỌC CÔNG NGHỆ THÔNG TIN
3583,Software Technology Lecturer,2025-12-08,60.0,Hồ Chí Minh,TRƯỜNG ĐẠI HỌC CÔNG NGHỆ THÔNG TIN
3584,Java Developer,2025-12-08,34.0,Hà Nội,CÔNG TY KINH DOANH F88
3585,"Card Technology Specialist, Digital Banking Technology Division",2025-12-08,42.932460732984296,Hà Nội,Ngân hàng Thương mại Đông Nam Á (SeABank)
3586,Information Security Instructor,2025-12-08,60.0,Hồ Chí Minh,TRƯỜNG ĐẠI HỌC CÔNG NGHỆ THÔNG TIN
3587,"Senior Digital Banking Specialist, Digital Banking Technology Division",2025-12-08,42.932460732984296,Hà Nội,Ngân hàng Thương mại Đông Nam Á (SeABank)
3588,Researcher of Information Systems Laboratory,2025-12-08,60.0,Hồ Chí Minh,TRƯỜNG ĐẠI HỌC CÔNG NGHỆ THÔNG TIN
3589,Instructor of Mobile Devices and Web Technology,2025-12-08,60.0,Hồ Chí Minh,TRƯỜNG ĐẠI HỌC CÔNG NGHỆ THÔNG TIN
3590,Senior IT Security,2025-12-08,40.0,Hà Nội,LOTTE FINANCE VIETNAM
3591,Data Communications Instructor,2025-12-08,60.0,Hồ Chí Minh,TRƯỜNG ĐẠI HỌC CÔNG NGHỆ THÔNG TIN
3592,Researcher at Information Security Laboratory,2025-12-08,145.0,Hồ Chí Minh,TRƯỜNG ĐẠI HỌC CÔNG NGHỆ THÔNG TIN
3593,Mid Software Engineer,2025-12-08,35.0,Hà Nội,MindX Technology School
3594,Senior Business Analyst,2025-12-08,29.210659898477157,Hồ Chí Minh,Công Ty Tập Đoàn Đầu Tư Địa Ốc No Va
3595,Computer Science Lecturer,2025-12-08,60.0,Hồ Chí Minh,TRƯỜNG ĐẠI HỌC CÔNG NGHỆ THÔNG TIN
3596,Senior Developer,2026-01-07,29.210659898477157,Hồ Chí Minh,ROUTINE VN FASHION DESIGN & RETAILER
3597,Senior IT / Senior Information Technology Specialist,2026-01-07,42.932460732984296,Hà Nội,CÔNG TY CHỨNG KHOÁN GUOTAI JUNAN
3598,DevOps Engineer,2026-01-07,29.210659898477157,Hồ Chí Minh,GALAXY DIGITAL HOLDINGS
3599,Digital Transformation Specialist,2026-01-07,17.0,Hồ Chí Minh,Công Ty Tài Chính Một Thành Viên Quốc Tế Việt Nam JACCS
3600,Python Developer,2026-01-07,29.210659898477157,Hồ Chí Minh,Bảo mật
3601,IT Auditor Information Technology Auditor,2026-01-07,20.0,Hồ Chí Minh,Công Ty Tài Chính Một Thành Viên Quốc Tế Việt Nam JACCS
3602,Senior Data Systems Architect,2026-01-07,29.210659898477157,Hồ Chí Minh,Bảo mật
3603,MAINTENANCE STAFF,2026-01-07,12.0,Hồ Chí Minh,Hỷ Lâm Môn & L'amour Bakery
3604,Senior AI Engineer,2025-12-08,45.0,Hà Nội,BẢO HIỂM NHÂN THỌ MB AGEAS
3605,Senior Backend Java Engineer,2026-01-07,29.210659898477157,Hồ Chí Minh,HR Vietnam’s ESS Client
3606,Senior Frontend Developer,2026-01-07,29.210659898477157,Hồ Chí Minh,HR Vietnam’s ESS Client
3607,PHP Developer,2025-12-08,29.210659898477157,Hồ Chí Minh,Belleza Việt Nam
3608,Data Engineer,2025-12-07,18.615384615384617,Bình Dương,Wanek Furniture
3609,Business Development Manager,2025-12-07,27.0,Hồ Chí Minh,Công Ty Thương Mại Truyền Thông Tốc Độ (SpeedPos Vietnam)
3610,Blue Team Engineer,2025-12-07,29.210659898477157,Hồ Chí Minh,Concung.com Con Cung Joint Stock Company
3611,10 Mechanical Design Engineer R&D Mechanical Design Engineer,2025-12-07,35.0,Hà Nội,Tập Đoàn Karofi Holding
3612,Database Administrator,2026-01-06,45.0,Hà Nội,SOCOTEC VIỆT NAM
3613,Senior IT Auditor,2026-01-06,42.932460732984296,Hà Nội,BẢO HIỂM NHÂN THỌ MB AGEAS
3614,PROJECT IMPLEMENTATION STAFF,2026-01-06,18.0,Hồ Chí Minh,CÔNG TY THƯƠNG MẠI DỊCH VỤ SAO NAM AN
3615,Content SEO staff,2026-01-06,14.0,Hà Nội,Hệ thống đào tạo lập trình hiện đại CodeGym Việt Nam
3616,ACER Sales Consultant in Hanoi,2026-01-06,15.0,Hà Nội,Acer Việt Nam
3617,Software Engineer,2026-01-06,25.0,Hồ Chí Minh,TỰ ĐỘNG HÓA ECA VIỆT NAM
3618,Senior Group IT Service Management Officer Hanoi TA174,2026-01-06,42.932460732984296,Hà Nội,Ngân Hàng TMCP Việt Nam Thịnh Vượng VPBANK
3619,DevOps Lead,2026-01-06,29.210659898477157,Hồ Chí Minh,THỜI TRANG VÀ MỸ PHẨM ÂU CHÂU
3620,CVCC Professional Support IT Service Management Hanoi TA174,2026-01-06,42.932460732984296,Hà Nội,Ngân Hàng TMCP Việt Nam Thịnh Vượng VPBANK
3621,Senior Backend Developer Hanoi TA174,2026-01-06,42.932460732984296,Hà Nội,Ngân Hàng TMCP Việt Nam Thịnh Vượng VPBANK
3622,Digital Marketing,2025-12-07,14.0,Hồ Chí Minh,Tư Vấn Kỹ Thuật Và Tin Học Thương Mại Viet C.A.D
3623,Senior Business Analyst Hanoi TA174,2026-01-06,42.932460732984296,Hà Nội,Ngân Hàng TMCP Việt Nam Thịnh Vượng VPBANK
3624,Head of Marketing Department,2026-01-06,35.0,Hà Nội,Tập Đoàn Karofi Holding
3625,Project manager,2026-01-06,50.0,Bà Rịa - Vũng Tàu,ASHTON FURNITURE CONSOLIDATION
3626,System Development and Integration Specialist,2025-12-06,30.0,Hà Nội,Bệnh viện Đa khoa Hà Nội
3627,UX Content Writer,2025-12-06,29.210659898477157,Hồ Chí Minh,CÔNG TY CITICS
3628,CV/CVC/CVCC Operate the application,2025-12-06,42.932460732984296,Hà Nội,Ngân hàng TMCP Lộc Phát Việt Nam (LPBank)
3629,Embedded Engineer. Embedded Engineer,2025-12-06,25.0,Hà Nội,Tập Đoàn Karofi Holding
3630,HCM Informatics Teacher,2025-12-06,12.0,Hồ Chí Minh,Công ty IIG Việt Nam
3631,Manager PLM & MES,2026-01-05,18.615384615384617,Bình Dương,CRYSTAL ELEGANCE TEXTILES VIỆT NAM
3632,User Support Specialist / IT Helpdesk,2026-01-05,42.932460732984296,Hà Nội,CÔNG TY TÀI CHÍNH TÍN DỤNG TIÊU DÙNG MTV AEON
3633,Project Manager,2026-01-05,40.0,Hồ Chí Minh,Viettel CHT
3634,CVCC/ CVC Application Operations Internal Application Group,2026-01-05,42.932460732984296,Hà Nội,CÔNG TY TÀI CHÍNH TÍN DỤNG TIÊU DÙNG MTV AEON
3635,Technology Security Expert,2026-01-05,42.932460732984296,Hà Nội,CÔNG TY TÀI CHÍNH TÍN DỤNG TIÊU DÙNG MTV AEON
3636,Core System Operations Specialist/Expert,2026-01-05,42.932460732984296,Hà Nội,CÔNG TY TÀI CHÍNH TÍN DỤNG TIÊU DÙNG MTV AEON
3637,ERP user support and business analysis staff,2026-01-05,16.0,Hà Nội,Công ty CANIFA
3638,Bioinformatician,2026-01-05,29.210659898477157,Hồ Chí Minh,CÔNG TY GIẢI PHÁP GENE GENE SOLUTIONS
3639,Data Analyst,2026-01-05,25.0,Hà Nội,Công ty CANIFA
3640,System Development Specialist,2026-01-05,42.932460732984296,Hà Nội,CÔNG TY TÀI CHÍNH TÍN DỤNG TIÊU DÙNG MTV AEON
3641,Business development officer,2026-01-05,21.6,Hà Nội,OLA CHAT PTE
3642,QA Engineer,2026-01-05,22.0,Hà Nội,CÔNG TY CÔNG NGHỆ QI
3643,Business Analyst,2026-01-05,22.0,Hà Nội,CÔNG TY CÔNG NGHỆ QI
3644,Operations Team Leader,2026-01-05,29.210659898477157,Hồ Chí Minh,CÔNG TY KINH DOANH F88
3645,Senior IT Procurement Officer TA184,2026-01-05,42.932460732984296,Hà Nội,Ngân Hàng TMCP Việt Nam Thịnh Vượng VPBANK
3646,Business Analyst,2026-01-05,20.0,Hà Nội,CÔNG TY CÔNG NGHỆ QI
3647,Android Programming,2026-01-05,25.0,Hà Nội,Công ty Masscom Việt Nam
3649,Informatics Teacher,2026-01-04,15.0,Hà Nội,TRƯỜNG PHỔ THÔNG LIÊN CẤP H.A.S
3650,Programmer,2026-01-04,16.0,Hà Nội,Công Ty Nhựa Hà Nội
3651,Senior IT Risk/Vendor Management,2026-01-04,42.932460732984296,Hà Nội,NGÂN HÀNG TMCP KỸ THƯƠNG VIỆT NAM (TECHCOMBANK)
3652,Data Scientist Expert Hanoi TA139,2026-01-04,42.932460732984296,Hà Nội,Ngân Hàng TMCP Việt Nam Thịnh Vượng VPBANK
3653,Software architect,2026-01-04,42.932460732984296,Hà Nội,Chứng khoán Ngân hàng TMCP Ngoại thương Việt Nam (VCBS Vietcombank Securities)
3654,Middle/Senior Mobile Developer,2026-01-04,50.0,Hà Nội,Công ty Chứng khoán DNSE
3655,Software Testing Specialist,2026-01-04,42.932460732984296,Hà Nội,Chứng khoán Ngân hàng TMCP Ngoại thương Việt Nam (VCBS Vietcombank Securities)
3656,Odoo Software Development Specialist,2026-01-04,45.0,Hà Nội,Tập Đoàn Karofi Holding
3657,R&D Engineer,2026-01-04,58.6,Hưng Yên,HR Vietnam’s ESS Client
3658,Senior IT Operations,2026-01-04,42.932460732984296,Hà Nội,NGÂN HÀNG TMCP KỸ THƯƠNG VIỆT NAM (TECHCOMBANK)
3659,Assistant to the Board of Directors,2026-01-04,35.0,Hà Nội,CÔNG TY THỊNH CƯỜNG
3660,Business Engineer,2025-12-05,30.0,Hồ Chí Minh,CÔNG TY TƯ VẤN VÀ DỊCH VỤ CÔNG NGHỆ ASIC
3661,Senior AI/ML Engineer,2026-01-04,29.210659898477157,Hồ Chí Minh,GALAXY DIGITAL HOLDINGS
3662,Head of Human Resources Administration Department,2026-01-04,30.0,Hà Nội,Tập Đoàn Karofi Holding
3663,System Administrator,2026-01-04,25.0,Hà Nội,Công ty Chứng khoán DNSE
3664,Backend Developer,2026-01-04,50.0,Hà Nội,Công ty Chứng khoán DNSE
3665,Information Technology Project Management Specialist,2026-01-04,18.0,Hà Nội,EuP Group
3666,Head of Information Security Department,2026-01-04,42.932460732984296,Hà Nội,EuP Group
3667,Senior IT Security,2026-01-04,40.0,Hà Nội,NGÂN HÀNG TMCP KỸ THƯƠNG VIỆT NAM (TECHCOMBANK)
3668,Programmer,2026-01-04,20.0,Hà Nội,EuP Group
3669,Application administrator,2025-12-05,29.210659898477157,Hồ Chí Minh,Tổng công ty Bảo Minh
3670,Data Analyst,2025-12-04,25.0,Hồ Chí Minh,KDI EDUCATION
3671,IT Helpdesk/IT Support Staff,2025-12-04,17.0,Hồ Chí Minh,XÂY DỰNG TUẤN LÊ
3672,Technology Operations Specialist,2025-12-04,42.932460732984296,Hà Nội,CÔNG TY TÀI CHÍNH NGÂN HÀNG TMCP SÀI GÒN HÀ NỘI (SHBFinance)
3673,Senior Financial Analyst,2025-12-04,20.0,Hồ Chí Minh,Nhất Tín Logistics
3674,Senior Data Engineer,2025-12-04,42.932460732984296,Hà Nội,CÔNG TY TÀI CHÍNH NGÂN HÀNG TMCP SÀI GÒN HÀ NỘI (SHBFinance)
3675,Senior Software Engineer,2025-12-04,42.932460732984296,Hà Nội,CÔNG TY TÀI CHÍNH NGÂN HÀNG TMCP SÀI GÒN HÀ NỘI (SHBFinance)
3676,CV/CVCC Operate the application,2025-12-04,42.932460732984296,Hà Nội,CÔNG TY TÀI CHÍNH NGÂN HÀNG TMCP SÀI GÒN HÀ NỘI (SHBFinance)
3677,AI Prompt Training Specialist,2026-01-03,12.0,Hà Nội,Chương trình Học viện Công nghệ BKACAD
3678,Software operator,2025-12-04,29.210659898477157,Hồ Chí Minh,BETRIMEX Công Ty Xuất Nhập Khẩu Bến Tre
3679,Business Analyst,2026-01-03,23.125,Hà Nội,BẢO HIỂM NHÂN THỌ MB AGEAS
3680,Senior Data Engineer,2026-01-03,42.932460732984296,Hà Nội,BẢO HIỂM NHÂN THỌ MB AGEAS
3681,DevOps specialist,2026-01-03,42.932460732984296,Hà Nội,LOTTE FINANCE VIETNAM
3682,Data Governance,2026-01-03,42.932460732984296,Hà Nội,BẢO HIỂM NHÂN THỌ MB AGEAS
3683,ERP Technical Leader,2026-01-03,29.210659898477157,Hồ Chí Minh,Tổng công ty Xây dựng số 1 – CTCP
3684,Odoo Developer,2026-01-03,29.210659898477157,Hồ Chí Minh,Tổng công ty Xây dựng số 1 – CTCP
3685,Data Analyst,2026-01-03,23.25,Hà Nội,BẢO HIỂM NHÂN THỌ MB AGEAS
3686,CV/CVC/CVCC System administrator working at Hanoi Headquarters,2025-12-04,42.932460732984296,Hà Nội,Ngân hàng TMCP Việt Á – VietABank
3687,.NET programmer,2025-12-04,25.0,Hà Nội,Công ty IIG Việt Nam
3688,Data Management Specialist,2026-01-03,42.932460732984296,Hà Nội,NGÂN HÀNG TRÁCH NHIỆM HỮU HẠN MỘT THÀNH VIÊN VIỆT NAM HIỆN ĐẠI
3689,Software Testing Specialist Tester,2026-01-03,20.0,Hà Nội,Tổng Công ty Công trình Viettel
3690,Application Deployment Specialist,2025-12-04,40.0,Hồ Chí Minh,CÔNG TY EPLUS RESEARCH
3691,IT OPERATION LEAD,2025-12-03,29.210659898477157,Hồ Chí Minh,PG GROUP
3692,IT Helpdesk,2025-12-03,29.7,Hà Nội,THIỀN
3693,IT Risk & Compliance Chief,2025-12-03,25.0,Hồ Chí Minh,Công Ty Tài Chính Một Thành Viên Quốc Tế Việt Nam JACCS
3694,"Talent Acquisition Specialist, Technology Sector Specialist",2025-12-03,18.0,Hà Nội,Tập Đoàn Karofi Holding
3695,IT Project Coordinator,2025-12-03,18.615384615384617,Bình Dương,Wanek Furniture
3696,Senior BackEnd Developer,2025-12-03,42.932460732984296,Hà Nội,LOTTE FINANCE VIETNAM
3697,Marketing Staff,2025-12-03,42.932460732984296,Hà Nội,Viettel CHT
3698,Developer intern,2025-12-02,29.210659898477157,Hồ Chí Minh,LacViet Computing Corporation
3699,Head of Information Technology Department Go to work immediately,2025-12-02,40.0,Hồ Chí Minh,Công Ty Đầu Tư IMG
3700,Deputy Director of Infrastructure at Phu Nhuan,2025-12-02,29.210659898477157,Hồ Chí Minh,Công Ty Vacxin Việt Nam
3701,Vision Engineer,2025-12-02,30.0,Hà Nội,CÔNG TY CÔNG NGHIỆP WELDCOM
3702,Senior Data Engineer,2025-12-02,29.210659898477157,Hồ Chí Minh,HSC Chứng Khoán Thành Phố Hồ Chí Minh
3703,Business analyst,2025-12-02,35.0,Hà Nội,Công ty thực phẩm và đồ uống Barett
3704,Business Intelligence Analyst Retail Banking Hanoi TA139,2025-12-02,42.932460732984296,Hà Nội,Ngân Hàng TMCP Việt Nam Thịnh Vượng VPBANK
3705,Project Manager,2025-12-02,32.0,Hà Nội,Công Ty Cổ Phần Tập Đoàn Golden Gate Chi nhánh Miền Nam
3706,IT Leader,2025-12-02,35.0,Hồ Chí Minh,CÔNG TY THƯƠNG MẠI DỊCH VỤ SẢN XUẤT HƯƠNG THỦY
3707,Test Engineer,2025-12-01,15.0,Hà Nội,TECOTEC Technology
3708,Technical Staff Executing Network and Camera Systems,2025-12-01,13.0,Hồ Chí Minh,THƯƠNG MẠI DỊCH VỤ KỸ THUẬT TẦM NHÌN
3709,Deputy Manager of Data Analytics,2025-12-01,42.932460732984296,Hà Nội,BẢO HIỂM NHÂN THỌ MB AGEAS
3710,Software Engineer,2025-12-01,25.0,Hồ Chí Minh,Archetype Việt Nam
3711,System Engineer,2025-12-01,29.210659898477157,Hồ Chí Minh,Archetype Việt Nam
3712,CVCC Hanoi Human Resources System Administration TA163,2025-12-01,42.932460732984296,Hà Nội,Ngân Hàng TMCP Việt Nam Thịnh Vượng VPBANK
3713,Metal Casting Technology Management,2025-12-01,94.5,Hà Nam,Headhunter HRchannels Group
3714,IT Application Team Lead,2025-12-01,29.210659898477157,Hồ Chí Minh,HD SAISON Finance
3715,IT specialist,2025-12-01,15.0,Tây Ninh,COCREATION GRASS CORPORATION VIỆT NAM
3716,Information Technology Staff,2025-12-01,12.0,Phú Thọ,CÔNG TY TẬP ĐOÀN ONSEN FUJI
3717,Senior Data Engineer,2025-12-31,29.210659898477157,Hồ Chí Minh,HSC Chứng Khoán Thành Phố Hồ Chí Minh
3718,Head of Project Management Office,2025-12-31,29.210659898477157,Hồ Chí Minh,HSC Chứng Khoán Thành Phố Hồ Chí Minh
3719,Product Owner,2025-12-01,45.0,Hồ Chí Minh,Công Ty Tập Đoàn KIDO
3720,Middle Tester/QC Software Testing Staff,2025-12-31,20.0,Hà Nội,Công ty Cố phần giải pháp công nghệ ITE
3721,Flutter Developer,2025-12-01,25.0,Hà Nội,Tổng Công ty Công trình Viettel
3722,Team Leader & Trainer,2025-12-01,29.210659898477157,Hồ Chí Minh,Công Ty Kỹ Thuật Môi Trường Việt An
3723,DevOps Engineer,2025-12-31,29.210659898477157,Hồ Chí Minh,Công Ty Công Nghệ Sen Đỏ
3724,Data Analyst,2025-12-01,29.210659898477157,Hồ Chí Minh,Công Ty TEECOM
3725,FE DEVELOPER,2025-12-01,18.0,Hồ Chí Minh,CÔNG TY CÔNG NGHỆ NƯỚC NĂNG LƯỢNG
3726,Senior IT Security,2025-11-30,40.0,Hà Nội,CÔNG TY KINH DOANH F88
3728,Product Owner,2025-11-30,31.666666666666668,Hà Nội,CÔNG TY KINH DOANH F88
3729,Senior Business Intelligence Analyst Retail Banking Hanoi TA139,2025-11-30,42.932460732984296,Hà Nội,Ngân Hàng TMCP Việt Nam Thịnh Vượng VPBANK
3730,ELECTRICAL CONSTRUCTION ENGINEER,2025-12-30,20.0,Hà Nội,NETMARKS VIỆT NAM
3731,Data Analyst,2025-12-30,17.857142857142858,Đồng Nai,Công Ty Tân Vĩnh Cửu (Tavico group)
3732,Senior Finance System Analyst,2025-12-30,29.210659898477157,Hồ Chí Minh,Công Ty Tập Đoàn Đầu Tư Địa Ốc No Va
3733,Senior IT Security Officer,2025-12-30,42.932460732984296,Hà Nội,LOTTE FINANCE VIETNAM
3734,Information Security Solution Consulting Engineer,2025-12-30,42.932460732984296,Hà Nội,Viettel CHT
3735,Insurance Professional Digitization Specialist,2025-12-30,42.932460732984296,Hà Nội,Tổng công ty Bảo hiểm Bưu điện
3736,Network Administration Infrastructure Specialist,2025-12-30,42.932460732984296,Hà Nội,Chứng khoán Ngân hàng TMCP Ngoại thương Việt Nam (VCBS Vietcombank Securities)
3737,Pos Odoo Python Programmer,2025-12-30,19.0,Hà Nội,Công ty CANIFA
3738,ERP user support staff,2025-12-30,16.0,Hà Nội,Công ty CANIFA
3739,Security Compliance & Data Protection Specialist,2025-12-30,29.210659898477157,Hồ Chí Minh,GALAXY DIGITAL HOLDINGS
3740,ERP BUSINESS ANALYST SPECIALIST,2025-12-30,30.0,Hà Nội,Công ty CANIFA
3741,AI Technology Product Quality Control Expert,2025-12-30,29.210659898477157,Hồ Chí Minh,Công Ty Vàng Bạc Đá Quý Phú Nhuận PNJ
3742,Middle Software Engineer,2025-12-30,35.0,Hà Nội,MindX Technology School
3743,Product Owner,2025-12-30,45.0,Hồ Chí Minh,GALAXY DIGITAL HOLDINGS
3744,PYTHON ODOO PROGRAMMER,2025-12-30,30.0,Hà Nội,Công ty CANIFA
3745,Phone Repair Technician,2025-11-29,29.210659898477157,Hồ Chí Minh,AI PAY
3746,IT Support,2025-11-29,42.932460732984296,Hà Nội,Viettel CHT
3747,TECHNICAL STAFF,2025-11-29,15.0,Bình Dương,Sài Gòn Stec
3748,Embedded Engineer,2025-11-29,15.0,Hà Nội,TECOTEC Technology
3749,Application Engineer,2025-11-29,15.0,Hà Nội,TECOTEC Technology
3750,Mechanical engineer,2025-11-29,15.0,Hà Nội,TECOTEC Technology
3751,Electronic engineer,2025-11-29,8.0,Hà Nội,TECOTEC Technology
3752,Automation Tester,2025-11-29,35.0,Hà Nội,CÔNG TY KINH DOANH F88
3753,PYTHON ODOO PROGRAMMER,2025-11-29,30.0,Hà Nội,Công ty CANIFA
3754,Application Operations Specialist,2025-11-29,42.932460732984296,Hà Nội,NGÂN HÀNG TMCP KỸ THƯƠNG VIỆT NAM (TECHCOMBANK)
3755,Database Operations Specialist,2025-11-29,42.932460732984296,Hà Nội,NGÂN HÀNG TMCP KỸ THƯƠNG VIỆT NAM (TECHCOMBANK)
3756,Business Analysis Process Automation,2025-11-29,30.0,Hà Nội,Công ty CANIFA
3757,ERP BUSINESS ANALYST SPECIALIST,2025-11-29,30.0,Hà Nội,Công ty CANIFA
3758,AI Engineer,2025-11-29,35.0,Hà Nội,Công ty CANIFA
3759,Senior Data Governance Specialist Hanoi TA139,2025-11-29,42.932460732984296,Hà Nội,Ngân Hàng TMCP Việt Nam Thịnh Vượng VPBANK
3760,Database Administrator Expert,2025-11-29,42.932460732984296,Hà Nội,LOTTE FINANCE VIETNAM
3761,Senior Designer,2025-11-29,18.0,Hà Nội,Tập Đoàn Karofi Holding
3762,Software testing specialist,2025-12-29,20.0,Hà Nội,Công ty IIG Việt Nam
3763,Data Analyst and Reporting Specialist,2025-12-29,42.932460732984296,Hà Nội,LOTTE FINANCE VIETNAM
3764,Product Owner Digital Solution,2025-12-29,42.932460732984296,Hà Nội,Công Ty Chứng Khoán VNDIRECT
3765,Specialist in Deploying and Operating CRM and SCM systems,2025-11-29,29.210659898477157,Hồ Chí Minh,Công ty Tập đoàn Hoa Sen
3766,Deputy Director of Center for Architecture Management and IT Portfolio,2025-12-29,42.932460732984296,Hà Nội,Ngân hàng TMCP Đại Chúng Việt Nam PVcomBank
3767,Deputy General Director of Sales,2025-12-29,42.932460732984296,Hà Nội,Công ty Tập đoàn Meey Land
3768,Senior Engineer – O365 / Messaging & Collaboration Hanoi TA174,2025-12-29,42.932460732984296,Hà Nội,Ngân Hàng TMCP Việt Nam Thịnh Vượng VPBANK
3769,Senior Data Engineer HN TA133,2025-12-29,42.932460732984296,Hà Nội,Ngân Hàng TMCP Việt Nam Thịnh Vượng VPBANK
3770,Binh Duong IT staff,2025-11-28,18.0,Bình Dương,Cty Yakult Việt Nam
3771,Chief Technology Officer SAAS,2025-12-28,135.0,Hồ Chí Minh,DREAM TALENT
3772,Senior Operations Management Specialist,2025-12-28,42.932460732984296,Hà Nội,Công Ty Chứng Khoán VNDIRECT
3773,DIGITAL TRANSFORMATION SPECIALIST,2025-12-28,29.210659898477157,Hồ Chí Minh,Công Ty Acecook Việt Nam
3774,Backend Developer,2025-12-28,37.5,Hà Nội,Tổng Công Ty Bảo Hiểm Ngân Hàng TMCP Công Thương Việt Nam
3775,"Senior Expert, Business Finance Analysis",2025-12-28,42.932460732984296,Hà Nội,NGÂN HÀNG TMCP KỸ THƯƠNG VIỆT NAM (TECHCOMBANK)
3776,HO Specialist/Main expert/Senior expert in Financial data management,2025-12-28,42.932460732984296,Hà Nội,Ngân hàng TMCP Lộc Phát Việt Nam (LPBank)
3777,Senior Backend Developer Hanoi TA174,2025-12-28,42.932460732984296,Hà Nội,Ngân Hàng TMCP Việt Nam Thịnh Vượng VPBANK
3778,Data Engineer,2025-11-28,40.0,Hồ Chí Minh,HD SAISON Finance
3779,Mechanical Engineer,2025-12-28,15.0,Hà Nội,TECOTEC Technology
3780,IT Infrastructure & Security Supervisor,2025-11-27,29.210659898477157,Hồ Chí Minh,CÔNG TY NGUYÊN LIỆU Á CHÂU
3781,Embedded System Developer,2025-11-27,30.0,Hà Nội,Tập Đoàn Karofi Holding
3782,Head of SAP Development Department,2025-12-27,42.932460732984296,Hà Nội,Công Ty Eurowindow
3783,Assistant to the President,2025-12-27,42.932460732984296,Hà Nội,Công ty Tập đoàn Meey Land
3784,"IT Helpdesk Staff at Long Bien, Hanoi",2025-12-27,13.0,Hà Nội,CÔNG TY CÔNG NGHIỆP WELDCOM
3785,CONSTRUCTION DIGITAL CONVERSION SPECIALIST,2025-12-27,29.210659898477157,Hồ Chí Minh,Tổng công ty Xây dựng số 1 – CTCP
3786,Java Programmer / Java Developer,2025-12-27,42.932460732984296,Hà Nội,Hệ thống Y tế Thu Cúc
3787,Business Analyst Next Gen,2025-12-27,42.932460732984296,Hà Nội,Công Ty Chứng Khoán VNDIRECT
3788,Automation Engineer,2025-12-27,25.0,Hà Nội,KỸ THUẬT ASG VIỆT NAM
3789,Mobile Developer,2025-12-27,45.9,Hà Nội,Tổng Công Ty Bảo Hiểm Ngân Hàng TMCP Công Thương Việt Nam
3790,IT staff,2025-12-27,42.932460732984296,Hà Nội,CÔNG TY TẬP ĐOÀN BMK
3792,Backend Engineer,2025-12-27,29.210659898477157,Hồ Chí Minh,Viet Thai International
3793,IT staff,2025-12-27,12.0,Đồng Nai,Hạt Giống C.P Việt Nam
3794,Software Development Engineer Next Gen,2025-12-27,42.932460732984296,Hà Nội,Công Ty Chứng Khoán VNDIRECT
3795,Business Analyst,2025-12-27,15.0,Hà Nội,Công Ty Đầu Tư Và Phát Triển Nhựa Gỗ Châu Âu
3796,Data Analyst,2025-12-27,25.0,Hà Nội,Công ty CANIFA
3797,Sales staff in Ho Chi Minh area,2025-11-26,25.0,Hồ Chí Minh,Công ty Tập đoàn Leeon Group
3798,Senior Data Engineer BIC Hanoi TA139,2025-11-26,42.932460732984296,Hà Nội,Ngân Hàng TMCP Việt Nam Thịnh Vượng VPBANK
3799,Business Analyst International Business Department,2025-11-26,30.0,Hà Nội,Tập Đoàn Karofi Holding
3800,Security Monitoring Specialist,2025-11-26,29.210659898477157,Hồ Chí Minh,Công Ty Tập Đoàn Đầu Tư Địa Ốc No Va
3801,Data Engineer,2025-11-26,30.0,Hà Nội,CÔNG TY SALE PLUS
3802,Senior Security Infrastructure Officer,2025-11-26,42.932460732984296,Hà Nội,LOTTE FINANCE VIETNAM
3803,Expert Solution Architect,2025-11-26,42.932460732984296,Hà Nội,LOTTE FINANCE VIETNAM
3804,Quality Assurance Engineer Financial Systems,2025-11-26,42.932460732984296,Hà Nội,LOTTE FINANCE VIETNAM
3805,HUMAN RESOURCE POLICY SPECIALIST TT. HUMAN RESOURCE MANAGEMENT,2025-12-26,29.210659898477157,Hồ Chí Minh,Ngân Hàng TMCP Sài Gòn Thương Tín (Sacombank)
3806,Business Analyst,2025-11-25,20.0,Hồ Chí Minh,CÔNG NGHỆ B2B
3807,Java Programmer,2025-11-25,42.932460732984296,Hà Nội,Công Ty Giải Pháp Thanh Toán Việt Nam (VNPAY)
3808,Certification Officer,2025-11-25,10.0,Hà Nội,Công ty sản xuất và xuất khẩu Quế hồi Việt Nam
3809,CVC/CVCC Business Analysis,2025-11-25,42.932460732984296,Hà Nội,CÔNG TY CHỨNG KHOÁN ASEAN
3810,10 Mechanical Design Engineer R&D Mechanical Design Engineer,2025-12-25,35.0,Hà Nội,Tập Đoàn Karofi Holding
3811,Route To Market,2025-12-25,29.210659898477157,Hồ Chí Minh,Cty Thực Phẩm Á Châu
3812,Senior Data Scientist Hanoi TA139,2025-12-25,42.932460732984296,Hà Nội,Ngân Hàng TMCP Việt Nam Thịnh Vượng VPBANK
3813,WAREHOUSE STAFF,2025-11-24,13.0,Hồ Chí Minh,CÔNG TY GIẢI PHÁP CÔNG NGHỆ HQG
3814,Project administration,2025-11-24,35.0,Hà Nội,Công Ty Quản Lý Nợ Và Khai Thác Tài Sản Ngân Hàng TMCP Quân Đội
3815,PRODUCT MANAGER,2025-11-24,29.210659898477157,Hồ Chí Minh,HR Vietnam’s ESS Client
3816,"Information Security Risk Management Specialist, Operational Risk Management Department, Risk Management Division",2025-11-24,42.932460732984296,Hà Nội,Ngân hàng TMCP Đại Chúng Việt Nam PVcomBank
3817,Senior compliance management specialist,2025-11-24,29.210659898477157,Hồ Chí Minh,Công Ty Tập Đoàn Đầu Tư Địa Ốc No Va
3818,IT specialist,2025-11-24,18.0,Hà Nội,Công ty thực phẩm và đồ uống Barett
3819,ERP Engineer,2025-11-24,37.18351822503962,Bình Định,WGR INDUSTRIES
3820,DBA Database Administration Engineer,2025-11-24,30.0,Hà Nội,Tổng Công ty Công trình Viettel
3821,Head of Risk Management Department,2025-11-24,45.0,Hà Nội,Công ty Tập đoàn Meey Land
3822,Expert/Head of software development,2025-11-24,54.0,Hà Nội,Công Ty Quản Lý Nợ Và Khai Thác Tài Sản Ngân Hàng TMCP Quân Đội
3823,HEAD OF HN TECHNICAL SUPPORT GROUP,2025-12-24,15.0,Hà Nội,BellSystem24 Việt Nam
3824,User Support Specialist,2025-12-24,42.932460732984296,Hà Nội,Ngân hàng Thương mại Đông Nam Á (SeABank)
3825,Java programmer,2025-12-24,30.0,Hà Nội,Tổng Công ty Công trình Viettel
3826,Head of Java Programming Team,2025-12-24,32.0,Hà Nội,Tổng Công ty Công trình Viettel
3827,Software Solution Development Specialist,2025-12-24,29.210659898477157,Hồ Chí Minh,OMN1 Solution
3828,IT Staff,2025-12-24,18.615384615384617,Bình Dương,DP Systems Electronic Mechanical Technology Vietnam
3829,CVCC Business Analysis Debt Collection Segment Hanoi TA139,2025-12-24,42.932460732984296,Hà Nội,Ngân Hàng TMCP Việt Nam Thịnh Vượng VPBANK
3830,Senior Business Intelligence Analyst Collection Hanoi TA139,2025-12-24,42.932460732984296,Hà Nội,Ngân Hàng TMCP Việt Nam Thịnh Vượng VPBANK
3831,Network administration and security specialist,2025-11-24,17.857142857142858,Đồng Nai,Công Ty Tân Vĩnh Cửu (Tavico group)
3832,Infrastructure and hardware staff,2025-11-24,17.857142857142858,Đồng Nai,Công Ty Tân Vĩnh Cửu (Tavico group)
3833,Fullstack Software Development Specialist,2025-11-23,42.932460732984296,Hà Nội,Ngân Hàng Thương Mại Bảo Việt
3834,Senior specialist in project management office transformation,2025-11-23,42.932460732984296,Hà Nội,Ngân hàng TMCP Đại Chúng Việt Nam PVcomBank
3835,Application Development Specialist Working at TSC Ha Dong,2025-11-23,42.932460732984296,Hà Nội,Ngân hàng TMCP Việt Á – VietABank
3836,Senior Low Code Developer,2025-11-23,29.210659898477157,Hồ Chí Minh,Công Ty Vàng Bạc Đá Quý Phú Nhuận PNJ
3837,Head of Embedded Software Development Department,2025-11-23,40.0,Hà Nội,Tập Đoàn Karofi Holding
3838,Sales Director,2025-11-23,35.0,Hà Nội,Tập Đoàn Karofi Holding
3839,Senior Data Scientist Hanoi TA139,2025-11-23,42.932460732984296,Hà Nội,Ngân Hàng TMCP Việt Nam Thịnh Vượng VPBANK
3840,CVCC Business analysis and data system Hanoi TA139,2025-11-23,42.932460732984296,Hà Nội,Ngân Hàng TMCP Việt Nam Thịnh Vượng VPBANK
3841,Business Intelligence,2025-12-23,25.0,Hồ Chí Minh,MTV CHẾ TÁC VÀ KINH DOANH TRANG SỨC PNJ
3842,Odoo Python POS programming,2025-12-23,20.0,Hà Nội,Công ty CANIFA
3843,Head of software solutions department,2025-12-23,40.0,Hà Nội,EuP Group
3844,System Administration Specialist,2025-11-23,25.0,Hà Nội,CÔNG TY CÔNG NGHIỆP WELDCOM
3845,Light Electrical Engineer,2025-12-23,42.932460732984296,Hà Nội,GTEL ICT
3846,Electrical engineer,2025-12-23,42.932460732984296,Hà Nội,GTEL ICT
3847,Devops Engineer,2025-12-23,30.0,Hà Nội,GTEL ICT
3848,AI Prompt Engineer,2025-12-23,16.0,Hồ Chí Minh,Công ty Mỹ phẩm Quốc tế Thùy Dung
3849,Head of Customer Success,2025-12-23,29.210659898477157,Hồ Chí Minh,GALAXY DIGITAL HOLDINGS
3850,Network & Security Engineer,2025-12-23,37.0,Hà Nội,GTEL ICT
3851,System engineer,2025-12-23,37.0,Hà Nội,GTEL ICT
3852,SYSTEM DESIGN ANALYST SPECIALIST,2025-11-23,29.210659898477157,Hồ Chí Minh,Công Ty Du lịch và Tiếp Thị GTVT Việt Nam Vietravel
3853,Java Developer,2025-12-23,34.5,Hà Nội,GTEL ICT
3854,Tester staff,2025-12-23,18.0,Hà Nội,Công Ty Giải Pháp Thanh Toán Việt Nam (VNPAY)
3855,Business Analyst,2025-12-23,30.0,Hà Nội,GTEL ICT
3856,"Senior Specialist in Data Management, Tool Operation Department HN TA139",2025-11-22,42.932460732984296,Hà Nội,Ngân Hàng TMCP Việt Nam Thịnh Vượng VPBANK
3857,Main CV/CVCC Data Scientist,2025-11-22,42.932460732984296,Hà Nội,CÔNG TY CHỨNG KHOÁN ASEAN
3858,Java programming,2025-11-22,42.932460732984296,Hà Nội,CÔNG TY CHỨNG KHOÁN ASEAN
3859,Information Technology System Operations Specialist,2025-11-22,42.932460732984296,Hà Nội,CÔNG TY CHỨNG KHOÁN ASEAN
3860,ASSISTANT DIRECTOR,2025-11-22,29.210659898477157,Hồ Chí Minh,Công ty Ứng dụng Công nghệ Logistics (LTA)
3861,Golang Developer Intermediate,2025-11-22,25.0,Hà Nội,CÔNG TY SALE PLUS
3862,Business Analyst,2025-11-22,18.0,Hà Nội,CÔNG TY SALE PLUS
3863,DevOps Engineer,2025-11-22,25.0,Hà Nội,CÔNG TY SALE PLUS
3864,Hanoi Information Security Expert TA084,2025-11-22,42.932460732984296,Hà Nội,Ngân Hàng TMCP Việt Nam Thịnh Vượng VPBANK
3865,Senior Software Engineer,2025-12-22,42.932460732984296,Hà Nội,Viettel CHT
3866,IT specialist,2025-12-22,37.18351822503962,An Giang,Công Ty Vacxin Việt Nam
3867,IT specialist,2025-12-22,37.18351822503962,Khánh Hòa,Công Ty Vacxin Việt Nam
3868,IT specialist,2025-12-22,37.18351822503962,Đồng Tháp,Công Ty Vacxin Việt Nam
3869,Product Development Solution,2025-12-22,29.210659898477157,Hồ Chí Minh,Công Ty Kỹ Thuật Môi Trường Việt An
3870,Software tester,2025-12-22,18.0,Hà Nội,Chương trình Học viện Công nghệ BKACAD
3871,Technical Staff,2025-12-22,17.0,Hà Nội,Kỹ thuật BENTA
3872,B2B Sales Executive/ B2B Sales Specialist,2025-11-22,42.932460732984296,Hà Nội,SOLID & SOFT
3873,Victoria Institute Technical Administrator,2025-12-22,30.0,Hồ Chí Minh,Ngân hàng TMCP Phát triển TP.HCM (HDBank)
3874,Head of Victoria Institute Business Analysis Team,2025-12-22,45.0,Hồ Chí Minh,Ngân hàng TMCP Phát triển TP.HCM (HDBank)
3875,Cantavil IT Specialist,2025-11-21,29.210659898477157,Hồ Chí Minh,Công Ty Vacxin Việt Nam
3876,IT Helpdesk staff,2025-11-21,15.0,Hồ Chí Minh,Công Ty Interlink
3877,Business Analyst,2025-11-21,35.0,Hồ Chí Minh,CÔNG TY EPLUS RESEARCH
3878,Technical Support Engineer,2025-12-28,60.0,Hà Nội,Bảo mật
3879,.Net/Golang Programmer,2025-12-26,42.932460732984296,Hà Nội,Microtec Việt Nam
3880,QC intern,2025-12-19,29.210659898477157,Hồ Chí Minh,LacViet Computing Corporation
3881,SAP CONSULTING INTERN,2025-12-18,29.210659898477157,Hồ Chí Minh,CÔNG TY CÔNG NGHỆ CITEK
3882,Data Analyst Intern,2025-12-17,6.0,Hà Nội,Công ty Công nghệ UpBase
3883,Process Quality Assurance Intern,2025-12-17,6.0,Hà Nội,Công ty Công nghệ UpBase
3884,Consultant/Sales Marketing Web,2025-12-15,25.0,Hồ Chí Minh,TM DV Web Ideas
3885,Information Technology Management Collaborator,2025-12-15,6.0,Hà Nội,NGÂN HÀNG TRÁCH NHIỆM HỮU HẠN MỘT THÀNH VIÊN VIỆT NAM HIỆN ĐẠI
3886,Quantitative Trading Intern,2025-12-13,24.0,Hồ Chí Minh,Phu Hung Securities Corporation
3887,Business Analyst Internship,2025-12-12,2.0,Hồ Chí Minh,Levinci
3888,DevOps Internship,2025-12-08,37.18351822503962,Prey Veng,Springer Capital
3889,Technical Support Staff,2025-12-08,12.0,Hồ Chí Minh,NETNAM CORP.
3890,Data Collection Officer Part time Online,2025-12-04,42.932460732984296,Hà Nội,"Văn phòng đại diện Cazoodle, Inc tại thành phố Hà Nội"
3891,Back end Developer intern,2025-12-03,7.0,Hà Nội,Công ty Công nghệ UpBase
3892,IT intern,2025-12-03,3.0,Hồ Chí Minh,CT Tập Đoàn Thái Tuấn
3893,Business Intern,2025-12-03,5.0,Hồ Chí Minh,Công ty Đầu Tư TM và Phát Triển Công Nghệ FSI
3894,IT support,2025-12-02,14.0,Bà Rịa - Vũng Tàu,CÔNG TY DỊCH VỤ CẢNG THỊ VẢI
3895,PHP Developer Intern,2025-12-02,2.0,Hồ Chí Minh,Lửa Á Châu
3896,Business analyst,2025-12-02,15.0,Hà Nội,Công ty Giải pháp Công nghệ Bzisoft
3897,Intern Business Analyst,2025-12-02,29.210659898477157,Hồ Chí Minh,CÔNG NGHỆ PHẦN MỀM DUDI
3898,Fresher Business Analysis,2025-11-29,15.0,Hà Nội,Công ty Công nghệ UpBase
3899,B2B Customer Care Intern,2025-11-29,20.0,Hà Nội,Công ty Công nghệ UpBase
3900,SEO&ASO intern,2025-11-28,5.0,Hà Nội,CÔNG TY CÔNG NGHỆ RIVERNET VIỆT NAM
3901,QA Intern,2025-11-27,29.210659898477157,Hồ Chí Minh,CÔNG TY CÔNG NGHỆ FINVIET
3902,Backend Developer Intern,2025-11-27,24.0,Hồ Chí Minh,Phu Hung Securities Corporation
3903,Developer intern,2025-11-26,29.210659898477157,Hồ Chí Minh,LacViet Computing Corporation
3904,AI Engineer Intern,2025-11-25,2.0,Hồ Chí Minh,Lửa Á Châu
3905,Business intern,2025-11-24,2.0,Hồ Chí Minh,TM DV Web Ideas
3906,SEO Intern,2025-11-21,4.0,Hồ Chí Minh,CÔNG NGHỆ & TRUYỀN THÔNG FOOGLE
3907,IT Application Team Lead,2026-01-07,29.210659898477157,Hồ Chí Minh,HD SAISON Finance
3908,Project Manager,2026-01-01,40.0,Hồ Chí Minh,HQSOFT
3909,IP Network Engineer,2025-12-30,80.0,Hà Nội,CÔNG NGHỆ HUAWEI VIỆT NAM
3910,SAP CONSULTANT,2026-01-12,81.0,Hồ Chí Minh,CÔNG TY CÔNG NGHỆ CITEK
3911,Data Analyst Specialist,2025-12-29,27.0,Hồ Chí Minh,CÔNG TY HUM
3912,IT POS Dev & Integration,2025-12-22,29.210659898477157,Hồ Chí Minh,THỜI TRANG VÀ MỸ PHẨM ÂU CHÂU
3913,ANALYST AND REPORTING SPECIALIST,2026-01-10,20.0,Hồ Chí Minh,Sunjin Vina
3914,Presale Network Engineer,2026-01-07,45.0,Hà Nội,Công ty Đầu tư Kỹ thuật Số Việt (VDI)
3915,Presale Security Engineer,2026-01-08,45.0,Hà Nội,Công ty Đầu tư Kỹ thuật Số Việt (VDI)
3916,System Engineer,2026-01-07,45.0,Hà Nội,Công ty Đầu tư Kỹ thuật Số Việt (VDI)
3917,Business Analyst Cum Helpdesk,2026-01-07,29.210659898477157,Hồ Chí Minh,"Un Available Co.,"
3918,Postsale Security Engineer,2026-01-08,35.0,Hà Nội,Công ty Đầu tư Kỹ thuật Số Việt (VDI)
3919,Postsale Network Engineer,2026-01-07,35.0,Hà Nội,Công ty Đầu tư Kỹ thuật Số Việt (VDI)
3920,IT Application Developer,2026-01-13,29.210659898477157,Hồ Chí Minh,CÔNG TY GIẢI PHÁP GENE GENE SOLUTIONS
3921,Application Developer,2026-01-13,29.210659898477157,Hồ Chí Minh,PEB STEEL BUILDINGS .
3922,Senior Network Engineer Upto 30 Mil 35 Mil,2025-12-20,35.0,Bắc Ninh,Fushan Technology Vietnam
3923,Information Security Policy Specialist,2025-12-20,42.932460732984296,Hà Nội,NGÂN HÀNG TMCP NGOẠI THƯƠNG VIỆT NAM (VIETCOMBANK)
3926,Senior Business Analyst,2025-12-20,42.932460732984296,Hà Nội,BIM Group
3927,Product Management Executive,2026-01-09,15.0,Hồ Chí Minh,MTV Công nghệ Tin học Viễn Sơn
3928,Software Solutions Consultant,2026-01-09,25.0,Hồ Chí Minh,Công ty Đầu Tư TM và Phát Triển Công Nghệ FSI
3929,Business support officer of Bancassurance Department,2026-01-09,42.932460732984296,Hà Nội,Tổng Công ty Bảo hiểm Ngân hàng Đầu tư và Phát triển Việt Nam (BIC)
3930,Business Analyst analysis,2026-01-09,25.0,Hà Nội,TRUNG TÂM KỸ THUẬT
3931,IT Infrastructure and Operations Manager,2026-01-01,29.210659898477157,Hồ Chí Minh,THỜI TRANG VÀ MỸ PHẨM ÂU CHÂU
3932,Senior Backend Developer,2026-01-08,30.0,Hồ Chí Minh,CÔNG TY VINATECH SOLUTION
3933,"TT. Data Management and Analysis, CVCC Head Office Business Analysis & Data Issue Management",2026-01-08,29.210659898477157,Hồ Chí Minh,Ngân Hàng TMCP Phương Đông OCB
3934,"TT. Data Administration and Analysis, CVCC Headquarters Data protection and privacy",2026-01-08,29.210659898477157,Hồ Chí Minh,Ngân Hàng TMCP Phương Đông OCB
3935,"TT. Data Management and Analysis, CVCC Headquarters Data architecture and platform",2026-01-08,29.210659898477157,Hồ Chí Minh,Ngân Hàng TMCP Phương Đông OCB
3936,Director of Business Development,2026-01-08,29.210659898477157,Hồ Chí Minh,Tập Đoàn CT Group Việt Nam
3937,Mobile,2026-01-08,29.210659898477157,Hồ Chí Minh,CÔNG TY DƯỢC PHẨM FPT LONG CHÂU
3938,System Administration and Operation Service Staff,2026-01-08,29.210659898477157,Hồ Chí Minh,CÔNG TY DƯỢC PHẨM FPT LONG CHÂU
3939,Senior AI Expert Information Technology Division,2026-01-07,42.932460732984296,Hà Nội,Ngân Hàng TMCP Quân Đội
3940,Senior AI Engineer Information Technology Department,2026-01-07,42.932460732984296,Hà Nội,Ngân Hàng TMCP Quân Đội
3941,Head of Java Programming Team,2026-01-07,40.0,Hà Nội,Tổng Công ty Công trình Viettel
3942,Java Developer,2026-01-07,35.0,Hà Nội,Tổng Công ty Công trình Viettel
3943,Quality Assurance Information Technology Division,2026-01-07,42.932460732984296,Hà Nội,Ngân Hàng TMCP Quân Đội
3944,AI Expert Information Technology Division,2026-01-07,42.932460732984296,Hà Nội,Ngân Hàng TMCP Quân Đội
3945,Head of Computer Vision Technology Department Head of Computer Vision Technology Department IT Department,2026-01-07,42.932460732984296,Hà Nội,Ngân Hàng TMCP Quân Đội
3946,Data Science Development Specialist Data Scientist Information Technology Department,2026-01-07,42.932460732984296,Hà Nội,Ngân Hàng TMCP Quân Đội
3947,Senior UI/UX Designer,2026-01-13,30.0,Hồ Chí Minh,CÔNG TY DƯỢC PHẨM FPT LONG CHÂU
3948,Factory Solution Engineering,2026-01-13,20.0,Hồ Chí Minh,CÔNG TY PHÁT TRIỂN CÔNG NGHỆ TECHPRO
3949,SAP logistics consultant,2025-12-30,40.0,Hà Nội,Công Ty Tập Đoàn TH
3950,Junior Product Owner,2026-01-06,25.0,Hà Nội,Công ty Masscom Việt Nam
3951,SMART CONTRACT DEVELOPER,2026-01-06,40.0,Hà Nội,Công ty Tập đoàn Meey Land
3952,INFRASTRUCTURE NETWORK ENGINEER,2026-01-06,18.615384615384617,Bình Dương,CRYSTAL ELEGANCE TEXTILES VIỆT NAM
3953,INFORMATION TECHNOLOGY SPECIALIST,2026-01-06,37.18351822503962,Ninh Thuận,SABECO Saigon Beer Alcohol Beverage Corporation
3954,"Urgent, High volume hiring ]DQA/EHS Engineer",2026-01-06,80.0,Hà Nội,CÔNG NGHỆ HUAWEI VIỆT NAM
3955,Business Architect,2026-01-06,80.0,Hà Nội,CÔNG NGHỆ HUAWEI VIỆT NAM
3956,PHP programmer,2026-01-13,40.0,Hà Nội,Tổng Công ty Bảo hiểm Ngân hàng Đầu tư và Phát triển Việt Nam (BIC)
3957,TECHNICAL STAFF & MAINTENANCE OF MOVIE PROJECTOR SYSTEM,2026-01-13,42.932460732984296,Hà Nội,LOTTECINEMA VIỆT NAM
3958,Business Analyst Engineer,2026-01-13,18.0,Hà Nội,Tổng Công ty Công trình Viettel
3959,SAP FICO Specialist,2026-01-12,42.932460732984296,Hà Nội,CÔNG TY CASPER VIỆT NAM
3960,Mobile Developer,2026-01-05,29.210659898477157,Hồ Chí Minh,FE CREDIT
3961,Senior Data Security Specialist Data Division Senior Data Security Data Division Data Division,2025-12-29,42.932460732984296,Hà Nội,Ngân Hàng TMCP Quân Đội
3962,"Sales Manager/Sales Director Work on projects directly with end users in Phu Nhuan District, HCM",2026-01-12,70.0,Hồ Chí Minh,Talent Trader Vietnam
3963,IT Developer,2026-01-12,17.857142857142858,Đồng Nai,TKG TDS VINA
3964,System Administration Specialist,2026-01-12,35.0,Hà Nội,Công ty CANIFA
3965,Team Leader of Maintenance Systems - Assets,2025-12-26,37.18351822503962,Quảng Ngãi,TỔNG CÔNG TY THƯƠNG MẠI XÂY DỰNG
3966,IT Technical Admin – Infor EAM,2025-12-26,37.18351822503962,Quảng Ngãi,TỔNG CÔNG TY THƯƠNG MẠI XÂY DỰNG
3967,Software Development Officer,2025-12-24,18.615384615384617,Bình Dương,Rochdale Spears .
3968,Business Operations Analyst,2026-01-08,29.210659898477157,Hồ Chí Minh,Cty BioTuring
3969,Business Analyst Team Leader,2025-12-21,42.932460732984296,Hà Nội,CÔNG TY CASPER VIỆT NAM
3970,Power BI Developer,2025-12-21,18.615384615384617,Bình Dương,East West Industries Vietnam LLC.
3971,Information Security Engineer,2025-12-20,40.5,Hà Nội,CÔNG TY CỔ PHẨN TẬP ĐOÀN MK
3972,Product Owner,2025-12-17,45.0,Hà Nội,Công ty Tập đoàn Meey Land
3973,Senior Data Governance Officer,2025-12-17,42.932460732984296,Hà Nội,LOTTE FINANCE VIETNAM
3974,Senior Data Decision Scientist,2025-12-08,42.932460732984296,Hà Nội,NGÂN HÀNG TMCP KỸ THƯƠNG VIỆT NAM (TECHCOMBANK)
3975,B2B Sales Officer - IT / Laptop,2026-01-09,15.0,Hồ Chí Minh,MTV Công nghệ Tin học Viễn Sơn
3976,System Administrator,2026-01-10,18.0,Hà Nội,Công ty IntelLife
3977,Data Analyst & Data Scientist,2026-01-03,10.0,Hà Nội,Ngân Hàng TMCP Tiên Phong (TPBank)
3978,Data Engineer,2026-01-09,40.0,Hồ Chí Minh,Wall Street English
3979,Backend Developer,2026-01-09,40.0,Hồ Chí Minh,CÔNG TY EPLUS RESEARCH
3980,Business Analyst,2026-01-09,35.0,Hồ Chí Minh,CÔNG TY EPLUS RESEARCH
3981,Sales Manager/ Sales Team Leader,2026-01-09,29.210659898477157,Hồ Chí Minh,MTV Công nghệ Tin học Viễn Sơn
3982,Data Analyst,2026-01-09,29.210659898477157,Hồ Chí Minh,Công Ty TEECOM
3983,ODOO INTEGRATOR,2026-01-09,29.210659898477157,Hồ Chí Minh,Tổng công ty Xây dựng số 1 – CTCP
3984,TECHNOLOGY SOLUTION ENGINEER,2026-01-09,29.210659898477157,Hồ Chí Minh,Tổng công ty Xây dựng số 1 – CTCP
3985,AI SPECIALIST,2026-01-09,29.210659898477157,Hồ Chí Minh,Tổng công ty Xây dựng số 1 – CTCP
3986,"Head of IT Department, Software Management",2026-01-09,60.0,Hà Nội,Công Ty A25 Hotel
3987,Product Owner,2026-01-09,25.0,Hà Nội,Công ty Công nghệ giáo dục Trường học trực tuyến (ONSCHOOL)
3988,Application Deployment Specialist,2026-01-09,40.0,Hồ Chí Minh,CÔNG TY EPLUS RESEARCH
3989,CVCC Administration and Management,2026-01-09,42.932460732984296,Hà Nội,Ngân hàng TMCP Lộc Phát Việt Nam (LPBank)
3990,Senior Hardware Design Engineer,2026-01-09,18.615384615384617,Bình Dương,Cicor Việt Nam
3991,IT Helpdesk Chinese or English,2026-01-09,28.0,Bà Rịa - Vũng Tàu,ELECTRONIC TRIPOD VIỆT NAM (CHÂU ĐỨC)
3992,IT Operations Engineer,2026-01-01,20.0,Hồ Chí Minh,YIMI J&T CARGO TRANSPORTATIONSPORTATION
3993,Senior Software Tester/QC,2026-01-08,23.0,Hà Nội,Công ty Cố phần giải pháp công nghệ ITE
3994,PROJECT IMPLEMENTATION SPECIALIST,2026-01-08,13.0,Hồ Chí Minh,Công Ty Thương Mại Truyền Thông Tốc Độ (SpeedPos Vietnam)
3995,Measuring Equipment Sales Engineer,2026-01-08,54.0,Hà Nội,CÔNG TY TƯ VẤN VÀ DỊCH VỤ CÔNG NGHỆ ASIC
3996,Information Security Business,2026-01-08,81.0,Hà Nội,CÔNG TY TƯ VẤN VÀ DỊCH VỤ CÔNG NGHỆ ASIC
3997,Business Analyst,2026-01-08,20.0,Hồ Chí Minh,HQSOFT
3998,IT Operations Intern,2026-01-08,19.3,Long An,Maker Sixty Four
3999,R&D engineer,2026-01-08,18.0,Hồ Chí Minh,CÔNG TY TẬP ĐOÀN DAT
4000,Software engineer,2026-01-08,18.0,Hồ Chí Minh,CÔNG TY TẬP ĐOÀN DAT
4001,Senior ERP Executive,2026-01-08,29.210659898477157,Hồ Chí Minh,THIỀN
4002,Sales Staff,2026-01-08,18.615384615384617,Bình Dương,CÔNG TY GIẢI PHÁP CÔNG NGHỆ HCTECH
4003,Digital Transformation Specialist,2026-01-08,15.0,Kiên Giang,Công ty Đầu tư Xậy dựng HUD Kiên Giang
4004,Training technology intern,2026-01-08,5.0,Hà Nội,Công ty IntelLife
4005,Karofi Talent 25 Talent Management Program,2026-01-08,81.0,Hưng Yên,Tập Đoàn Karofi Holding
4007,Software Testing Specialist Tester,2026-01-08,20.0,Hà Nội,Tổng Công ty Công trình Viettel
4008,Project Manager,2026-01-08,32.0,Hà Nội,Công ty Mỹ phẩm Quốc tế Thùy Dung
4009,CVCCTraining & Development Planning TA184 ID570,2026-01-08,42.932460732984296,Hà Nội,Ngân Hàng TMCP Việt Nam Thịnh Vượng VPBANK
4010,Digital Banking Scrum Master,2026-01-08,42.932460732984296,Hà Nội,Ngân Hàng TMCP Sài Gòn Hà Nội ( SHB )
4011,IT Security Team Lead,2026-01-07,29.210659898477157,Hồ Chí Minh,HD SAISON Finance
4012,Senior specialist in Camera System Management,2026-01-07,29.210659898477157,Hồ Chí Minh,Công Ty Tập Đoàn Đầu Tư Địa Ốc No Va
4013,Senior Frontend Developer,2026-01-07,29.210659898477157,Hồ Chí Minh,HD SAISON Finance
4014,Programming Intern,2026-01-07,8.0,Hà Nội,Công ty Công nghệ giáo dục Trường học trực tuyến (ONSCHOOL)
4015,PO,2026-01-07,25.0,Hà Nội,Công ty Công nghệ giáo dục Trường học trực tuyến (ONSCHOOL)
4016,Business Analyst,2026-01-07,20.0,Hồ Chí Minh,Cadena Việt Nam
4017,Software Deployment Officer,2026-01-07,42.932460732984296,Hà Nội,Cadena Việt Nam
4018,Senior Developer,2026-01-07,29.210659898477157,Hồ Chí Minh,Cadena Việt Nam
4019,Consultant,2026-01-07,29.210659898477157,Hồ Chí Minh,Cadena Việt Nam
4020,Business Analyst/BA,2026-01-07,15.0,Hà Nội,EuP Group
4021,Programming Staff,2026-01-07,18.0,Hồ Chí Minh,Bình Việt Đức (BIVID)
4022,ERP Developer D365 FnO,2026-01-07,29.210659898477157,Hồ Chí Minh,ILA Việt Nam
4023,Presale Collaboration Engineer,2026-01-07,45.0,Hà Nội,Công ty Đầu tư Kỹ thuật Số Việt (VDI)
4024,IT staff,2025-12-31,15.0,Hồ Chí Minh,Công ty TS24
4025,Odoo Developer,2026-01-07,20.0,Hà Nội,NHÀ SÁCH TIẾN THỌ
4026,AI Engineer,2026-01-07,35.0,Hà Nội,Công ty CANIFA
4027,Business Analyst,2026-01-07,20.0,Hà Nội,Công ty CANIFA
4028,Head of IT infrastructure team,2026-01-07,29.210659898477157,Hồ Chí Minh,Công Ty Vacxin Việt Nam
4029,Senior Android Developer Digital Banking Division,2026-01-07,42.932460732984296,Hà Nội,Ngân Hàng TMCP Sài Gòn Hà Nội ( SHB )
4030,Senior iOS Developer Digital Banking Division,2026-01-07,42.932460732984296,Hà Nội,Ngân Hàng TMCP Sài Gòn Hà Nội ( SHB )
4031,DBA Database Administration Engineer,2026-01-13,35.0,Hà Nội,Tổng Công ty Công trình Viettel
4032,System Executive,2026-01-13,29.210659898477157,Hồ Chí Minh,Onpoint
4033,IT/ELV supervision,2026-01-13,33.0,Hồ Chí Minh,CÔNG TY IFF HOLDINGS
4034,Head of Training & Cultural Development Department,2026-01-06,42.932460732984296,Hà Nội,Công ty Tập đoàn Meey Land
4035,Senior Application Deployment and Operations Specialist,2026-01-13,29.210659898477157,Hồ Chí Minh,Nova Service Group Công ty Tập đoàn Nova Services
4036,Head of Security Organization and Compliance Management,2026-01-13,29.210659898477157,Hồ Chí Minh,Nova Service Group Công ty Tập đoàn Nova Services
4037,BUSINESS ANALYST SPECIALIST,2026-01-13,25.0,Hà Nội,CÔNG TY CẢNG TÀU KHÁCH QUỐC TẾ TUẦN CHÂU
4038,R&D Software Design Engineer,2026-01-13,58.6,Hưng Yên,HR Vietnam’s ESS Client
4039,R&D Software Senior Engineer,2026-01-13,58.6,Hưng Yên,HR Vietnam’s ESS Client
4040,Developer Intern,2026-01-06,8.0,Hà Nội,Công ty Công nghệ giáo dục Trường học trực tuyến (ONSCHOOL)
4041,Japanese Engineer,2026-01-13,42.932460732984296,Hà Nội,HR Vietnam’s ESS Client
4042,BrSE/ Scrum Master/ Project Leader,2026-01-13,42.932460732984296,Hà Nội,HR Vietnam’s ESS Client
4043,Business Analyst ERP,2026-01-13,25.0,Hà Nội,NHÀ SÁCH TIẾN THỌ
4044,FrontEnd Programmer,2026-01-13,20.0,Hà Nội,Công ty Masscom Việt Nam
4045,IT staff deploys software,2026-01-13,15.0,Hà Nội,Viện Thẩm mỹ y khoa Dr Hải Lê
4046,Senior Software Architect,2026-01-13,29.210659898477157,Hồ Chí Minh,MTV Sen Vàng Việt Nam
4047,"MES, ERP, SCADA programmer",2026-01-06,20.0,Hồ Chí Minh,KỸ THUẬT CÔNG NGHỆ NHẤT TINH
4048,CVC/CVCC Business Analysis,2026-01-13,42.932460732984296,Hà Nội,CÔNG TY CHỨNG KHOÁN ASEAN
4049,Product Owner,2026-01-13,25.0,Hà Nội,Công ty Công nghệ giáo dục Trường học trực tuyến (ONSCHOOL)
4050,Senior Solution Architect Digital Banking Division,2026-01-13,42.932460732984296,Hà Nội,Ngân Hàng TMCP Sài Gòn Hà Nội ( SHB )
4051,Backend Techlead Digital Banking Sector,2026-01-13,42.932460732984296,Hà Nội,Ngân Hàng TMCP Sài Gòn Hà Nội ( SHB )
4052,Frontend Techlead – Digital Banking Sector,2026-01-13,42.932460732984296,Hà Nội,Ngân Hàng TMCP Sài Gòn Hà Nội ( SHB )
4053,Application Software Management Specialist,2026-01-13,15.0,Hà Nội,Công ty Mỹ phẩm Quốc tế Thùy Dung
4054,Frontend Developer Digital Banking Division,2026-01-13,42.932460732984296,Hà Nội,Ngân Hàng TMCP Sài Gòn Hà Nội ( SHB )
4055,IT staff,2025-12-30,15.0,Hồ Chí Minh,Nhãn Mác SMT
4056,Information Technology System Operations Specialist,2026-01-12,42.932460732984296,Hà Nội,CÔNG TY CHỨNG KHOÁN ASEAN
4057,Angular programming,2026-01-12,42.932460732984296,Hà Nội,CÔNG TY CHỨNG KHOÁN ASEAN
4058,Java programming,2026-01-12,42.932460732984296,Hà Nội,CÔNG TY CHỨNG KHOÁN ASEAN
4059,Software Testing Specialist,2026-01-12,42.932460732984296,Hà Nội,CÔNG TY CHỨNG KHOÁN ASEAN
4060,Southern Sales Consultant,2026-01-12,15.0,Hồ Chí Minh,Acer Việt Nam
4061,Business Analyst Experienced in medical HIS software,2026-01-12,25.0,Hà Nội,BỆNH VIỆN ĐA KHOA PHƯƠNG ĐÔNG
4062,Business Analyst,2026-01-05,20.0,Hồ Chí Minh,Concung.com Con Cung Joint Stock Company
4063,Software Deployment Officer,2026-01-12,29.210659898477157,Hồ Chí Minh,LacViet Computing Corporation
4064,Project Management,2026-01-12,35.0,Hà Nội,Công ty Đầu tư Kỹ thuật Số Việt (VDI)
4065,Project administration,2026-01-12,30.0,Hà Nội,Công ty Đầu tư Kỹ thuật Số Việt (VDI)
4066,Solution Engineer,2026-01-12,45.0,Hà Nội,Công ty Đầu tư Kỹ thuật Số Việt (VDI)
4067,Cloud Engineer,2026-01-12,35.0,Hà Nội,Công ty Đầu tư Kỹ thuật Số Việt (VDI)
4068,DMS Admin Staff,2026-01-12,29.210659898477157,Hồ Chí Minh,Mayora Việt Nam
4069,System Administration Specialist,2026-01-12,25.0,Hà Nội,CÔNG TY CÔNG NGHIỆP WELDCOM
4070,FE DEVELOPER,2026-01-05,18.0,Hồ Chí Minh,CÔNG TY CÔNG NGHỆ NƯỚC NĂNG LƯỢNG
4071,Marketing & Channel Development Officer,2026-01-12,30.0,Hà Nội,Công ty Bkscitech
4072,Software System Operation Specialist,2025-12-29,17.0,Hà Nội,Công ty IIG Việt Nam
4073,Fullstack Developer,2025-12-29,29.210659898477157,Hồ Chí Minh,Công ty Di Động Việt
4074,IT Executive,2026-01-12,42.932460732984296,Hà Nội,Công ty Easia Travel
4075,Hardware design engineer,2026-01-12,29.210659898477157,Hồ Chí Minh,CÔNG TY GREMSY
4076,Technical Support Engineer,2026-01-12,29.210659898477157,Hồ Chí Minh,CÔNG TY GREMSY
4077,AI Engineer,2026-01-12,30.0,Hà Nội,Công ty Tập đoàn Meey Land
4078,Data Analyst,2025-12-29,25.0,Hồ Chí Minh,KDI EDUCATION
4079,Business Analyst,2026-01-12,12.0,Hà Nội,Thiên Thủy Mộc
4080,Backend Developer,2025-12-29,37.46666666666667,Hồ Chí Minh,KDI EDUCATION
4081,Data Engineering Specialist,2026-01-12,29.210659898477157,Hồ Chí Minh,Công ty Thành Thành Công Biên Hòa
4082,Senior Specialist Training Planning TA184 ID570,2026-01-12,42.932460732984296,Hà Nội,Ngân Hàng TMCP Việt Nam Thịnh Vượng VPBANK
4083,126220 IT Engineer in Garment Industry,2026-01-12,42.932460732984296,Hà Nội,RGF HR Agent Vietnam
4084,IT Helpdesk staff,2025-12-29,12.0,Hồ Chí Minh,Bình Việt Đức (BIVID)
4085,DIRECTOR OF INFORMATION TECHNOLOGY,2025-12-26,29.210659898477157,Hồ Chí Minh,Tổng công ty Xây dựng số 1 – CTCP
4086,IT Helpdesk staff,2025-12-26,12.0,Hồ Chí Minh,MĂMMY VIỆT NAM
4087,IT Support Executive,2025-12-23,29.210659898477157,Hồ Chí Minh,"IDOCEAN Co.,"
4088,IT Intern Dev Coding,2025-12-23,3.0,Hồ Chí Minh,CÔNG TY ITL LOGISTICS
4089,IT Intern BA,2025-12-23,3.0,Hồ Chí Minh,CÔNG TY ITL LOGISTICS
4090,Head of IT - Technical Department,2025-12-22,29.210659898477157,Hồ Chí Minh,CÔNG TY BỆNH VIỆN PHẪU THUẬT THẨM MỸ NAM AN
4091,Internship Program Business Intelligence,2025-12-31,5.0,Hà Nội,CÔNG TY VUA NỆM
4092,Product Trainee Product Trainee,2025-12-29,29.210659898477157,Hồ Chí Minh,Y TẾ VIỆT TIẾN
4094,Fresher Full stack Developer,2025-12-25,29.210659898477157,Hồ Chí Minh,TMA Technology Group
4095,Leadership Trainee IPA Management Associate Next Gen 2026,2025-12-23,42.932460732984296,Hà Nội,Công Ty Chứng Khoán VNDIRECT
4096,C#.NET PROGRAMMER,2025-12-22,8.0,Hồ Chí Minh,CÔNG TY CÔNG NGHỆ ONELINK VIỆT NAM
4097,Business Analyst Intern,2025-12-17,6.0,Hà Nội,Công ty Công nghệ UpBase
4098,SAP ABAP Developer,2026-01-07,29.210659898477157,Hồ Chí Minh,Teamwork Vietnam
4099,SOFTWARE APPLICATION DEVELOPMENT PROGRAMMER,2026-01-04,29.210659898477157,Hồ Chí Minh,Tổng công ty Bảo Minh
4100,IT STAFF,2026-01-03,29.210659898477157,Hồ Chí Minh,CNSH BLACK PEARL
4101,"Information Security Risk Management Specialist, Operational Risk Management Department, Risk Management Division",2025-12-26,42.932460732984296,Hà Nội,Ngân hàng TMCP Đại Chúng Việt Nam PVcomBank
4102,Data Engineer Data Center,2026-01-09,42.932460732984296,Hà Nội,Tổng Công ty Bảo hiểm Quân đội (MIC)
4103,Java Programmer Java Developer/Software Engineer,2026-01-12,25.0,Hà Nội,Công ty Cố phần giải pháp công nghệ ITE
4104,Director of Credit Risk Model Verification,2026-01-09,29.210659898477157,Hồ Chí Minh,Ngân Hàng TMCP Quốc Tế Việt Nam
4105,"Information Security Risk Management Specialist, Operational Risk Management Department, Risk Management Division",2026-01-08,42.932460732984296,Hà Nội,Ngân hàng TMCP Đại Chúng Việt Nam PVcomBank
4106,Operations Officer,2026-01-08,20.0,Hồ Chí Minh,CÔNG TY ONEFIN VIỆT NAM
4107,UI/UX Designer ISC,2026-01-08,29.210659898477157,Hồ Chí Minh,CÔNG TY DƯỢC PHẨM FPT LONG CHÂU
4108,IT Helpdesk,2026-01-08,24.85,Hà Nội,Bảo mật
4109,AI Product Engineering Manager,2026-01-07,29.210659898477157,Hồ Chí Minh,Kết Nối Nhân Tài Talentnet Corporation
4110,IT Support,2026-01-07,29.210659898477157,Hồ Chí Minh,T.M.G
4111,IT Developer,2026-01-07,29.210659898477157,Hồ Chí Minh,T.M.G
4112,Sales Admin Purchasing Officer,2026-01-13,29.210659898477157,Hồ Chí Minh,PHÁT TRIỂN CÔNG NGHỆ MIỀN NAM
4113,General Accountant Required to Submit English CV,2026-01-13,30.0,Hồ Chí Minh,SOLUM VINA HCMC
4114,IT project operations specialist,2026-01-13,17.0,Hà Nội,Công ty IIG Việt Nam
4115,System Administration and Operation Service Staff,2026-01-12,29.210659898477157,Hồ Chí Minh,CÔNG TY DƯỢC PHẨM FPT LONG CHÂU
4116,R&D Engineer,2026-01-12,29.210659898477157,Hồ Chí Minh,CÔNG TY DƯỢC PHẨM FPT LONG CHÂU
4117,Software system administrator/Software system administrator and database administrator,2026-01-12,42.932460732984296,Hà Nội,Chứng khoán Ngân hàng TMCP Ngoại thương Việt Nam (VCBS Vietcombank Securities)
4118,Business Analyst,2026-01-12,30.0,Hà Nội,Chứng khoán Ngân hàng TMCP Ngoại thương Việt Nam (VCBS Vietcombank Securities)
4119,Project Manager,2026-01-08,32.0,Hà Nội,NGÂN HÀNG TMCP KỸ THƯƠNG VIỆT NAM (TECHCOMBANK)
4120,Business Analyst,2026-01-08,20.0,Hồ Chí Minh,Công Ty TEECOM
4121,IT Quality Control Expert,2026-01-08,42.932460732984296,Hà Nội,LOTTE FINANCE VIETNAM
4122,Binh Duong IT Helpdesk knows Chinese,2026-01-08,16.0,Bình Dương,POLYTEX FAR EASTERN
4123,Head of Corporate Customer Sales Department,2026-01-08,40.0,Hà Nội,Công ty Tập đoàn Meey Land
4124,Head of Personal Customer Sales Department,2026-01-08,35.0,Hà Nội,Công ty Tập đoàn Meey Land
4125,Solution Architecture Expert,2026-01-08,42.932460732984296,Hà Nội,LOTTE FINANCE VIETNAM
4126,Senior IT Security Officer,2026-01-08,42.932460732984296,Hà Nội,LOTTE FINANCE VIETNAM
4127,Senior IT Procurement Officer TA184 ID1108,2026-01-08,42.932460732984296,Hà Nội,Ngân Hàng TMCP Việt Nam Thịnh Vượng VPBANK
4128,APPLICATION DEVELOPMENT SPECIALIST,2026-01-08,29.210659898477157,Hồ Chí Minh,NGÂN HÀNG TMCP SÀI GÒN THƯƠNG TÍN (SACOMBANK)
4129,CRM Data Analytics Manager,2026-01-08,29.210659898477157,Hồ Chí Minh,Công ty Sữa VitaDairy Việt Nam
4130,Director of Credit Model Risk Analysis and Management,2026-01-08,29.210659898477157,Hồ Chí Minh,Ngân Hàng TMCP Quốc Tế Việt Nam
4131,Head of Legal Team,2026-01-07,25.0,Hồ Chí Minh,Công Ty Tài Chính Một Thành Viên Quốc Tế Việt Nam JACCS
4132,QA Leader,2026-01-07,90.0,Hà Nội,Bảo mật
4133,Specialist in IT Application Implementation and Operation,2026-01-07,29.210659898477157,Hồ Chí Minh,Nova Service Group Công ty Tập đoàn Nova Services
4134,Network Administration and Organization Specialist,2026-01-07,29.210659898477157,Hồ Chí Minh,Nova Service Group Công ty Tập đoàn Nova Services
4135,Data Scientist,2026-01-14,29.210659898477157,Hồ Chí Minh,T.M.G
4136,IT Specialist,2026-01-07,45.0,Hà Nội,THIỀN
4137,Security Team Lead,2026-01-14,42.932460732984296,Hà Nội,Beta Group
4138,Software Team Lead,2026-01-07,42.932460732984296,Hà Nội,Beta Group
4139,IT helpdesk,2026-01-07,29.210659898477157,Hồ Chí Minh,HR Vietnam’s ESS Client
4140,IT project Manager,2026-01-07,29.210659898477157,Hồ Chí Minh,Cty Kỹ Nghệ Thực Phẩm Việt Nam VIFON
4141,Data Engineer,2026-01-07,40.0,Hồ Chí Minh,ILA Việt Nam
4142,Sales Admin Staff,2026-01-07,12.0,Hồ Chí Minh,CÔNG TY PHÁT TRIỂN CÔNG NGHỆ TECHPRO
4143,Product Manager,2026-01-07,29.210659898477157,Hồ Chí Minh,GALAXY DIGITAL HOLDINGS
4144,IT Project Management Expert,2026-01-13,42.932460732984296,Hà Nội,LOTTE FINANCE VIETNAM
4145,"Senior Specialist, Information Technology Partner Management",2026-01-13,42.932460732984296,Hà Nội,LOTTE FINANCE VIETNAM
4146,Senior IT Project Management Specialist,2026-01-13,42.932460732984296,Hà Nội,LOTTE FINANCE VIETNAM
4147,System Integration & Implementation Specialist,2026-01-13,42.932460732984296,Hà Nội,LOTTE FINANCE VIETNAM
4148,Project assistant,2026-01-13,12.0,Hà Nội,TECOTEC Technology
4149,IT Auditor Information Technology Auditor,2026-01-13,20.0,Hồ Chí Minh,Công Ty Tài Chính Một Thành Viên Quốc Tế Việt Nam JACCS
4150,AI & Robotics Programming Engineer,2026-01-13,40.0,Hồ Chí Minh,TAB VIET NAM
4151,BACK END DEVELOPER,2026-01-13,32.4,Hồ Chí Minh,ACS SOFTWARE SOLUTION
4152,IT Senior ERP Application Executive,2026-01-13,29.210659898477157,Hồ Chí Minh,CÔNG TY NGUYÊN LIỆU Á CHÂU AIG
4153,Business Analyst,2026-01-13,20.0,Hồ Chí Minh,LacViet Computing Corporation
4154,Network Infrastructure Architecture Specialist,2026-01-12,42.932460732984296,Hà Nội,LOTTE FINANCE VIETNAM
4155,System Infrastructure Architecture Specialist,2026-01-12,42.932460732984296,Hà Nội,LOTTE FINANCE VIETNAM
4156,Database Administration Specialist,2026-01-12,42.932460732984296,Hà Nội,LOTTE FINANCE VIETNAM
4157,Core Banking Project Database Programmer,2026-01-12,29.210659898477157,Hồ Chí Minh,BVBank Ngân hàng Bản Việt
4158,Core Banking Project Data and Reporting Specialist,2026-01-12,29.210659898477157,Hồ Chí Minh,BVBank Ngân hàng Bản Việt
4159,.NET Programmer,2026-01-12,18.0,Đồng Nai,Công Ty Liên Kết Quốc Tế INTERLINK (Trường Liên Kết Quốc Tế INschool & Ngoại Ngữ Quốc Tế INS ENGLISH & CHINESE)
4160,Application Tester Support Staff,2026-01-12,10.0,Đồng Nai,Công Ty Liên Kết Quốc Tế INTERLINK (Trường Liên Kết Quốc Tế INschool & Ngoại Ngữ Quốc Tế INS ENGLISH & CHINESE)
4161,Content Marketing,2026-01-12,14.0,Hà Nội,Hệ thống đào tạo lập trình hiện đại CodeGym Việt Nam
4162,Information Security Specialist,2026-01-12,25.0,Hà Nội,EuP Group
4163,Data Analyst,2026-01-12,42.932460732984296,Hà Nội,Ngân Hàng TMCP Sài Gòn Hà Nội ( SHB )
4164,Media Producer,2026-01-12,42.932460732984296,Hà Nội,WELLNESS LIFESTYLE
4165,Senior Tester/Senior Tester Conversion Block,2026-01-12,42.932460732984296,Hà Nội,Ngân Hàng TMCP Sài Gòn Hà Nội ( SHB )
4166,Business Analyst,2026-01-12,30.0,Hà Nội,NGÂN HÀNG TRÁCH NHIỆM HỮU HẠN MỘT THÀNH VIÊN VIỆT NAM HIỆN ĐẠI
4167,Apigee Engineer,2026-01-12,29.210659898477157,Hồ Chí Minh,GALAXY DIGITAL HOLDINGS
4168,IT Helpdesk Intern,2026-01-12,2.0,Hồ Chí Minh,ITL Freight Management
4169,Senior Data Scientist K.IT,2026-01-12,42.932460732984296,Hà Nội,Ngân hàng TMCP Đại Chúng Việt Nam PVcomBank
4170,Artificial intelligence engineer K.IT,2026-01-12,42.932460732984296,Hà Nội,Ngân hàng TMCP Đại Chúng Việt Nam PVcomBank
4171,Senior data analyst,2026-01-12,42.932460732984296,Hà Nội,Ngân hàng TMCP Đại Chúng Việt Nam PVcomBank
4172,Senior Risk Modeling Specialist,2026-01-12,42.932460732984296,Hà Nội,Ngân Hàng TMCP Sài Gòn Hà Nội ( SHB )
4173,Bidding staff,2026-01-12,12.0,Hà Nội,TECOTEC Technology
4174,Data Analysis Specialist K.IT,2026-01-12,42.932460732984296,Hà Nội,Ngân hàng TMCP Đại Chúng Việt Nam PVcomBank
4175,TEST ENGINEER,2026-01-12,23.0,Bình Dương,Sài Gòn Stec
4176,Business Director,2026-01-12,80.0,Hồ Chí Minh,Tập Đoàn CT Group Việt Nam
4177,Backend Developer,2026-01-05,37.46666666666667,Hồ Chí Minh,KDI EDUCATION
4178,Data Analyst,2026-01-05,25.0,Hồ Chí Minh,KDI EDUCATION
4179,Account Manager,2026-01-10,30.0,Hồ Chí Minh,Viettel CHT
4180,Sales Manager,2026-01-10,29.210659898477157,Hồ Chí Minh,Viettel CHT
4181,Business Analyst,2026-01-10,23.125,Hà Nội,Viettel CHT
4182,Business Development,2026-01-10,42.932460732984296,Hà Nội,Viettel CHT
4183,Penetration Testing Engineer,2026-01-10,42.932460732984296,Hà Nội,Viettel CHT
4184,English/Chinese IT staff,2026-01-10,18.0,Hà Nam,QISDA VIỆT NAM
4185,Manufacturing ERP & Financial Supply Chain Specialist,2026-01-10,37.18351822503962,Cần Thơ,CÔNG TY I GROUP
4186,Legal Specialist,2025-12-22,42.932460732984296,Hà Nội,GALAXY DIGITAL HOLDINGS
4187,Project Construction Techniques,2026-01-11,15.0,Hồ Chí Minh,Bee Next Công ty TM DV Vùng Trời Thông Tin
4188,IT intern,2026-01-08,3.0,Hồ Chí Minh,"Viet Han Concrete .,"
4189,Intern Dev,2025-12-25,29.210659898477157,Hồ Chí Minh,TechVanguard
4190,.Net Developer Intern,2025-12-19,6.0,Hồ Chí Minh,W2solution Việt Nam
4191,Senior/Lead Backend Developer,2026-01-15,30.0,Hồ Chí Minh,ISB Viện Đào Tạo Quốc Tế
4192,Head of Data,2026-01-14,29.210659898477157,Hồ Chí Minh,Viet Thai International
4193,Business Analyst,2026-01-14,23.125,Hà Nội,CÔNG TY ONEFIN VIỆT NAM
4194,Head of IT Business Partner,2026-01-13,29.210659898477157,Hồ Chí Minh,Công Ty Vàng Bạc Đá Quý Phú Nhuận PNJ
4195,IT staff,2026-01-10,15.0,Hồ Chí Minh,Mars Group
4196,IP Network Engineer Salary Up to 80Mil,2026-01-06,80.0,Hà Nội,CÔNG NGHỆ HUAWEI VIỆT NAM
4197,Senior IT Network Engineer,2026-01-14,29.210659898477157,Hồ Chí Minh,CÔNG TY GIẢI PHÁP GENE GENE SOLUTIONS
4198,IT infrastructure engineer,2026-01-14,14.0,Hồ Chí Minh,Sunjin Vina
4199,Senior DevOps & Kubernetes Engineer,2026-01-13,29.210659898477157,Hồ Chí Minh,Tập Đoàn CT Group Việt Nam
4200,Platform Engineer,2026-01-13,29.210659898477157,Hồ Chí Minh,Tập Đoàn CT Group Việt Nam
4201,Senior Business Analyst,2026-01-13,20.0,Hồ Chí Minh,Tập Đoàn CT Group Việt Nam
4202,Head of Technology Platform,2026-01-13,29.210659898477157,Hồ Chí Minh,Tập Đoàn CT Group Việt Nam
4203,Backend Developer Senior,2026-01-13,29.210659898477157,Hồ Chí Minh,Tập Đoàn CT Group Việt Nam
4204,Technical Leader – Platform Architecture,2026-01-13,29.210659898477157,Hồ Chí Minh,Tập Đoàn CT Group Việt Nam
4205,Product Owner,2026-01-12,45.0,Hồ Chí Minh,Công Ty Dược Phẩm Pharmacity
4206,BACKEND DEVELOPER,2026-01-12,29.210659898477157,Hồ Chí Minh,SOLUM VINA HCMC
4207,IT Support,2026-01-12,29.210659898477157,Hồ Chí Minh,GALAXY DIGITAL HOLDINGS
4208,Information Security Engineer,2026-01-03,42.932460732984296,Hà Nội,Tổng Công ty Sản xuất thiết bị Viettel Tập đoàn Công nghiệp Viễn thông Quân đội (VIETTEL)
4209,IT staff,2026-01-02,40.0,Bình Dương,AUSSCO VIỆT NAM
4210,ERP BUSINESS ANALYSIS TEAM HEAD,2026-01-14,25.0,Hà Nội,Chương trình Học viện Công nghệ BKACAD
4211,System integration engineer,2026-01-13,25.0,Hà Nội,PNK
4212,IT Operations Intern,2026-01-12,19.3,Long An,Maker Sixty Four
4213,Automation Marketing Specialist,2026-01-14,29.210659898477157,Hồ Chí Minh,Công Ty Việt Tinh Anh
4214,R&D Hardware Engineer/ Supervisor,2026-01-14,58.6,Hưng Yên,Panasonic Appliances Vietnam
4215,Head of high-tech solutions department,2026-01-13,42.932460732984296,Hà Nội,PNK
4216,PROJECT IMPLEMENTATION STAFF,2026-01-13,18.0,Hồ Chí Minh,CÔNG TY THƯƠNG MẠI DỊCH VỤ SAO NAM AN
4217,DQA/EHS Engineer Salary Up to 80Mil,2026-01-13,80.0,Hà Nội,CÔNG NGHỆ HUAWEI VIỆT NAM
4218,Business Architect Salary Up to 80Mil,2026-01-13,80.0,Hà Nội,CÔNG NGHỆ HUAWEI VIỆT NAM
4219,NodeJS programmer,2026-01-13,25.0,Hà Nội,Công ty IIG Việt Nam
4220,IT Helpdesk staff,2026-01-12,13.0,Hà Nội,"Hoang Duc Pharmaceutical & Medical Supplies co, ."
4221,Sales Manager,2026-01-12,29.210659898477157,Hồ Chí Minh,Công Ty Netcab
4222,IFS Engineer,2026-01-12,18.615384615384617,Bình Dương,Maruei Vietnam Precision
4223,IT SPECIALIST,2026-01-10,17.0,Long An,CÔNG TY TẬP ĐOÀN ĐẦU TƯ HOÀNG GIA VIỆT NAM
4224,Sales Admin,2026-01-10,10.0,Hà Nội,Tư Vấn Kỹ Thuật Và Tin Học Thương Mại Viet C.A.D
4225,IT Helpdesk,2026-01-06,20.0,Hà Nội,TM & XNK Nhất Lâm
4226,Category manager – Category manager,2026-01-15,29.210659898477157,Hồ Chí Minh,Công Ty TM & DV Phong Vũ
4227,Platform Development Manager,2026-01-15,42.932460732984296,Hà Nội,LOTTE FINANCE VIETNAM
4228,Senior Project Management Specialist,2026-01-15,42.932460732984296,Hà Nội,LOTTE FINANCE VIETNAM
4229,Product Owner/PO from 1 year of experience,2026-01-15,25.0,Hà Nội,Công ty Công nghệ giáo dục Trường học trực tuyến (ONSCHOOL)
4230,Specialist in SAP THREE FICO subsystem,2026-01-15,42.932460732984296,Hà Nội,Công Ty Quốc Tế Sơn Hà
4231,Bidding staff,2026-01-15,12.0,Hà Nội,TECOTEC Technology
4232,Magento Developer,2026-01-15,35.0,Hà Nội,Công ty IntelLife
4233,Scrum Master Specialist,2026-01-15,30.0,Hà Nội,Công ty Tập đoàn Meey Land
4234,Quality Assurance Specialist,2026-01-15,22.0,Hà Nội,Công ty Tập đoàn Meey Land
4235,Software Tester,2026-01-15,13.0,Hà Nội,CÔNG TY TƯ VẤN ĐÁNH GIÁ VÀ PHÁT TRIỂN GIÁO DỤC EDUTALK
4236,Senior Specialist in Corebanking Solution Operations,2026-01-15,42.932460732984296,Hà Nội,Ngân Hàng TMCP Quốc Tế Việt Nam
4237,Business Analyst Priority for Women,2026-01-15,15.0,Hà Nội,CÔNG TY TƯ VẤN ĐÁNH GIÁ VÀ PHÁT TRIỂN GIÁO DỤC EDUTALK
4238,BUSINESS ANALYST,2026-01-15,17.857142857142858,Đồng Nai,Công Ty Tân Vĩnh Cửu (Tavico group)
4239,Software and applications team leader,2026-01-15,17.857142857142858,Đồng Nai,Công Ty Tân Vĩnh Cửu (Tavico group)
4240,Embedded Firmware Embedded Programming,2026-01-14,45.0,Hà Nội,CÔNG TY ĐIỆN TỬ SOJI
4241,IT support,2026-01-14,16.0,Đồng Nai,LacViet Computing Corporation
4242,IT Network Specialist,2026-01-14,20.0,Hà Nội,Công ty Tập đoàn Danko
4243,Senior Business Analyst,2026-01-14,20.0,Hồ Chí Minh,Stonepine
4244,"Payment and settlement specialist in Ho Tram, Phu Quoc, Da Nang",2026-01-14,20.0,Bà Rịa - Vũng Tàu,TÍCH HỢP HỆ THỐNG NHT
4245,IT Specialist,2026-01-14,29.210659898477157,Hồ Chí Minh,ĐẦU TƯ PHÁT TRIỂN HÂN NGUYỄN
4246,Technology Security Expert,2026-01-14,42.932460732984296,Hà Nội,CÔNG TY TÀI CHÍNH TÍN DỤNG TIÊU DÙNG MTV AEON
4247,Data & AI Director,2026-01-14,29.210659898477157,Hồ Chí Minh,Công Ty GreenFeed Việt Nam
4248,IT SYSTEM MANAGEMENT STAFF,2026-01-14,15.0,Bình Dương,Sài Gòn Stec
4249,Senior Specialist of Information Technology Support Organization,2026-01-13,29.210659898477157,Hồ Chí Minh,Nova Service Group Công ty Tập đoàn Nova Services
4250,Data Analyst,2026-01-13,25.0,Hồ Chí Minh,KDI EDUCATION
4251,Backend Developer,2026-01-13,37.46666666666667,Hồ Chí Minh,KDI EDUCATION
4252,Mobile Engineer,2026-01-13,29.210659898477157,Hồ Chí Minh,GALAXY DIGITAL HOLDINGS
4253,Deputy Head of Product Development and Professional Equipment Purchasing,2026-01-13,42.932460732984296,Hà Nội,PNK
4254,Business Analyst,2026-01-13,20.0,Hồ Chí Minh,GALAXY DIGITAL HOLDINGS
4255,K.CN&CDS TT. UDCN P. CVC/CVCC digital application Mobile application,2026-01-13,29.210659898477157,Hồ Chí Minh,Ngân Hàng TMCP Phương Đông OCB
4256,Business Analyst and Testing,2026-01-13,29.210659898477157,Hồ Chí Minh,Ngân Hàng TMCP Quốc Tế Việt Nam
4257,Cam Ranh/ Phu Quoc Technical staff No experience required,2026-01-13,12.0,Kiên Giang,NETNAM CORP.
4258,Head of department,2026-01-13,25.0,Hà Nội,PNK
4259,Middle Quality Control,2026-01-13,29.210659898477157,Hồ Chí Minh,GALAXY DIGITAL HOLDINGS
4260,Data Science Engineer,2026-01-13,29.210659898477157,Hồ Chí Minh,Công Ty Dược Phẩm Pharmacity
4261,Software Development Officer,2026-01-13,30.0,Hà Nội,CT GROUP
4262,ENGINEER,2026-01-12,42.932460732984296,Hà Nội,CÔNG TY ĐIỆN LỰC GELEX
4263,Scrum Master,2026-01-12,29.210659898477157,Hồ Chí Minh,GALAXY DIGITAL HOLDINGS
4264,PLANNING FOR GAME DESIGNER,2026-01-12,42.932460732984296,Hà Nội,Koei Tecmo Software Vietnam
4265,Senior Backend Engineer,2026-01-12,29.210659898477157,Hồ Chí Minh,GALAXY DIGITAL HOLDINGS
4266,GAME PROGRAMMING GAME DEVELOPERS,2026-01-12,42.932460732984296,Hà Nội,Koei Tecmo Software Vietnam
4267,Business Strategy Specialist,2026-01-12,42.932460732984296,Hà Nội,Viettel CHT
4268,Head of Technical Department of Vinh Phuc Branch,2026-01-12,11.0,Vĩnh Phúc,CÔNG TY PHÁT TRIỂN VIỄN THÔNG VÀ TRUYỀN HÌNH VIỆT NAM
4269,INFORMATION TECHNOLOGY BUSINESS ANALYSIS,2026-01-12,42.932460732984296,Hà Nội,Công Ty Quản Lý Nợ Và Khai Thác Tài Sản Ngân Hàng TMCP Quân Đội
4270,ERP programmerNext,2026-01-12,29.210659898477157,Hồ Chí Minh,CÔNG TY BMP GROUP
4271,IT STAFF,2026-01-12,37.18351822503962,Bến Tre,Công ty Đầu tư Dừa Bến Tre
4272,Developer,2026-01-12,29.210659898477157,Hồ Chí Minh,Y TẾ VIỆT TIẾN
4273,Senior Devops,2026-01-12,42.932460732984296,Hà Nội,Ngân Hàng TMCP Sài Gòn Hà Nội ( SHB )
4274,Information Technology Specialist,2026-01-12,28.0,Bà Rịa - Vũng Tàu,PTSC Offshore Services (POS)
4275,Senior System Engineer,2026-01-12,42.932460732984296,Hà Nội,Viettel CHT
4276,Senior IT Security Officer,2026-01-10,42.932460732984296,Hà Nội,LOTTE FINANCE VIETNAM
4278,Odoo programmer,2026-01-10,30.0,Hà Nội,Công ty Devyt
4279,Product Owner,2026-01-10,25.0,Hà Nội,Công ty Công nghệ giáo dục Trường học trực tuyến (ONSCHOOL)
4280,Head of Technology Solution & Quality Assurance,2026-01-10,42.932460732984296,Hà Nội,LOTTE FINANCE VIETNAM
4281,Magento programming expert,2026-01-10,40.0,Hà Nội,Công ty IntelLife
4282,Vision Engineer,2026-01-10,30.0,Hà Nội,CÔNG TY CÔNG NGHIỆP WELDCOM
4283,IT HELPDESK,2026-01-10,29.210659898477157,Hồ Chí Minh,Y TẾ VIỆT TIẾN
4284,.NET Programmer,2026-01-10,15.0,Đồng Nai,Công Ty Liên Kết Quốc Tế INTERLINK (Trường Liên Kết Quốc Tế INschool & Ngoại Ngữ Quốc Tế INS ENGLISH)
4285,LMS System Data Control Specialist,2026-01-10,15.0,Hà Nội,Công ty Công nghệ giáo dục Trường học trực tuyến (ONSCHOOL)
4286,Software IT Specialist,2026-01-10,22.0,Hà Nội,Vạn Niên
4287,Business Strategy Specialist,2026-01-10,42.932460732984296,Hà Nội,Viettel CHT
4288,Senior AI Engineer,2026-01-09,40.0,Hà Nội,CÔNG TY CÔNG NGHỆ PREP
4289,Network Maintenance Officer,2026-01-09,12.0,Hồ Chí Minh,KHÔNG GIAN A&A
4290,Business Analyst,2026-01-09,18.0,Hà Nội,Công ty IntelLife
4291,Product Director,2026-01-09,80.0,Hà Nội,Công ty Tập đoàn Meey Land
4292,Business Analyst Business Analyst,2026-01-09,25.0,Hà Nội,Công ty Cố phần giải pháp công nghệ ITE
4293,Product Owner,2026-01-09,40.0,Hà Nội,Công ty Cố phần giải pháp công nghệ ITE
4294,Manual Tester,2026-01-09,20.0,Hà Nội,Công ty Công nghệ giáo dục Trường học trực tuyến (ONSCHOOL)
4295,Business Intern,2026-01-09,5.0,Hồ Chí Minh,Công ty Đầu Tư TM và Phát Triển Công Nghệ FSI
4296,IT Helpdesk staff,2026-01-09,12.75,Hồ Chí Minh,CÔNG TY GREMSY
4297,– Operational System Administration,2026-01-09,18.0,Hà Nội,Công ty IntelLife
4298,IT Helpdesk,2026-01-09,11.0,Cà Mau,CÔNG TY I GROUP
